0,008;-0,19;0,03;-0,11
0,017;-0,31;-0,05;-0,26
0,029;-0,29;-0,08;-0,28
0,037;-0,18;-0,05;-0,12
0,049;-0,06;0,02;0,17
0,057;0,08;0,06;0,52
0,071;0,16;0,09;0,79
0,078;0,17;0,10;0,95
0,090;0,18;0,13;0,91
0,112;0,14;0,16;0,66
0,115;0,02;0,12;0,36
0,124;-0,08;0,09;0,08
0,129;-0,13;0,06;-0,16
0,138;-0,18;0,08;-0,26
0,150;-0,23;0,04;-0,21
0,158;-0,22;0,03;-0,12
0,169;-0,22;-0,00;0,04
0,178;-0,21;0,01;0,14
0,200;-0,15;0,00;0,25
0,202;-0,13;-0,03;0,32
0,226;-0,13;-0,05;0,36
0,228;-0,16;-0,08;0,26
0,237;-0,21;-0,08;0,15
0,238;-0,20;-0,06;0,01
0,251;-0,16;-0,01;-0,01
0,267;-0,14;-0,05;-0,05
0,269;-0,10;-0,05;0,03
0,285;0,01;-0,04;0,15
0,300;0,10;-0,01;0,39
0,302;0,24;0,04;0,61
0,324;0,28;0,10;0,67
0,326;0,31;0,17;0,54
0,334;0,28;0,19;0,41
0,351;0,30;0,19;0,24
0,353;0,31;0,23;0,20
0,358;0,25;0,19;0,28
0,369;0,16;0,13;0,37
0,378;0,10;0,06;0,42
0,402;0,05;0,04;0,39
0,404;0,03;0,04;0,34
0,409;0,04;0,03;0,33
0,425;0,04;0,03;0,25
0,429;0,05;0,04;0,24
0,438;0,03;0,03;0,23
0,449;-0,02;-0,02;0,25
0,458;-0,03;-0,01;0,22
0,489;-0,04;0,04;0,24
0,493;0,02;0,06;0,24
0,495;-0,00;0,11;0,26
0,498;-0,00;0,11;0,26
0,500;0,03;0,12;0,13
0,509;0,02;0,13;-0,09
0,521;-0,08;0,10;-0,14
0,530;-0,09;0,10;-0,09
0,539;-0,06;0,02;0,07
0,550;-0,07;-0,05;0,23
0,572;-0,06;-0,09;0,38
0,575;0,03;-0,09;0,52
0,580;0,08;-0,06;0,66
0,590;0,05;-0,06;0,60
0,599;-0,02;-0,02;0,38
0,613;-0,05;0,07;0,11
0,643;-0,09;0,12;-0,05
0,645;-0,07;0,10;-0,04
0,646;-0,05;0,12;0,04
0,651;-0,05;0,08;0,17
0,659;-0,02;0,05;0,28
0,687;-0,03;-0,02;0,43
0,690;-0,04;-0,08;0,50
0,694;-0,06;-0,08;0,43
0,695;-0,06;-0,08;0,43
0,698;-0,08;-0,06;0,37
0,710;-0,05;0,00;0,26
0,719;0,03;0,11;0,08
0,729;0,07;0,19;-0,10
0,740;0,11;0,20;-0,19
0,750;0,15;0,16;-0,10
0,759;0,04;0,11;0,10
0,779;-0,07;0,01;0,31
0,782;-0,11;-0,06;0,48
0,812;-0,12;-0,10;0,54
0,815;-0,04;-0,06;0,47
0,817;0,01;0,01;0,35
0,819;0,03;0,11;0,14
0,829;0,02;0,14;0,02
0,841;0,03;0,17;-0,09
0,849;0,04;0,10;-0,12
0,859;-0,09;0,01;0,02
0,870;-0,11;-0,03;0,19
0,885;-0,04;-0,05;0,29
0,891;-0,04;-0,03;0,33
0,899;0,03;0,02;0,32
0,920;0,01;0,04;0,33
0,924;0,03;0,02;0,17
0,930;-0,02;0,02;0,07
0,940;-0,08;-0,03;0,11
0,950;-0,01;-0,01;0,20
0,959;-0,07;-0,03;0,33
0,970;-0,13;-0,04;0,42
0,981;-0,10;-0,00;0,30
0,990;-0,05;0,01;0,16
0,999;-0,03;0,01;0,07
1,017;0,09;0,04;0,14
1,020;0,22;0,08;0,30
1,029;0,23;0,10;0,45
1,041;0,26;0,14;0,53
1,049;0,24;0,18;0,42
1,060;0,21;0,22;0,22
1,070;0,18;0,28;0,02
1,082;0,13;0,34;-0,12
1,113;0,14;0,36;-0,21
1,116;0,11;0,32;-0,17
1,118;0,01;0,20;-0,10
1,121;-0,06;0,07;0,05
1,129;-0,11;-0,02;0,22
1,139;-0,15;-0,09;0,36
1,149;-0,16;-0,13;0,37
1,159;-0,17;-0,15;0,32
1,169;-0,17;-0,13;0,29
1,180;-0,17;-0,13;0,27
1,206;-0,16;-0,11;0,31
1,209;-0,14;-0,07;0,33
1,210;-0,13;-0,02;0,32
1,218;-0,12;0,02;0,27
1,229;-0,13;0,05;0,19
1,239;-0,12;0,03;0,15
1,250;-0,12;0,03;0,11
1,259;-0,12;0,04;0,12
1,270;-0,11;0,03;0,11
1,282;-0,11;0,04;0,07
1,322;-0,12;0,03;0,14
1,325;-0,12;0,03;0,14
1,326;-0,09;0,01;0,16
1,327;0,00;0,03;0,25
1,329;0,06;0,08;0,40
1,330;0,09;0,10;0,43
1,338;0,10;0,10;0,43
1,349;0,08;0,04;0,38
1,359;0,05;0,01;0,34
1,369;0,06;0,04;0,22
1,379;0,13;0,09;0,10
1,390;0,13;0,11;0,02
1,401;0,12;0,12;0,02
1,442;0,12;0,14;0,09
1,444;0,13;0,11;0,29
1,446;0,16;0,07;0,36
1,447;0,14;0,10;0,44
1,449;0,07;0,07;0,48
1,463;0,06;0,07;0,48
1,470;-0,03;0,04;0,26
1,480;-0,12;0,05;0,06
1,490;-0,14;0,03;-0,06
1,502;-0,14;0,04;0,02
1,534;-0,05;0,03;0,16
1,536;-0,05;0,03;0,16
1,537;0,04;0,01;0,28
1,538;0,05;-0,04;0,38
1,540;0,05;-0,05;0,53
1,549;0,06;-0,06;0,56
1,560;0,03;-0,02;0,51
1,569;0,00;0,06;0,30
1,578;-0,00;0,11;0,01
1,589;0,03;0,11;-0,17
1,599;0,04;0,12;-0,23
1,622;0,07;0,10;-0,08
1,625;0,11;0,09;0,14
1,631;0,14;0,05;0,38
1,638;0,12;0,07;0,55
1,650;0,07;0,06;0,65
1,658;0,07;0,06;0,56
1,669;0,04;0,07;0,37
1,686;0,01;0,05;0,16
1,690;0,01;0,10;-0,01
1,726;0,04;0,13;-0,12
1,729;0,04;0,12;-0,09
1,732;0,07;0,14;0,05
1,734;0,04;0,09;0,15
1,738;0,02;0,05;0,21
1,750;-0,00;-0,01;0,29
1,758;-0,01;-0,01;0,32
1,769;-0,01;0,02;0,40
1,784;0,00;0,02;0,40
1,789;-0,04;0,04;0,29
1,811;-0,09;0,04;0,17
1,814;-0,09;0,06;0,07
1,818;-0,06;0,01;0,07
1,830;-0,07;-0,01;0,21
1,838;-0,04;0,01;0,28
1,849;-0,03;0,01;0,32
1,859;-0,01;0,02;0,33
1,869;0,02;0,03;0,34
1,886;0,04;0,07;0,30
1,890;-0,01;0,09;0,27
1,916;-0,02;0,09;0,17
1,918;-0,04;0,08;0,11
1,919;-0,09;0,06;0,10
1,929;-0,09;0,06;0,15
1,947;-0,05;0,05;0,26
1,950;-0,05;0,04;0,39
1,964;-0,03;0,02;0,38
1,975;-0,02;0,04;0,32
1,985;-0,06;0,05;0,20
1,990;-0,10;0,08;0,12
2,011;-0,11;0,06;0,01
2,013;-0,21;0,04;-0,09
2,032;-0,19;0,01;-0,09
2,033;-0,11;0,03;-0,00
2,048;0,00;0,06;0,11
2,049;0,04;0,07;0,20
2,064;0,05;0,06;0,27
2,081;0,07;0,05;0,27
2,082;0,05;0,04;0,27
2,102;-0,01;-0,00;0,23
2,104;0,00;0,03;0,21
2,119;0,07;0,06;0,21
2,120;0,11;0,08;0,27
2,130;0,13;0,07;0,27
2,138;0,12;0,04;0,28
2,150;0,08;0,03;0,25
2,158;0,01;0,03;0,19
2,170;0,07;0,02;0,14
2,182;0,08;0,06;0,16
2,194;0,09;0,07;0,34
2,231;0,08;0,07;0,41
2,234;0,04;0,01;0,44
2,238;-0,02;-0,01;0,42
2,240;-0,07;-0,03;0,46
2,242;-0,08;-0,06;0,35
2,250;-0,06;0,01;0,18
2,259;-0,10;0,07;0,01
2,270;-0,04;0,14;-0,10
2,279;0,03;0,17;-0,14
2,290;0,04;0,18;-0,01
2,334;0,00;0,13;0,12
2,336;-0,00;0,06;0,28
2,338;-0,01;-0,00;0,38
2,340;0,02;0,00;0,45
2,341;0,10;0,01;0,41
2,350;0,09;0,01;0,41
2,358;0,09;-0,01;0,19
2,370;0,02;0,00;0,10
2,378;-0,00;-0,02;0,07
2,390;0,04;0,01;0,13
2,424;0,10;0,05;0,22
2,427;0,14;0,09;0,25
2,430;0,17;0,14;0,29
2,432;0,20;0,17;0,27
2,439;0,13;0,18;0,23
2,452;0,10;0,22;0,14
2,458;-0,00;0,17;0,03
2,470;-0,14;0,08;-0,19
2,478;-0,20;-0,01;-0,25
2,490;-0,30;-0,13;-0,29
2,499;-0,42;-0,17;-0,23
2,521;-0,38;-0,15;-0,10
2,524;-0,24;-0,11;0,01
2,529;-0,13;-0,06;0,16
2,538;-0,06;0,01;0,26
2,551;-0,03;0,01;0,40
2,558;-0,02;0,01;0,43
2,570;-0,05;-0,01;0,47
2,578;-0,05;-0,01;0,38
2,591;-0,10;0,00;0,29
2,599;-0,08;0,03;0,31
2,625;-0,04;0,04;0,34
2,628;-0,03;0,03;0,41
2,630;-0,02;0,02;0,44
2,638;-0,01;0,03;0,41
2,652;-0,00;0,04;0,35
2,658;0,04;0,07;0,33
2,669;0,08;0,09;0,32
2,678;0,13;0,10;0,44
2,692;0,12;0,08;0,46
2,698;0,08;0,09;0,48
2,724;0,03;0,06;0,42
2,726;0,01;0,03;0,30
2,730;-0,01;0,05;0,30
2,738;0,01;0,07;0,28
2,749;0,03;0,11;0,15
2,758;0,06;0,14;0,04
2,773;0,03;0,12;-0,00
2,779;0,03;0,08;0,09
2,791;0,06;0,04;0,18
2,798;0,02;0,03;0,32
2,812;-0,00;0,01;0,43
2,848;0,05;0,05;0,40
2,850;0,09;0,14;0,23
2,852;0,09;0,19;0,10
2,853;0,11;0,16;-0,04
2,858;0,13;0,12;0,01
2,871;0,05;0,03;0,09
2,878;-0,05;-0,00;0,21
2,889;-0,02;-0,05;0,35
2,898;-0,02;-0,09;0,42
2,912;-0,09;-0,15;0,34
2,919;-0,16;-0,15;0,30
2,949;-0,23;-0,12;0,16
2,953;-0,26;-0,12;0,10
2,957;-0,29;-0,12;0,09
2,959;-0,26;-0,09;0,13
2,972;-0,19;-0,06;0,17
2,979;-0,11;-0,02;0,30
2,996;-0,04;-0,04;0,34
3,001;0,02;-0,08;0,38
3,009;-0,04;-0,09;0,43
3,018;-0,04;-0,04;0,38
3,029;-0,03;0,01;0,23
3,038;0,05;0,12;0,03
3,050;0,15;0,22;-0,12
3,058;0,22;0,28;-0,19
3,072;0,21;0,27;-0,18
3,079;0,30;0,30;-0,02
3,097;0,28;0,28;-0,02
3,132;0,25;0,16;0,50
3,136;0,25;0,16;0,50
3,140;0,22;0,15;0,50
3,142;0,20;0,06;0,42
3,143;0,08;0,01;0,28
3,145;0,04;-0,01;0,10
3,152;0,06;0,00;-0,03
3,159;0,01;0,00;0,01
3,170;-0,02;0,02;0,11
3,178;0,05;0,02;0,26
3,195;0,03;0,01;0,32
3,199;-0,07;-0,03;0,32
3,223;-0,14;-0,03;0,26
3,225;-0,16;-0,06;0,19
3,229;-0,18;-0,06;0,12
3,240;-0,17;-0,06;0,12
3,249;-0,20;-0,07;0,15
3,262;-0,18;-0,08;0,15
3,271;-0,16;-0,05;0,16
3,279;-0,10;-0,01;0,17
3,301;0,01;0,03;0,29
3,307;0,08;0,05;0,33
3,314;0,05;0,07;0,34
3,316;0,05;0,07;0,34
3,319;0,01;0,07;0,32
3,349;-0,01;0,05;0,23
3,352;0,01;0,04;0,23
3,353;0,05;0,05;0,25
3,359;0,04;0,04;0,21
3,369;0,03;0,05;0,22
3,378;0,04;0,07;0,24
3,401;0,06;0,07;0,24
3,404;0,13;0,12;0,21
3,429;0,15;0,20;0,19
3,432;0,18;0,21;0,16
3,433;0,22;0,18;0,07
3,439;0,12;0,09;0,16
3,450;-0,01;-0,03;0,44
3,460;-0,02;-0,08;0,50
3,469;-0,02;-0,09;0,54
3,478;-0,06;-0,10;0,42
3,490;-0,12;-0,09;0,33
3,501;-0,05;-0,05;0,21
3,538;-0,06;-0,03;0,14
3,540;-0,04;-0,02;0,19
3,541;-0,05;0,03;0,29
3,543;-0,10;0,01;0,27
3,549;-0,14;-0,01;0,19
3,558;-0,13;-0,03;0,22
3,569;-0,12;-0,01;0,12
3,578;-0,10;-0,01;0,10
3,590;-0,03;0,03;0,11
3,604;-0,01;0,05;0,16
3,609;-0,04;0,05;0,18
3,619;-0,04;0,05;0,13
3,643;-0,04;0,04;0,11
3,646;-0,04;0,04;0,11
3,650;0,02;0,07;0,20
3,660;0,02;0,07;0,20
3,669;0,14;0,14;0,27
3,681;0,12;0,10;0,43
3,690;0,07;0,04;0,45
3,699;-0,07;0,00;0,29
3,720;-0,10;0,04;0,12
3,723;-0,05;0,12;0,11
3,761;0,05;0,17;0,11
3,764;0,09;0,14;0,08
3,765;0,08;0,12;0,05
3,766;-0,01;0,07;0,17
3,769;-0,06;0,01;0,44
3,778;-0,03;-0,02;0,57
3,789;-0,04;-0,04;0,42
3,804;-0,09;-0,04;0,30
3,825;0,02;0,00;0,37
3,828;0,05;-0,01;0,40
3,830;0,01;-0,02;0,39
3,838;-0,02;0,01;0,28
3,849;-0,03;0,03;0,27
3,858;0,02;0,06;0,30
3,869;0,01;0,08;0,22
3,883;-0,02;0,11;0,13
3,890;-0,06;0,12;0,05
3,924;-0,03;0,14;0,04
3,927;-0,04;0,11;0,03
3,930;-0,03;0,12;0,05
3,932;-0,03;0,11;0,06
3,938;-0,04;0,01;0,17
3,950;-0,04;-0,02;0,13
3,959;-0,05;-0,04;0,18
3,969;-0,03;-0,02;0,21
3,984;0,03;0,02;0,30
3,990;0,15;0,06;0,47
4,022;0,13;0,07;0,41
4,024;0,07;0,04;0,31
4,025;0,01;0,03;0,28
4,031;0,03;0,03;0,37
4,038;0,08;0,02;0,40
4,049;0,07;0,04;0,34
4,059;-0,01;0,08;0,21
4,070;0,01;0,11;0,07
4,088;0,13;0,13;0,05
4,098;0,14;0,15;0,14
4,100;0,14;0,15;0,14
4,103;0,11;0,16;0,26
4,130;0,07;0,12;0,35
4,132;0,03;0,08;0,38
4,134;0,02;0,07;0,39
4,138;-0,04;0,04;0,25
4,149;-0,10;-0,02;0,16
4,158;-0,16;-0,08;0,14
4,169;-0,01;0,02;0,72
4,186;0,04;0,04;0,91
4,190;0,23;0,15;1,09
4,219;0,22;0,11;0,82
4,221;-0,03;0,09;0,50
4,222;-0,17;0,06;0,25
4,232;-0,16;0,02;0,38
4,238;-0,10;0,16;-0,17
4,252;-0,23;0,11;-0,45
4,256;-0,23;0,11;-0,45
4,260;-0,32;0,07;-0,59
4,269;-0,27;0,06;-0,54
4,282;-0,14;0,06;-0,46
4,294;-0,09;0,12;-0,26
4,299;-0,07;0,12;-0,05
4,310;-0,01;0,08;0,07
4,334;0,01;0,04;0,27
4,337;0,02;-0,02;0,54
4,339;0,07;-0,02;0,69
4,350;0,23;-0,01;0,92
4,359;0,20;-0,03;0,84
4,369;0,09;-0,00;0,55
4,379;-0,06;-0,04;0,20
4,389;-0,21;-0,04;-0,12
4,423;-0,14;0,05;-0,17
4,425;-0,13;0,07;-0,23
4,427;-0,19;0,04;-0,23
4,430;-0,17;0,03;-0,19
4,438;-0,07;0,09;-0,09
4,449;0,06;0,13;0,17
4,458;0,13;0,11;0,38
4,469;0,15;0,10;0,41
4,478;0,09;0,09;0,35
4,491;0,00;0,05;0,24
4,535;-0,04;-0,01;0,10
4,538;-0,08;-0,04;0,05
4,540;-0,10;-0,03;0,02
4,541;0,02;-0,01;0,00
4,543;0,04;0,02;0,07
4,549;0,04;0,02;0,21
4,558;0,04;0,02;0,22
4,569;0,07;0,01;0,20
4,578;0,10;0,03;0,34
4,593;0,16;0,05;0,47
4,595;0,16;0,05;0,47
4,616;0,21;0,06;0,54
4,618;0,13;0,04;0,40
4,619;0,05;0,04;0,33
4,629;0,03;0,02;0,25
4,638;0,04;0,07;0,21
4,653;0,11;0,15;0,23
4,659;0,14;0,21;0,17
4,670;0,13;0,18;0,02
4,679;0,04;0,14;-0,10
4,693;-0,05;0,13;-0,06
4,699;0,00;0,12;0,07
4,739;0,02;0,08;0,37
4,742;-0,01;0,05;0,44
4,745;-0,08;-0,05;0,52
4,746;-0,15;-0,12;0,51
4,750;-0,20;-0,11;0,45
4,759;-0,20;-0,11;0,32
4,770;-0,12;-0,03;0,36
4,778;0,01;0,03;0,28
4,796;0,01;0,06;0,19
4,801;-0,06;0,05;0,13
4,846;-0,12;0,04;0,17
4,850;-0,13;0,02;0,19
4,853;-0,11;0,02;0,16
4,855;-0,14;0,05;0,12
4,857;-0,09;0,04;0,17
4,858;-0,02;0,09;0,19
4,869;0,04;0,04;0,18
4,879;0,08;0,03;0,25
4,891;0,10;0,05;0,58
4,898;0,12;0,05;0,69
4,933;0,16;0,05;0,78
4,941;0,19;0,07;0,59
4,943;0,23;0,07;0,48
4,944;0,06;0,14;0,31
4,949;-0,20;0,15;0,07
4,958;-0,10;0,06;-0,25
4,969;-0,03;0,05;-0,30
4,978;-0,07;0,10;-0,30
4,990;-0,09;0,13;-0,22
4,999;-0,04;0,10;-0,05
5,018;0,04;0,08;0,21
5,020;0,14;0,05;0,40
5,029;0,13;0,06;0,53
5,039;0,10;0,07;0,47
5,050;0,08;0,05;0,35
5,059;0,06;0,06;0,21
5,072;-0,03;0,07;0,15
5,079;-0,04;0,04;0,09
5,090;-0,05;-0,01;0,04
5,099;-0,08;-0,05;0,06
5,112;-0,09;-0,12;0,17
5,119;-0,06;-0,06;0,30
5,151;0,06;0,03;0,43
5,153;0,18;0,14;0,45
5,154;0,20;0,21;0,41
5,158;0,13;0,23;0,36
5,170;0,01;0,13;0,24
5,178;-0,11;0,01;0,09
5,190;-0,17;-0,03;0,05
5,198;-0,18;-0,06;0,09
5,210;-0,14;-0,04;0,29
5,218;-0,12;-0,03;0,41
5,247;-0,13;-0,06;0,42
5,250;-0,13;-0,03;0,38
5,251;-0,02;0,04;0,22
5,258;0,00;0,06;0,16
5,272;0,06;0,13;0,10
5,278;0,05;0,14;-0,00
5,289;0,05;0,11;-0,00
5,298;0,03;0,06;0,05
5,312;-0,04;0,01;0,17
5,318;-0,04;-0,05;0,22
5,347;-0,01;-0,05;0,21
5,349;0,05;-0,01;0,21
5,350;0,13;0,06;0,25
5,358;0,19;0,09;0,32
5,370;0,21;0,12;0,39
5,378;0,15;0,12;0,28
5,394;0,03;0,09;0,22
5,398;-0,03;0,05;0,23
5,423;-0,04;0,02;0,19
5,425;0,06;0,02;0,18
5,429;0,14;0,09;0,32
5,439;0,15;0,10;0,33
5,450;0,14;0,14;0,15
5,459;0,03;0,12;0,01
5,470;-0,14;0,04;-0,12
5,480;-0,20;-0,02;-0,02
5,497;-0,19;-0,04;0,16
5,500;-0,14;-0,07;0,33
5,545;-0,07;-0,07;0,41
5,548;0,09;0,00;0,51
5,551;0,15;0,03;0,55
5,553;0,17;0,06;0,40
5,555;0,13;0,12;0,21
5,560;0,11;0,18;0,05
5,570;0,11;0,22;0,09
5,579;0,12;0,17;0,22
5,600;0,01;0,11;0,25
5,604;-0,18;0,03;0,21
5,652;-0,27;0,03;-0,06
5,654;-0,21;0,07;-0,12
5,656;-0,04;0,11;-0,23
5,658;0,04;0,16;-0,26
5,660;0,05;0,11;-0,09
5,661;0,01;0,03;0,26
5,669;-0,07;-0,05;0,52
5,680;-0,13;-0,15;0,63
5,698;-0,19;-0,20;0,64
5,704;-0,14;-0,14;0,69
5,706;-0,14;-0,14;0,69
5,735;-0,04;-0,06;0,49
5,737;-0,02;-0,01;0,27
5,739;-0,04;0,05;0,00
5,740;-0,10;0,04;-0,02
5,749;-0,14;-0,02;0,14
5,759;-0,13;-0,04;0,37
5,769;-0,02;0,01;0,65
5,779;0,10;0,04;0,87
5,801;0,17;0,03;0,71
5,804;0,12;0,03;0,59
5,838;-0,02;0,03;0,28
5,841;-0,12;0,02;0,02
5,842;-0,08;0,06;-0,07
5,843;-0,07;0,08;-0,10
5,850;-0,08;0,05;-0,02
5,859;-0,11;0,01;0,09
5,869;-0,11;-0,02;0,18
5,879;-0,02;0,09;0,23
5,889;-0,01;0,08;0,20
5,898;0,04;0,07;0,20
5,914;0,11;0,10;0,19
5,916;0,11;0,10;0,19
5,919;0,14;0,09;0,32
5,931;0,10;0,06;0,42
5,941;0,04;0,04;0,53
5,950;0,07;0,02;0,46
5,961;0,06;-0,03;0,37
5,969;0,11;0,01;0,20
5,979;0,15;0,02;0,14
5,989;0,23;0,12;-0,02
5,999;0,20;0,19;0,03
6,028;0,24;0,27;0,05
6,029;0,27;0,26;0,01
6,029;0,23;0,27;-0,02
6,038;0,18;0,27;-0,09
6,049;0,13;0,26;-0,01
6,058;0,12;0,24;-0,01
6,070;0,04;0,18;0,09
6,080;-0,04;0,10;0,15
6,089;-0,11;0,05;0,27
6,099;-0,17;-0,01;0,29
6,120;-0,26;-0,06;0,23
6,123;-0,32;-0,05;0,05
6,158;-0,35;-0,04;-0,20
6,160;-0,34;-0,07;-0,12
6,162;-0,27;-0,11;0,14
6,164;-0,18;-0,10;0,28
6,169;-0,07;-0,09;0,53
6,179;0,01;-0,08;0,67
6,189;-0,00;-0,09;0,71
6,198;0,01;-0,09;0,58
6,211;0,01;-0,05;0,45
6,222;-0,03;-0,01;0,33
6,252;-0,11;0,03;0,18
6,256;-0,14;0,00;0,05
6,259;-0,15;0,05;0,06
6,264;-0,09;0,10;0,07
6,269;-0,02;0,14;0,11
6,282;0,17;0,15;0,19
6,290;0,11;0,21;0,32
6,303;0,16;0,18;0,54
6,309;0,24;0,15;0,69
6,336;0,26;0,14;0,69
6,339;0,15;0,11;0,26
6,340;0,11;0,08;0,13
6,349;0,05;0,08;-0,10
6,358;-0,01;0,09;-0,21
6,369;-0,02;0,08;-0,25
6,380;-0,08;0,08;-0,20
6,390;-0,06;0,07;-0,12
6,399;0,04;0,13;-0,01
6,410;0,08;0,10;0,18
6,426;0,08;0,09;0,28
6,431;0,05;0,05;0,31
6,439;0,02;0,03;0,43
6,472;-0,00;0,04;0,39
6,474;-0,00;0,00;0,28
6,475;-0,06;-0,01;0,18
6,478;-0,17;-0,03;0,07
6,489;-0,16;-0,05;0,02
6,510;-0,14;-0,01;-0,08
6,512;-0,07;0,03;0,07
6,533;-0,01;0,04;0,22
6,535;0,15;0,13;0,33
6,538;0,14;0,12;0,33
6,549;0,07;0,07;0,36
6,558;-0,06;0,02;0,35
6,569;-0,08;0,01;0,31
6,578;-0,08;0,01;0,23
6,589;-0,06;0,05;0,19
6,605;-0,02;0,10;0,22
6,609;0,04;0,14;0,13
6,638;0,05;0,15;-0,03
6,640;0,01;0,12;-0,13
6,642;0,01;0,12;-0,17
6,649;0,00;0,08;0,04
6,658;-0,04;0,01;0,32
6,669;-0,08;-0,06;0,51
6,678;-0,04;-0,06;0,56
6,690;0,02;-0,04;0,49
6,716;0,12;0,06;0,54
6,758;0,26;0,16;0,69
6,760;0,26;0,16;0,69
6,761;0,26;0,16;0,69
6,762;0,05;0,12;-0,03
6,764;-0,08;0,05;-0,18
6,765;-0,08;0,00;-0,20
6,769;-0,06;-0,01;-0,03
6,778;-0,02;0,02;0,21
6,789;0,12;0,10;0,37
6,806;0,31;0,21;0,49
6,810;0,40;0,34;0,42
6,851;0,36;0,43;0,28
6,853;0,21;0,37;0,12
6,854;0,01;0,25;0,03
6,855;-0,22;0,11;-0,02
6,858;-0,38;-0,04;0,04
6,870;-0,38;-0,12;0,05
6,878;-0,37;-0,15;0,11
6,889;-0,32;-0,16;0,21
6,908;-0,20;-0,14;0,43
6,911;-0,10;-0,14;0,75
6,950;-0,08;-0,14;0,81
6,952;-0,08;-0,12;0,76
6,954;-0,11;-0,08;0,57
6,955;-0,12;-0,03;0,33
6,958;-0,10;0,03;0,10
6,969;-0,06;0,08;-0,02
6,978;0,04;0,15;-0,04
6,989;0,14;0,28;0,04
7,000;0,20;0,33;0,13
7,012;0,22;0,35;0,18
7,055;0,27;0,31;0,16
7,057;0,27;0,31;0,16
7,058;0,27;0,31;0,16
7,059;0,34;0,31;0,13
7,060;0,28;0,30;0,39
7,062;0,28;0,26;0,47
7,069;0,16;0,17;0,43
7,078;0,09;0,10;0,26
7,089;0,01;0,12;0,00
7,098;-0,07;0,14;-0,16
7,109;-0,09;0,17;-0,26
7,142;-0,04;0,26;-0,17
7,144;-0,02;0,27;-0,14
7,145;-0,10;0,22;-0,13
7,149;-0,18;0,10;-0,02
7,158;-0,20;-0,01;0,09
7,170;-0,17;-0,09;0,29
7,178;-0,15;-0,12;0,44
7,190;-0,09;-0,12;0,52
7,199;-0,06;-0,17;0,49
7,213;-0,00;-0,16;0,30
7,253;0,06;-0,10;0,08
7,255;0,27;0,02;-0,09
7,256;0,47;0,14;-0,19
7,258;0,51;0,17;-0,13
7,260;0,44;0,10;-0,09
7,270;0,26;-0,01;-0,08
7,278;-0,02;-0,10;-0,02
7,289;-0,19;-0,12;0,02
7,298;-0,28;-0,02;-0,03
7,310;-0,24;0,17;-0,28
7,340;-0,08;0,33;-0,57
7,342;0,02;0,41;-0,61
7,344;0,01;0,41;-0,34
7,350;-0,10;0,29;-0,06
7,359;0,22;0,34;0,29
7,372;0,14;0,38;0,58
7,378;-0,10;0,28;0,63
7,390;-0,09;0,29;0,72
7,399;0,11;0,31;0,98
7,414;0,37;0,12;1,12
7,419;0,30;-0,11;1,14
7,454;-0,06;-0,22;1,21
7,456;-0,43;-0,20;1,29
7,457;-0,63;0,03;1,07
7,459;-0,64;0,60;-0,35
7,469;-0,48;0,74;-0,99
7,478;-0,08;0,94;-2,15
7,489;0,02;0,81;-2,51
7,499;-0,24;0,59;-2,17
7,516;-0,84;0,24;-1,13
7,520;-1,05;0,05;-0,05
7,571;-0,82;0,06;0,67
7,573;-0,46;0,17;0,87
7,574;-0,03;0,34;0,56
7,575;0,36;0,46;-0,03
7,576;0,58;0,41;-0,62
7,579;0,52;0,24;-0,85
7,590;0,29;0,01;-0,74
7,598;0,09;-0,21;-0,39
7,616;-0,05;-0,41;0,04
7,618;-0,09;-0,49;0,24
7,646;0,01;-0,36;0,19
7,648;0,11;-0,24;0,03
7,649;0,35;0,00;-0,14
7,658;0,56;0,19;-0,11
7,670;0,53;0,21;0,03
7,679;0,39;0,18;0,28
7,692;0,20;0,08;0,51
7,699;-0,07;-0,10;0,60
7,717;-0,34;-0,21;0,45
7,772;-0,46;-0,27;0,16
7,774;-0,48;-0,26;-0,21
7,776;-0,48;-0,24;-0,33
7,777;-0,54;-0,17;-0,41
7,778;-0,50;-0,04;-0,40
7,780;-0,39;0,15;-0,43
7,781;-0,26;0,29;-0,33
7,790;-0,17;0,38;-0,06
7,798;0,02;0,44;0,14
7,810;0,23;0,46;0,33
7,818;0,39;0,41;0,64
7,842;0,61;0,43;1,17
7,845;0,71;0,30;1,76
7,850;0,79;0,20;2,16
7,870;0,66;0,04;2,34
7,874;0,38;-0,13;2,49
7,878;0,34;-0,24;2,57
7,893;0,35;-0,17;2,64
7,898;0,38;-0,10;2,61
7,910;0,40;0,06;2,74
7,918;0,45;0,10;2,95
7,934;0,53;0,16;3,44
7,938;0,53;0,05;3,36
7,982;0,40;0,12;3,62
7,984;0,08;0,25;3,89
7,985;0,09;0,34;3,45
7,987;-0,00;0,25;2,13
7,990;-0,38;0,26;1,36
7,998;-0,65;0,20;-0,04
8,015;-0,81;-0,03;-1,19
8,018;-0,55;-0,40;-1,68
8,052;-0,81;-0,54;-1,70
8,054;-0,37;-0,70;-1,45
8,055;0,40;-0,88;-0,44
8,061;0,80;-0,83;0,72
8,069;0,72;-0,74;1,32
8,078;0,65;-0,65;1,41
8,090;0,45;-0,58;1,11
8,098;0,33;-0,53;0,84
8,120;0,16;-0,59;0,38
8,124;0,16;-0,59;0,38
8,125;0,11;-0,62;0,11
8,130;-0,04;-0,50;0,05
8,138;-0,18;-0,34;-0,04
8,177;-0,27;-0,17;-0,07
8,179;-0,12;0,01;-0,21
8,180;-0,05;-0,02;-0,28
8,182;0,05;-0,06;-0,53
8,189;-0,07;-0,22;-0,62
8,198;-0,41;-0,28;-0,50
8,221;-0,57;-0,15;-0,62
8,226;-0,68;0,01;-0,86
8,282;-0,64;0,01;-0,86
8,284;-0,65;0,23;-1,42
8,285;-0,45;0,38;-1,80
8,286;-0,12;0,60;-2,00
8,287;0,07;0,72;-2,05
8,289;0,22;0,88;-1,97
8,290;0,19;0,81;-1,87
8,298;0,03;0,81;-1,69
8,322;-0,20;0,68;-1,77
8,324;-0,33;0,63;-1,79
8,352;-0,14;0,70;-1,55
8,353;0,30;0,69;-1,15
8,354;0,61;0,68;-0,78
8,358;0,56;0,60;-0,53
8,369;0,38;0,37;0,00
8,378;0,20;0,19;0,28
8,389;0,05;0,07;0,15
8,400;-0,10;0,06;-0,30
8,422;-0,15;0,18;-0,82
8,425;0,03;0,28;-1,06
8,476;0,30;0,38;-0,85
8,478;0,71;0,53;-0,10
8,480;0,83;0,53;1,06
8,481;0,68;0,44;2,11
8,482;0,35;0,31;2,67
8,484;-0,05;0,09;2,72
8,489;-0,37;-0,00;2,27
8,498;-0,71;-0,01;1,61
8,509;-0,66;0,02;1,01
8,522;-0,28;0,16;0,59
8,566;-0,02;0,25;0,75
8,569;-0,02;0,25;0,75
8,570;0,19;0,26;1,53
8,572;0,43;0,17;2,56
8,573;0,42;0,06;3,31
8,575;0,09;0,15;3,74
8,581;-0,34;0,39;4,04
8,589;-0,28;0,75;3,36
8,599;-0,13;1,23;2,30
8,610;-0,14;1,36;1,13
8,625;0,56;1,30;0,33
8,686;1,51;1,01;0,18
8,688;1,51;1,01;0,18
8,690;1,23;0,14;1,44
8,691;0,11;-1,04;3,47
8,693;-0,77;-1,85;4,59
8,696;-1,63;-1,98;4,66
8,698;-2,24;-1,76;3,21
8,699;-2,02;-1,33;1,03
8,701;-1,17;-0,90;-1,14
8,709;-0,63;-0,31;-2,67
8,731;-0,42;0,07;-3,67
8,733;-0,32;0,30;-3,41
8,738;-0,42;0,19;-1,86
8,770;-0,56;-0,12;-0,27
8,771;-0,58;-0,42;0,57
8,771;-0,40;-0,76;0,70
8,778;-0,32;-1,01;0,32
8,789;-0,36;-1,17;-0,18
8,800;-0,41;-1,28;-0,44
8,809;-0,34;-1,29;-0,32
8,867;-0,10;-1,09;-0,13
8,870;0,24;-0,84;-0,25
8,871;0,49;-0,56;-0,62
8,872;0,63;-0,30;-0,97
8,879;0,66;-0,11;-1,20
8,881;0,66;-0,01;-1,38
8,883;0,62;0,13;-1,60
8,889;0,50;0,27;-1,99
8,908;0,40;0,39;-2,21
8,914;0,40;0,47;-2,32
8,960;0,48;0,50;-2,44
8,962;0,59;0,48;-2,51
8,963;0,59;0,40;-2,52
8,965;0,48;0,32;-2,26
8,966;0,38;0,28;-1,75
8,970;0,27;0,20;-1,19
8,978;0,19;0,24;-0,57
8,989;0,23;0,44;-0,31
9,006;0,38;0,71;-0,49
9,009;0,46;0,98;-0,68
9,061;0,38;0,96;-0,76
9,063;0,32;0,93;-0,71
9,065;0,56;1,01;-0,65
9,066;0,85;1,02;-0,30
9,067;0,88;0,91;0,61
9,072;0,76;0,66;1,60
9,078;0,62;0,41;2,35
9,089;0,43;0,11;2,58
9,099;0,19;-0,12;2,57
9,122;-0,07;-0,33;2,35
9,125;0,04;-0,30;2,41
9,129;0,09;-0,24;2,60
9,178;0,14;0,06;2,81
9,180;0,05;0,58;2,93
9,182;0,05;1,08;2,43
9,183;0,13;1,69;1,42
9,185;0,10;2,02;0,19
9,191;0,43;1,75;-0,91
9,198;0,89;1,16;-1,20
9,209;0,72;-0,05;-0,25
9,224;-0,07;-1,34;1,82
9,229;-0,46;-2,03;3,91
9,291;-0,70;-2,41;5,30
9,293;-0,70;-2,41;5,30
9,294;-0,74;-2,35;5,49
9,295;-0,10;-1,80;4,34
9,296;0,74;-1,08;2,50
9,298;1,24;-0,18;0,80
9,299;1,53;0,45;-0,57
9,301;1,58;0,77;-1,26
9,309;1,45;0,91;-1,25
9,325;0,99;0,73;-1,01
9,331;0,55;0,30;-0,81
9,333;0,55;0,30;-0,81
9,371;0,04;-0,14;-0,70
9,373;-0,42;-0,43;-0,64
9,374;-0,65;-0,62;-0,71
9,375;-0,65;-0,64;-0,76
9,378;-0,64;-0,49;-0,85
9,389;-0,50;-0,28;-0,95
9,398;-0,29;-0,06;-1,09
9,411;-0,11;0,15;-1,15
9,488;-0,05;0,23;-1,13
9,490;-0,05;0,23;-1,13
9,491;-0,02;0,23;-1,00
9,492;-0,28;0,19;-1,17
9,493;-0,53;0,13;-1,34
9,494;-0,71;0,05;-1,33
9,495;-0,77;0,10;-1,41
9,496;-0,85;0,11;-1,47
9,498;-0,97;0,12;-1,59
9,499;-1,03;0,01;-1,63
9,510;-1,03;-0,05;-1,72
9,531;-1,03;-0,01;-1,79
9,534;-0,97;0,09;-1,92
9,578;-0,81;0,27;-2,17
9,579;-0,60;0,37;-2,38
9,581;-0,33;0,40;-2,20
9,582;-0,04;0,35;-1,33
9,583;0,12;0,10;-0,20
9,589;0,10;-0,08;0,76
9,598;-0,06;-0,27;1,23
9,616;-0,16;-0,49;1,38
9,619;-0,08;-0,65;1,43
9,653;0,10;-0,52;1,68
9,654;0,29;-0,30;1,96
9,654;0,74;-0,08;2,19
9,659;1,22;0,13;2,45
9,669;1,42;0,23;2,78
9,678;1,36;0,27;3,26
9,690;1,08;0,50;3,85
9,698;0,30;0,86;3,98
9,717;-0,84;1,53;3,45
9,720;-1,34;2,23;2,15
9,771;-0,11;2,26;0,45
9,773;1,72;1,94;-1,02
9,775;2,74;1,59;-1,22
9,776;2,20;0,78;0,53
9,779;0,63;-0,56;3,69
9,781;-0,73;-1,52;6,14
9,789;-2,00;-2,23;6,63
9,799;-2,33;-2,47;4,61
9,815;-1,61;-1,89;1,30
9,819;-0,83;-0,95;-1,43
9,867;-0,14;0,05;-2,78
9,869;0,48;0,85;-2,73
9,872;0,55;1,01;-1,45
9,873;0,23;0,77;-0,03
9,874;-0,07;0,20;0,78
9,879;-0,63;-0,50;1,02
9,890;-1,26;-1,00;1,04
9,898;-1,52;-1,16;0,80
9,909;-1,24;-0,97;0,29
9,918;-0,86;-0,65;-0,29
9,933;-0,57;-0,36;-1,00
10,010;-0,16;-0,14;-1,72
10,012;0,30;0,07;-2,14
10,013;0,64;0,27;-2,44
10,014;0,81;0,41;-2,34
10,016;0,59;0,34;-1,86
10,017;0,33;0,18;-1,18
10,018;0,08;0,00;-0,91
10,020;0,06;0,02;-1,02
10,021;0,04;0,14;-1,38
10,029;0,20;0,28;-1,77
10,039;0,47;0,39;-2,06
10,053;0,64;0,43;-2,11
10,060;0,57;0,32;-1,64
10,070;0,40;0,11;-0,97
10,123;0,09;-0,12;-0,52
10,125;-0,22;-0,22;-0,58
10,126;-0,33;-0,10;-1,03
10,127;-0,15;0,23;-1,58
10,129;0,26;0,67;-1,83
10,131;0,58;0,95;-1,72
10,138;0,71;1,10;-1,39
10,150;0,78;1,09;-0,82
10,167;0,74;0,99;-0,40
10,171;0,65;0,86;-0,36
10,224;0,28;0,55;0,81
10,226;-0,04;0,20;1,25
10,228;-0,23;-0,10;1,30
10,230;-0,41;-0,39;1,28
10,232;-0,55;-0,64;1,23
10,233;-0,41;-0,63;1,38
10,238;-0,17;-0,67;1,81
10,250;-0,08;-0,67;2,51
10,270;-0,27;-0,34;3,25
10,274;-0,37;0,27;3,47
10,327;-0,11;1,05;2,93
10,329;0,26;1,55;1,77
10,331;1,05;1,43;0,60
10,332;1,48;0,97;-0,16
10,334;1,16;0,05;0,00
10,336;0,03;-1,16;1,48
10,339;-0,73;-1,87;3,36
10,349;-1,24;-2,03;4,33
10,371;-1,13;-1,70;3,92
10,376;-0,20;-0,97;2,21
10,446;0,64;-0,36;0,60
10,448;1,22;0,10;-0,49
10,449;1,53;0,50;-1,00
10,450;1,33;0,49;-0,69
10,451;0,86;0,02;0,42
10,452;0,25;-0,44;1,48
10,453;-0,17;-0,78;2,01
10,455;-0,47;-0,95;1,86
10,458;-0,57;-0,97;1,11
10,469;-0,37;-0,67;0,13
10,483;-0,15;-0,36;-0,43
10,531;-0,28;-0,26;-0,44
10,534;-0,28;-0,26;-0,44
10,535;-0,42;-0,19;-0,09
10,536;-0,55;-0,14;0,04
10,538;-0,62;-0,12;0,15
10,540;-0,79;-0,09;0,05
10,542;-0,65;0,09;-0,29
10,550;-0,28;0,35;-0,94
10,558;0,04;0,66;-1,66
10,573;0,19;0,89;-2,13
10,643;0,28;0,95;-2,36
10,645;0,25;0,85;-2,24
10,646;0,02;0,62;-2,02
10,647;-0,22;0,35;-1,72
10,649;-0,46;0,06;-1,49
10,650;-0,63;-0,11;-1,38
10,651;-0,71;-0,13;-1,43
10,653;-0,75;-0,08;-1,61
10,658;-0,61;0,07;-1,79
10,670;-0,32;0,24;-1,86
10,692;-0,01;0,38;-1,70
10,696;0,25;0,50;-1,44
10,698;0,25;0,50;-1,44
10,699;0,19;0,53;-0,96
10,710;-0,16;0,31;-0,40
10,745;-0,51;0,05;0,15
10,747;-0,62;-0,12;0,67
10,748;-0,32;-0,04;1,44
10,749;0,22;0,24;1,97
10,758;0,52;0,55;1,88
10,769;0,79;0,74;1,28
10,822;1,03;0,83;0,65
10,825;1,16;0,73;0,58
10,827;1,03;0,49;1,29
10,839;0,74;0,12;2,35
10,841;0,42;-0,07;3,29
10,854;-0,54;0,06;3,84
10,856;-1,43;0,40;3,51
10,858;-1,90;0,92;2,36
10,860;-1,30;1,38;0,90
10,870;0,14;1,44;-0,29
10,878;1,06;1,37;-0,82
10,892;1,78;1,00;-0,63
10,899;1,59;0,42;1,25
10,910;0,14;-0,48;3,93
10,969;-0,86;-1,18;5,59
10,971;-1,12;-1,64;5,29
10,973;-0,92;-1,73;3,38
10,974;-0,51;-1,20;1,13
10,975;-0,10;-0,60;0,03
10,976;0,21;-0,20;-0,41
10,978;0,32;0,06;-0,19
10,992;0,03;0,20;0,46
11,061;-0,12;0,10;0,96
11,067;-0,25;-0,13;1,05
11,072;-0,59;-0,46;0,82
11,076;-0,82;-0,73;0,59
11,081;-0,75;-0,84;0,28
11,085;-0,56;-0,84;0,02
11,088;-0,41;-0,78;-0,15
11,090;-0,32;-0,67;-0,25
11,092;-0,06;-0,54;-0,63
11,093;-0,06;-0,54;-0,63
11,107;0,40;-0,11;-1,23
11,112;0,47;0,01;-1,46
11,189;0,50;0,23;-1,75
11,191;0,51;0,46;-2,07
11,192;0,37;0,63;-2,32
11,193;0,35;0,66;-2,41
11,194;0,38;0,71;-2,41
11,195;0,45;0,71;-2,27
11,197;0,51;0,66;-2,09
11,199;0,62;0,49;-1,77
11,200;0,55;0,28;-1,40
11,210;0,30;0,13;-1,22
11,276;0,01;0,03;-1,27
11,279;-0,26;-0,04;-1,35
11,282;-0,31;0,09;-1,52
11,284;-0,25;0,32;-1,60
11,286;-0,23;0,55;-1,54
11,287;-0,13;0,73;-1,22
11,289;0,09;0,72;-0,70
11,291;0,11;0,56;0,00
11,331;-0,14;0,33;0,91
11,337;-0,41;0,03;1,80
11,339;-0,57;-0,13;2,16
11,342;-0,56;-0,16;1,89
11,344;-0,46;-0,08;1,55
11,352;-0,26;-0,03;1,28
11,359;-0,06;-0,02;1,11
11,378;-0,03;0,02;1,17
11,443;-0,34;0,44;1,74
11,445;-0,56;0,98;1,84
11,446;-0,41;1,46;1,71
11,448;0,21;1,52;0,98
11,450;1,24;1,26;0,38
11,451;1,69;0,69;0,23
11,452;0,96;-0,26;1,41
11,454;0,21;-1,10;3,08
11,460;-0,22;-1,69;4,13
11,476;-0,40;-1,80;4,20
11,479;-0,26;-1,49;3,34
11,540;0,45;-0,80;2,04
11,543;1,12;-0,02;0,85
11,544;1,58;0,56;0,06
11,545;1,94;0,97;-0,56
11,546;1,76;1,08;-0,66
11,547;1,04;0,90;-0,35
11,550;0,73;0,50;-0,16
11,559;0,52;-0,03;-0,07
11,580;0,07;-0,54;-0,06
11,589;-0,46;-1,01;-0,11
11,591;-0,79;-1,13;-0,11
11,660;-0,94;-1,01;-0,09
11,662;-0,91;-0,82;-0,08
11,663;-0,68;-0,48;-0,37
11,664;-0,51;-0,25;-0,78
11,665;-0,46;-0,05;-1,13
11,666;-0,32;0,13;-1,36
11,669;-0,30;0,17;-1,51
11,671;-0,48;0,07;-1,57
11,678;-0,64;0,03;-1,54
11,693;-0,62;0,05;-1,31
11,698;-0,56;0,09;-1,15
11,757;-0,40;0,18;-0,74
11,759;-0,35;-0,02;-0,37
11,760;-0,32;0,03;-0,34
11,762;-0,38;0,10;-0,67
11,763;-0,58;0,08;-1,02
11,764;-0,73;0,06;-1,58
11,775;-0,69;0,33;-2,05
11,780;-0,79;0,50;-2,45
11,800;-0,64;0,75;-2,68
11,804;-0,41;0,78;-2,57
11,820;-0,27;0,61;-2,20
11,822;-0,29;0,41;-1,38
11,879;-0,27;0,21;-0,34
11,880;-0,16;0,00;0,46
11,880;-0,01;-0,20;1,19
11,881;0,09;-0,21;1,74
11,881;0,02;-0,00;2,14
11,881;0,50;0,12;2,00
11,896;1,19;0,32;1,77
11,898;1,30;0,33;1,66
11,941;1,19;0,30;1,82
11,943;1,13;0,23;2,14
11,944;1,01;0,09;2,70
11,945;0,39;-0,05;3,44
11,949;-0,90;0,05;3,93
11,962;-2,57;0,42;3,61
11,969;-2,20;1,18;2,08
12,024;-0,13;1,48;0,39
12,026;1,51;1,52;-0,32
12,027;2,16;1,42;-0,20
12,029;1,36;0,68;1,48
12,030;-0,04;-0,46;3,99
12,031;-0,85;-1,40;5,46
12,039;-1,50;-2,13;5,30
12,049;-1,75;-2,24;3,34
12,063;-1,12;-1,65;0,81
12,069;-0,22;-0,74;-1,11
12,133;0,78;0,06;-1,73
12,139;1,23;0,50;-1,46
12,146;1,09;0,38;-0,53
12,150;0,69;0,10;0,59
12,158;0,25;-0,31;1,46
12,160;-0,20;-0,76;1,96
12,162;-0,48;-0,99;1,88
12,163;-0,59;-1,08;1,31
12,165;-0,57;-0,86;0,47
12,170;-0,42;-0,60;-0,24
12,188;-0,13;-0,34;-0,57
12,278;0,23;-0,03;-0,92
12,282;0,23;-0,03;-0,92
12,284;0,52;0,27;-1,31
12,287;0,56;0,39;-1,68
12,291;0,48;0,40;-1,86
12,293;0,34;0,38;-1,91
12,296;0,20;0,38;-2,00
12,300;0,05;0,31;-2,07
12,303;0,05;0,29;-2,26
12,304;0,02;0,33;-2,37
12,307;-0,03;0,30;-2,29
12,309;-0,04;0,28;-2,12
12,311;0,13;0,23;-1,95
12,313;0,28;0,15;-1,63
12,319;0,37;0,04;-1,02
12,334;0,29;-0,05;-0,84
12,339;0,17;-0,03;-0,96
12,418;-0,03;0,04;-1,18
12,423;-0,24;0,16;-1,38
12,425;-0,43;0,30;-1,57
12,429;-0,52;0,47;-1,92
12,431;-0,43;0,68;-2,23
12,433;-0,09;0,87;-2,17
12,435;0,38;0,99;-1,70
12,436;0,65;0,96;-0,69
12,438;0,58;0,80;0,70
12,440;0,48;0,63;2,10
12,451;0,38;0,47;3,11
12,469;0,20;0,20;3,64
12,473;-0,14;0,01;3,42
12,535;-0,40;-0,09;2,57
12,537;-0,44;-0,01;1,81
12,538;-0,06;0,18;1,50
12,539;0,38;0,44;1,48
12,541;0,33;0,87;1,83
12,542;0,19;1,28;2,09
12,543;0,44;1,59;2,09
12,549;0,44;1,81;1,90
12,568;0,52;1,56;1,05
12,571;0,82;0,73;-0,03
12,641;0,26;-0,35;-0,22
12,645;-0,80;-1,34;0,92
12,649;-1,33;-2,03;2,37
12,652;-1,41;-2,43;3,21
12,655;-1,01;-2,26;3,03
12,657;-0,10;-1,53;1,95
12,660;0,85;-0,65;0,69
12,662;1,48;0,00;-0,10
12,665;1,48;0,00;-0,10
12,667;1,74;0,30;-0,20
12,675;1,43;0,28;0,19
12,680;1,03;0,18;0,89
12,690;0,52;-0,04;1,68
12,705;0,05;-0,41;2,20
12,791;-0,31;-0,63;2,00
12,794;-0,41;-0,65;0,90
12,796;-0,31;-0,49;-0,39
12,798;-0,23;-0,24;-1,14
12,800;-0,35;-0,12;-1,39
12,803;-0,37;-0,02;-1,25
12,804;-0,40;0,07;-0,86
12,806;-0,42;0,08;-0,48
12,814;-0,41;0,01;-0,21
12,815;-0,48;-0,08;-0,19
12,817;-0,44;-0,08;-0,20
12,818;-0,44;-0,08;-0,20
12,819;-0,48;0,01;-0,42
12,830;-0,32;0,16;-0,75
12,838;-0,21;0,32;-1,16
12,897;-0,17;0,50;-1,74
12,898;-0,07;0,70;-2,16
12,898;-0,04;0,76;-2,59
12,899;-0,08;0,74;-2,81
12,900;-0,24;0,42;-2,89
12,900;-0,45;0,14;-2,75
12,909;-0,70;-0,20;-2,39
12,965;-0,85;-0,49;-2,08
12,969;-0,83;-0,65;-1,83
12,971;-0,62;-0,71;-1,70
12,973;-0,37;-0,66;-1,52
12,977;-0,21;-0,50;-1,23
12,980;-0,05;-0,31;-0,76
12,983;0,02;-0,23;-0,29
12,990;-0,05;-0,16;-0,07
13,008;0,08;-0,12;-0,28
13,013;0,08;-0,12;-0,28
13,078;0,28;0,16;-0,26
13,080;0,37;0,42;0,13
13,081;0,70;0,71;0,54
13,082;1,13;0,85;0,95
13,083;1,34;0,96;1,48
13,085;1,37;1,01;1,98
13,086;1,38;0,82;2,41
13,089;1,02;0,52;2,72
13,102;0,02;0,28;3,20
13,109;-1,11;0,27;3,61
13,185;-1,50;0,58;3,04
13,188;-0,56;0,69;1,76
13,191;0,60;0,58;0,98
13,195;1,19;0,55;0,94
13,200;1,10;0,44;1,66
13,203;0,48;-0,07;3,59
13,207;0,04;-0,71;5,23
13,211;-0,24;-1,10;5,83
13,215;-0,69;-1,25;5,04
13,218;-0,62;-1,01;3,13
13,220;-0,23;-0,71;1,32
13,233;-0,05;-0,50;0,22
13,238;-0,04;-0,27;-0,20
13,328;-0,64;-0,14;-0,17
13,332;-1,03;-0,12;0,18
13,334;-0,89;-0,09;0,39
13,338;-0,59;-0,15;0,26
13,341;-0,54;-0,26;0,06
13,344;-0,59;-0,47;0,04
13,346;-0,63;-0,78;0,03
13,349;-0,71;-1,06;0,01
13,352;-0,59;-0,96;-0,27
13,354;-0,09;-0,61;-0,85
13,356;0,48;-0,28;-1,54
13,372;0,79;-0,05;-2,05
13,375;0,83;0,18;-2,34
13,377;0,73;0,24;-2,23
13,455;0,29;-0,06;-1,52
13,459;0,10;-0,34;-0,96
13,462;-0,14;-0,43;-0,54
13,465;-0,26;-0,42;-0,69
13,466;-0,00;-0,21;-1,17
13,468;0,19;-0,05;-1,39
13,470;0,19;0,03;-1,23
13,472;0,17;0,10;-0,97
13,474;0,22;0,21;-1,10
13,520;0,31;0,34;-1,14
13,522;0,44;0,62;-1,42
13,523;0,54;0,86;-1,52
13,524;0,55;1,04;-1,74
13,525;0,42;1,15;-1,62
13,530;0,37;1,21;-1,38
13,540;0,29;1,11;-1,05
13,592;0,16;1,08;-0,65
13,594;0,01;1,06;-0,15
13,595;0,06;0,99;0,30
13,596;0,05;0,82;0,43
13,598;-0,12;0,62;0,65
13,599;-0,15;0,39;0,90
13,634;-0,07;0,18;1,18
13,636;-0,34;-0,01;1,47
13,637;-0,86;0,10;1,60
13,638;-1,23;0,54;1,59
13,650;-1,33;0,99;1,62
13,658;-0,47;0,88;1,20
13,675;0,84;0,39;1,15
13,679;1,17;-0,21;2,24
13,754;0,63;-1,20;3,97
13,759;0,26;-2,05;5,34
13,763;-0,12;-2,63;6,22
13,769;-0,54;-2,69;6,48
13,773;-0,60;-2,21;5,53
13,777;-0,14;-1,39;4,02
13,781;0,49;-0,54;2,67
13,786;1,19;0,28;1,38
13,788;1,65;0,97;0,30
13,795;1,65;1,32;-0,67
13,796;1,30;1,28;-1,11
13,801;0,81;1,01;-1,21
13,809;0,36;0,61;-1,04
13,828;0,01;0,21;-0,65
13,831;-0,25;-0,15;-0,33
13,914;-0,44;-0,36;-0,12
13,916;-0,67;-0,50;-0,19
13,918;-0,78;-0,52;-0,35
13,919;-0,75;-0,45;-0,75
13,920;-0,51;-0,26;-1,18
13,922;-0,28;-0,05;-1,42
13,924;-0,13;0,11;-1,65
13,926;0,17;0,30;-1,73
13,928;0,15;0,27;-1,72
13,930;-0,16;0,11;-1,53
13,944;-0,33;0,06;-1,35
13,950;-0,39;-0,02;-1,30
14,017;-0,49;-0,03;-1,44
14,020;-0,46;0,03;-1,93
14,021;-0,46;0,09;-2,48
14,023;-0,39;0,04;-2,48
14,025;-0,23;0,25;-3,03
14,028;-0,18;0,19;-2,78
14,030;-0,14;0,11;-2,77
14,033;-0,21;-0,14;-1,22
14,072;-0,11;-0,18;-0,59
14,074;0,01;-0,03;-0,44
14,075;0,07;0,14;-0,71
14,077;0,18;0,25;-1,01
14,078;0,16;0,32;-0,87
14,096;-0,08;0,42;-0,30
14,098;-0,15;0,51;0,36
14,141;0,12;0,55;0,92
14,143;0,35;0,46;1,51
14,144;0,41;0,49;2,06
14,146;0,47;0,62;2,42
14,149;0,56;0,73;2,49
14,158;0,82;0,72;2,67
14,170;0,86;0,73;2,59
14,202;0,67;0,72;2,27
14,205;0,11;0,77;2,03
14,207;-0,55;0,95;1,93
14,210;-0,99;1,29;1,49
14,219;-1,17;1,83;0,74
14,277;-0,43;1,98;-0,08
14,280;0,70;1,61;-0,69
14,282;1,19;1,01;-0,44
14,284;0,66;-0,04;1,17
14,294;-0,22;-1,13;3,52
14,297;-0,99;-1,79;5,31
14,300;-1,92;-2,11;6,01
14,304;-2,09;-1,97;4,64
14,319;-1,23;-1,41;1,89
14,323;-0,57;-0,79;-0,56
14,329;-0,22;-0,32;-1,95
14,413;-0,11;-0,09;-2,07
14,417;-0,17;-0,15;-0,77
14,419;-0,31;-0,44;0,92
14,424;-0,44;-0,69;1,88
14,427;-0,56;-0,92;2,11
14,430;-0,61;-0,95;1,45
14,433;-0,60;-0,80;0,38
14,435;-0,60;-0,56;-0,58
14,436;-0,46;-0,25;-1,00
14,438;-0,05;0,06;-1,06
14,440;0,31;0,20;-1,17
14,455;0,42;0,21;-1,48
14,459;0,37;0,16;-1,82
14,469;0,30;0,08;-1,96
14,532;0,28;0,01;-1,90
14,540;0,30;0,02;-1,66
14,542;0,44;0,18;-1,46
14,544;0,72;0,47;-1,45
14,545;0,86;0,70;-1,47
14,547;0,78;0,76;-1,60
14,549;0,69;0,69;-1,74
14,551;0,62;0,57;-1,72
14,594;0,22;0,24;-1,90
14,596;0,04;-0,05;-1,60
14,598;-0,11;-0,25;-1,01
14,599;-0,14;-0,27;-0,50
14,600;-0,09;-0,11;-0,48
14,623;0,02;0,13;-0,94
14,626;0,26;0,46;-1,40
14,630;0,58;0,76;-1,68
14,638;0,85;0,95;-1,66
14,698;0,91;0,91;-1,00
14,701;0,66;0,66;0,24
14,704;0,19;0,30;1,19
14,707;-0,21;-0,02;2,02
14,710;-0,33;-0,24;2,39
14,713;-0,29;-0,26;2,10
14,717;-0,20;-0,14;1,49
14,736;0,07;0,07;1,02
14,739;0,25;0,18;1,02
14,741;-0,03;0,26;1,51
14,809;-0,60;0,53;2,15
14,811;-0,59;0,54;2,15
14,812;-0,64;1,37;1,97
14,818;0,34;1,26;0,92
14,819;1,52;1,14;-0,07
14,821;1,45;0,81;-0,09
14,822;0,31;-0,19;1,06
14,823;-0,35;-1,19;2,44
14,834;-0,53;-1,70;3,16
14,838;-0,91;-1,93;3,22
14,905;-0,55;-1,62;2,42
14,906;0,46;-0,90;1,30
14,907;1,40;-0,22;0,51
14,908;1,97;0,26;0,26
14,908;1,98;0,38;0,47
14,909;1,56;0,22;1,05
14,909;1,13;-0,06;1,49
14,971;0,64;-0,44;1,62
14,983;-0,10;-0,82;1,43
14,986;-0,57;-0,97;0,79
14,988;-0,70;-0,88;-0,08
14,990;-0,82;-0,78;-0,60
14,992;-0,88;-0,62;-0,69
14,994;-0,67;-0,37;-0,63
14,996;-0,46;-0,24;-0,32
15,011;-0,35;-0,02;-0,02
15,013;-0,36;0,20;0,19
15,018;-0,43;0,31;-0,01
15,087;-0,50;0,37;-0,46
15,091;-0,53;0,44;-1,11
15,095;-0,57;0,54;-1,56
15,101;-0,57;0,58;-1,70
15,103;-0,57;0,55;-1,78
15,105;-0,50;0,49;-1,83
15,108;-0,27;0,64;-2,32
15,110;-0,10;0,70;-2,70
15,113;0,09;0,76;-2,95
15,132;0,15;0,70;-2,74
15,135;0,09;0,49;-2,20
15,138;-0,04;0,27;-1,81
15,221;-0,17;0,09;-1,74
15,223;-0,42;-0,01;-1,82
15,224;-0,59;-0,15;-1,74
15,225;-0,55;-0,28;-1,27
15,226;-0,47;-0,35;-0,38
15,228;-0,42;-0,33;0,53
15,230;-0,15;-0,16;1,17
15,235;0,17;-0,11;1,67
15,237;0,44;0,16;2,11
15,239;0,54;0,49;2,15
15,255;0,61;0,69;1,72
15,259;0,87;0,81;1,13
15,332;1,19;0,96;0,76
15,337;1,29;1,01;1,03
15,340;1,13;0,89;1,71
15,343;0,82;0,73;2,59
15,351;-0,16;0,44;3,29
15,354;-1,26;0,29;3,31
15,355;-1,80;0,48;2,66
15,357;-1,58;0,74;1,47
15,358;-0,42;0,76;0,30
15,360;0,48;0,61;-0,55
15,389;0,77;0,47;-0,55
15,391;0,22;0,06;1,24
15,393;-0,55;-0,56;3,51
15,409;-0,63;-0,94;4,72
15,480;-0,49;-1,10;4,50
15,482;-0,49;-1,10;4,50
15,483;-0,26;-1,04;2,68
15,485;-0,10;-0,89;0,89
15,486;-0,22;-0,81;0,13
15,487;-0,27;-0,79;0,07
15,489;-0,28;-0,74;0,35
15,490;-0,29;-0,69;0,81
15,492;-0,26;-0,58;0,99
15,493;-0,09;-0,54;0,86
15,506;0,14;-0,52;0,70
15,510;0,28;-0,46;0,68
15,590;0,37;-0,42;0,50
15,594;0,32;-0,47;0,27
15,596;0,22;-0,55;-0,01
15,600;0,14;-0,50;-0,27
15,603;0,24;-0,32;-0,66
15,607;0,27;-0,19;-1,07
15,610;0,33;-0,00;-1,49
15,612;0,43;0,25;-1,77
15,614;0,44;0,38;-1,91
15,616;0,46;0,52;-1,90
15,621;0,27;0,57;-1,68
15,642;0,08;0,55;-1,50
15,645;0,03;0,57;-1,57
15,716;0,22;0,71;-1,65
15,719;0,30;0,80;-1,76
15,720;0,23;0,70;-1,77
15,721;0,08;0,47;-1,70
15,722;-0,04;0,14;-1,61
15,723;-0,16;-0,19;-1,30
15,724;-0,36;-0,39;-0,90
15,725;-0,35;-0,44;-0,89
15,729;-0,45;-0,23;-0,24
15,774;-0,23;0,12;-0,01
15,776;0,07;0,52;-0,07
15,777;0,27;0,80;-0,38
15,782;0,26;0,91;-0,75
15,783;0,17;0,96;-0,77
15,794;0,05;0,94;-0,13
15,798;-0,10;0,71;0,74
15,843;-0,20;0,35;1,35
15,845;-0,50;-0,03;1,58
15,846;-0,58;-0,22;1,68
15,849;-0,36;-0,23;1,59
15,850;-0,40;0,03;1,68
15,859;-0,33;0,43;1,71
15,882;0,22;0,72;1,71
15,885;0,67;0,98;1,82
15,890;1,31;1,00;1,14
15,899;1,74;0,66;0,32
15,956;1,16;0,12;0,25
15,958;0,20;-0,64;0,96
15,960;-0,47;-1,39;1,65
15,961;-0,75;-1,87;1,91
15,963;-0,93;-1,86;1,78
15,964;-0,62;-1,51;1,46
15,969;0,19;-1,06;1,29
15,978;0,98;-0,66;1,43
16,001;1,39;-0,38;1,65
16,004;1,40;-0,16;1,91
16,010;1,30;0,02;2,09
16,074;1,11;0,05;2,06
16,076;0,87;0,00;1,38
16,077;0,52;-0,07;0,44
16,078;0,20;-0,06;-0,47
16,079;-0,00;-0,05;-1,07
16,080;-0,31;-0,12;-1,09
16,082;-0,69;-0,21;-0,58
16,089;-0,87;-0,17;0,05
16,098;-0,65;-0,03;0,22
16,117;-0,44;0,12;0,22
16,120;-0,34;0,36;0,07
16,130;-0,26;0,50;-0,28
16,195;-0,33;0,53;-0,82
16,198;-0,50;0,58;-1,42
16,199;-0,63;0,61;-1,91
16,200;-0,68;0,65;-2,37
16,203;-0,69;0,72;-2,72
16,205;-0,74;0,64;-2,67
16,207;-0,72;0,44;-2,40
16,227;-0,67;0,22;-2,11
16,230;-0,60;-0,03;-1,91
16,231;-0,55;-0,21;-1,61
16,311;-0,53;-0,19;-1,35
16,315;-0,26;-0,03;-1,15
16,317;0,04;0,06;-1,14
16,320;0,22;0,18;-1,30
16,322;0,27;0,21;-1,10
16,325;0,06;0,08;-0,49
16,327;-0,19;-0,08;0,28
16,330;-0,14;-0,14;0,79
16,332;-0,01;-0,23;1,05
16,334;0,06;-0,18;1,28
16,347;0,07;0,05;1,82
16,352;0,36;0,42;1,91
16,426;0,89;0,65;1,78
16,428;1,17;0,78;1,51
16,430;1,37;0,87;1,41
16,431;1,18;0,77;1,51
16,433;0,84;0,67;2,07
16,434;0,74;0,65;2,07
16,435;-1,14;0,82;3,01
16,437;-1,56;0,94;2,06
16,439;-0,79;0,98;0,23
16,487;0,01;0,77;-0,75
16,489;0,38;0,40;-0,28
16,491;0,52;-0,06;1,79
16,492;0,18;-0,82;4,31
16,493;-0,44;-1,52;6,28
16,498;-1,10;-1,95;6,74
16,511;-1,27;-2,09;5,30
16,518;-0,96;-1,53;2,98
16,584;-0,56;-0,76;0,79
16,586;-0,16;0,01;-0,44
16,590;0,32;0,50;-0,89
16,593;0,28;0,76;-1,04
16,595;0,00;0,70;-0,62
16,597;-0,16;0,44;0,18
16,598;-0,03;0,18;0,85
16,600;0,01;-0,04;1,15
16,610;-0,11;-0,20;1,15
16,617;-0,27;-0,41;1,03
16,671;-0,22;-0,46;0,54
16,672;-0,14;-0,48;-0,19
16,672;-0,02;-0,34;-0,93
16,672;0,23;-0,08;-1,45
16,672;0,52;0,11;-1,85
16,678;0,63;0,21;-1,84
16,690;0,61;0,17;-1,48
16,698;0,38;0,09;-1,21
16,713;0,08;0,05;-1,09
16,718;-0,09;0,00;-1,15
16,797;-0,16;-0,02;-1,30
16,800;-0,08;-0,01;-1,60
16,802;0,06;0,09;-1,86
16,803;0,18;0,15;-2,10
16,814;0,31;0,19;-2,08
16,815;0,35;0,08;-1,78
16,817;0,32;-0,07;-1,46
16,819;0,17;-0,19;-1,26
16,821;-0,02;-0,24;-1,11
16,830;-0,02;-0,24;-1,11
16,832;-0,15;-0,25;-1,01
16,834;-0,07;-0,19;-1,13
16,846;0,17;0,08;-1,42
16,849;0,16;0,36;-1,53
16,941;0,03;0,52;-1,23
16,942;0,12;0,63;-0,68
16,942;0,18;0,65;-0,24
16,943;0,19;0,83;0,34
16,943;0,15;0,93;1,07
16,944;0,17;0,80;1,50
16,944;0,21;0,55;1,88
16,945;-0,10;0,15;1,70
16,945;-0,33;-0,19;1,25
16,951;-0,34;-0,29;0,67
16,972;-0,28;-0,20;0,59
16,976;-0,39;0,23;1,19
16,979;-0,26;0,83;1,85
16,989;-0,05;1,54;2,22
17,062;0,63;2,20;1,98
17,065;1,86;2,17;0,73
17,066;2,34;1,62;-0,17
17,068;1,44;0,44;0,13
17,070;0,26;-1,05;1,24
17,072;-0,68;-2,28;2,36
17,073;-1,69;-3,30;3,44
17,076;-2,27;-3,71;3,89
17,125;-1,88;-3,37;3,73
17,128;-0,70;-2,29;2,99
17,129;0,61;-0,95;2,13
17,130;1,70;0,24;1,03
17,132;2,69;1,35;-0,24
17,135;2,96;2,07;-1,03
17,139;2,64;2,13;-1,30
17,152;1,98;1,72;-1,08
17,158;1,02;0,97;-0,71
17,210;0,01;0,15;-0,01
17,213;-0,77;-0,43;0,51
17,215;-1,29;-0,90;1,06
17,217;-1,40;-1,03;1,17
17,219;-1,04;-0,86;0,63
17,221;-0,63;-0,39;-0,13
17,272;-0,32;0,06;-0,96
17,277;-0,04;0,38;-1,54
17,279;0,09;0,47;-1,86
17,282;-0,04;0,36;-2,11
17,285;-0,38;0,10;-1,76
17,287;-0,77;-0,18;-1,18
17,290;-0,83;-0,30;-0,70
17,299;-0,68;-0,20;-0,60
17,323;-0,49;-0,00;-0,84
17,327;-0,25;0,21;-1,49
17,418;-0,08;0,41;-2,18
17,420;-0,12;0,50;-2,71
17,422;-0,10;0,57;-2,62
17,423;-0,28;0,33;-2,18
17,424;-0,51;0,00;-1,61
17,426;-0,68;-0,23;-1,24
17,429;-0,79;-0,44;-0,92
17,432;-0,88;-0,52;-0,68
17,434;-0,78;-0,45;-0,61
17,435;-0,46;-0,13;-0,64
17,436;-0,15;0,14;-0,67
17,438;-0,15;0,14;-0,67
17,439;0,17;0,41;-0,66
17,451;0,53;0,67;-0,33
17,458;0,79;0,72;0,44
17,541;0,74;0,62;1,23
17,542;0,36;0,49;2,04
17,542;0,09;0,46;2,35
17,543;0,20;0,44;2,32
17,543;0,43;0,59;2,08
17,543;0,55;0,56;1,99
17,544;0,48;0,51;2,09
17,544;0,25;0,74;2,18
17,609;-0,18;1,17;1,98
17,610;-0,57;1,56;1,64
17,612;-0,64;1,74;0,95
17,613;-0,00;1,52;0,14
17,614;0,56;0,99;-0,07
17,615;0,55;0,41;0,39
17,616;0,29;-0,52;1,71
17,624;-0,31;-1,50;3,85
17,678;-0,74;-2,04;5,29
17,680;-1,24;-2,22;5,57
17,681;-1,17;-1,92;4,26
17,682;-0,42;-1,19;2,00
17,683;0,58;-0,30;0,29
17,684;1,30;0,45;-0,67
17,689;1,44;0,83;-0,71
17,702;1,06;0,67;0,14
17,709;0,47;0,23;1,09
17,757;-0,17;-0,18;1,68
17,759;-0,78;-0,43;1,76
17,760;-1,05;-0,46;1,27
17,769;-0,81;-0,36;0,50
17,770;-0,54;-0,30;-0,20
17,771;-0,33;-0,17;-0,70
17,778;-0,12;-0,06;-1,05
17,789;0,10;0,05;-1,21
17,843;0,20;-0,00;-1,25
17,845;0,22;-0,03;-1,29
17,846;0,15;-0,14;-1,46
17,847;0,13;-0,18;-1,53
17,849;-0,05;-0,20;-1,48
17,850;-0,12;-0,22;-1,50
17,858;-0,15;-0,13;-1,47
17,874;-0,10;-0,04;-1,43
17,879;0,05;0,04;-1,51
17,985;0,31;0,23;-1,77
17,988;0,53;0,48;-2,01
17,991;0,48;0,57;-2,17
17,994;0,35;0,51;-2,18
18,000;0,22;0,28;-2,29
18,003;0,09;0,08;-2,43
18,005;-0,21;-0,12;-2,31
18,008;-0,52;-0,23;-2,04
18,010;-0,63;-0,30;-1,49
18,014;-0,70;-0,25;-0,78
18,018;-0,60;-0,06;-0,27
18,020;-0,60;-0,06;-0,27
18,022;-0,25;0,25;-0,19
18,024;0,21;0,58;-0,08
18,026;0,43;0,77;0,21
18,032;0,37;0,79;0,44
18,039;0,12;0,62;0,61
18,057;-0,29;0,19;0,95
18,063;-0,59;-0,26;1,48
18,065;-0,59;-0,26;1,48
18,160;-0,72;-0,55;2,04
18,164;-0,74;-0,62;2,33
18,166;-0,56;-0,59;2,42
18,168;-0,41;-0,55;2,52
18,170;-0,46;-0,06;2,77
18,174;-0,59;0,65;2,74
18,175;-0,20;1,14;2,41
18,177;0,17;1,53;1,52
18,179;0,54;1,59;0,48
18,181;1,05;1,24;-0,23
18,183;1,04;0,65;0,24
18,185;0,77;0,08;1,57
18,190;0,83;-0,11;2,48
18,200;0,95;-0,30;2,86
18,222;0,95;-0,29;2,42
18,225;0,86;-0,27;1,35
18,230;0,98;-0,15;0,52
18,310;1,37;-0,09;0,16
18,312;1,69;-0,02;0,38
18,314;1,70;-0,12;0,78
18,315;1,50;-0,22;1,26
18,316;1,05;-0,36;1,64
18,317;0,65;-0,40;1,74
18,319;0,30;-0,49;1,57
18,320;0,06;-0,52;0,88
18,321;-0,33;-0,55;-0,00
18,332;-0,72;-0,53;-0,67
18,338;-0,98;-0,52;-1,03
18,350;-1,08;-0,53;-1,03
18,407;-1,17;-0,61;-0,80
18,410;-1,20;-0,52;-0,72
18,412;-0,72;-0,32;-0,55
18,414;-0,37;-0,07;-0,20
18,416;-0,24;0,12;-0,13
18,419;-0,15;0,29;-0,30
18,421;-0,18;0,38;-0,62
18,444;-0,42;0,43;-1,14
18,448;-0,58;0,42;-1,71
18,451;-0,57;0,47;-2,06
18,542;-0,64;0,48;-2,34
18,546;-0,75;0,36;-2,39
18,548;-0,63;0,22;-2,36
18,550;-0,42;0,19;-2,28
18,554;-0,38;0,19;-2,08
18,556;-0,31;0,32;-1,80
18,559;-0,16;0,42;-1,65
18,561;-0,12;0,46;-1,74
18,564;-0,15;0,37;-1,88
18,566;-0,09;0,24;-1,89
18,568;-0,03;0,08;-1,54
18,571;-0,32;-0,12;-0,75
18,584;-0,64;-0,40;0,11
18,590;-0,50;-0,54;0,76
18,599;-0,18;-0,55;1,15
18,680;-0,17;-0,39;1,64
18,683;-0,07;0,05;1,83
18,684;0,38;0,44;1,58
18,685;0,96;0,65;1,28
18,686;1,48;0,86;1,02
18,688;1,71;0,97;1,20
18,689;1,45;0,88;1,79
18,691;0,35;0,63;2,67
18,692;-0,95;0,35;3,22
18,753;-1,94;0,37;3,15
18,756;-1,76;0,36;2,13
18,757;-0,31;0,25;1,04
18,765;0,96;0,46;0,47
18,766;1,45;0,62;0,46
18,768;1,85;0,59;2,20
18,769;1,48;0,32;3,25
18,771;0,54;-0,24;5,28
18,780;-0,21;-0,88;5,96
18,842;-0,81;-1,31;4,90
18,843;-0,92;-1,39;2,64
18,844;-0,83;-1,14;0,67
18,845;-0,49;-0,87;-0,20
18,846;-0,45;-0,41;-0,26
18,847;-0,23;-0,10;0,17
18,849;0,06;-0,03;0,89
18,896;0,22;-0,10;1,42
18,897;0,21;-0,30;1,47
18,898;0,17;-0,54;1,33
18,899;0,09;-0,83;0,84
18,900;0,04;-0,86;0,64
18,915;-0,13;-0,99;0,17
18,918;-0,17;-0,89;-0,24
18,989;-0,11;-0,68;-1,01
18,992;-0,03;-0,54;-1,28
18,994;0,11;-0,21;-1,69
18,996;0,36;0,16;-1,94
18,999;0,47;0,39;-1,95
19,000;0,33;0,55;-1,81
19,003;0,31;0,68;-1,94
19,004;0,24;0,77;-2,26
19,009;0,06;0,76;-2,46
19,018;-0,07;0,72;-2,41
19,040;-0,10;0,60;-2,13
19,045;-0,08;0,38;-1,88
19,050;-0,10;0,12;-1,78
19,144;-0,12;-0,10;-1,63
19,146;-0,20;-0,24;-1,42
19,148;-0,41;-0,29;-1,22
19,150;-0,73;-0,27;-1,34
19,151;-0,77;-0,05;-1,55
19,153;-0,50;0,33;-1,80
19,156;-0,42;0,34;-1,66
19,159;-0,35;0,41;-1,12
19,160;-0,31;0,42;-0,35
19,162;-0,23;0,50;0,42
19,164;-0,32;0,54;0,82
19,178;-0,37;0,61;0,87
19,181;-0,21;0,62;0,87
19,260;-0,07;0,38;1,07
19,262;0,03;0,21;1,38
19,263;0,09;0,08;1,73
19,264;0,04;0,13;2,01
19,265;-0,07;0,41;2,21
19,266;-0,03;1,02;2,26
19,268;-0,07;1,61;2,28
19,270;1,21;1,52;1,13
19,271;1,71;1,28;0,75
19,319;1,68;0,68;0,68
19,321;0,39;-0,62;2,09
19,322;0,26;-1,05;2,69
19,322;0,38;-1,61;3,59
19,324;0,16;-1,83;3,88
19,333;0,26;-1,56;3,40
19,338;0,62;-0,93;2,51
19,387;1,07;-0,33;1,83
19,389;1,42;0,11;1,50
19,390;1,49;0,35;1,11
19,391;1,29;0,39;0,80
19,393;0,83;0,22;0,74
19,405;0,33;-0,04;0,79
19,481;-0,16;-0,27;0,69
19,484;-0,47;-0,42;0,43
19,486;-0,60;-0,56;0,06
19,488;-0,64;-0,50;-0,20
19,490;-0,62;-0,46;-0,25
19,493;-0,51;-0,40;-0,21
19,495;-0,31;-0,17;-0,06
19,497;-0,24;-0,02;-0,13
19,499;-0,18;0,18;-0,44
19,502;-0,16;0,37;-1,07
19,510;-0,18;0,47;-1,50
19,522;-0,26;0,40;-1,88
19,619;-0,37;0,33;-2,11
19,623;-0,47;0,32;-1,97
19,625;-0,48;0,35;-1,69
19,627;-0,40;0,30;-1,48
19,629;-0,38;0,23;-1,43
19,632;-0,45;0,18;-1,61
19,634;-0,59;0,08;-1,81
19,637;-0,54;0,07;-1,83
19,639;-0,48;0,01;-1,82
19,641;-0,15;0,22;-1,32
19,643;-0,21;0,23;-1,31
19,645;-0,24;0,21;-1,65
19,656;-0,35;0,24;-2,05
19,660;-0,35;0,17;-2,00
19,757;-0,39;0,12;-1,54
19,762;-0,41;0,06;-0,77
19,764;-0,38;0,06;-0,07
19,766;-0,27;0,14;0,31
19,769;-0,13;0,16;0,40
19,772;0,11;0,23;0,49
19,786;0,21;0,47;0,62
19,789;0,17;0,67;0,70
19,792;0,33;0,68;0,90
19,796;0,47;0,54;1,15
19,798;0,44;0,33;1,43
19,800;0,35;0,28;1,52
19,802;0,07;0,28;1,75
19,804;-0,65;0,56;1,99
19,818;-1,27;0,83;1,95
19,821;-1,53;1,22;1,15
19,830;-0,68;1,25;-0,57
19,838;-0,05;1,11;-0,80
19,944;0,98;0,89;-0,99
19,949;1,33;0,37;0,05
19,952;0,76;-0,86;3,01
19,955;-0,07;-1,97;6,17
19,958;-0,71;-2,67;7,96
19,961;-1,37;-2,83;7,89
19,964;-1,19;-2,46;5,41
19,966;-0,43;-1,53;2,13
19,968;0,13;-0,58;-0,19
19,970;0,64;0,22;-1,36
19,972;1,29;0,74;-1,32
19,973;1,40;0,82;-0,33
19,975;1,03;0,64;0,75
20,039;0,70;0,40;1,11
20,043;0,47;0,18;0,94
20,045;0,22;-0,05;0,57
20,048;0,06;-0,23;-0,15
20,053;0,05;-0,21;-0,31
20,054;0,10;-0,17;-0,45
20,056;0,22;-0,10;-0,51
20,057;0,33;-0,07;-0,71
20,059;0,32;-0,04;-1,14
20,072;0,32;0,02;-1,36
20,079;0,20;0,05;-1,53
20,177;0,23;0,12;-1,67
20,180;0,20;0,22;-1,82
20,183;0,09;0,36;-1,99
20,185;0,28;0,51;-2,09
20,187;0,30;0,49;-2,15
20,191;0,12;0,34;-2,07
20,193;-0,09;0,16;-1,81
20,195;-0,29;-0,07;-1,46
20,197;-0,39;-0,23;-1,17
20,200;-0,54;-0,39;-1,17
20,201;-0,67;-0,58;-1,42
20,203;-0,68;-0,51;-1,63
20,248;-0,60;-0,39;-1,97
20,250;-0,44;-0,14;-2,21
20,251;-0,33;0,26;-2,43
20,252;-0,18;0,68;-2,40
20,253;-0,04;0,96;-1,96
20,258;0,27;1,01;-1,25
20,272;0,54;0,99;-0,43
20,278;0,55;0,85;0,35
20,377;0,39;0,75;1,06
20,380;0,09;0,45;1,73
20,382;-0,19;0,04;2,26
20,384;-0,60;-0,41;2,60
20,385;-0,63;-0,40;2,60
20,387;-0,54;-0,32;2,45
20,389;-0,38;-0,24;2,33
20,391;-0,31;0,02;2,39
20,392;-0,29;0,40;2,55
20,394;0,00;0,81;2,55
20,395;0,33;1,12;2,51
20,459;0,55;1,20;2,29
20,461;1,09;0,93;1,77
20,462;1,21;0,31;1,49
20,463;0,41;-0,52;2,05
20,464;-0,49;-1,19;3,22
20,466;-0,77;-1,36;3,81
20,467;-0,31;-1,17;3,23
20,469;0,35;-0,69;1,92
20,481;0,88;-0,13;0,83
20,543;1,19;0,04;0,37
20,545;1,52;0,16;0,25
20,546;1,47;-0,02;0,83
20,547;0,90;-0,35;1,68
20,548;0,49;-0,59;2,23
20,549;0,32;-0,71;2,05
20,550;0,13;-0,62;1,24
20,600;-0,03;-0,42;0,18
20,601;-0,11;0,08;-0,83
20,602;-0,02;0,32;-1,46
20,603;-0,05;0,33;-1,49
20,604;-0,13;0,27;-1,23
20,609;-0,33;0,11;-0,99
20,624;-0,41;-0,06;-0,80
20,629;-0,47;-0,17;-0,70
20,686;-0,46;-0,22;-0,74
20,688;-0,37;-0,17;-0,94
20,689;-0,21;-0,04;-1,16
20,690;-0,13;0,18;-1,28
20,691;-0,09;0,26;-1,24
20,692;-0,09;0,36;-1,36
20,698;-0,18;0,37;-1,60
20,709;-0,31;0,35;-2,09
20,729;-0,45;0,40;-2,54
20,738;-0,54;0,39;-2,75
20,740;-0,57;0,37;-3,07
20,750;-0,45;0,29;-3,22
20,834;-0,54;0,09;-3,36
20,838;-0,92;-0,15;-3,29
20,840;-1,06;-0,28;-2,78
20,844;-0,92;-0,34;-2,04
20,846;-0,55;-0,27;-1,15
20,848;-0,45;-0,27;-0,51
20,851;-0,39;-0,27;-0,04
20,854;-0,30;-0,15;0,01
20,856;-0,12;0,00;-0,02
20,858;0,20;0,11;0,40
20,860;0,34;0,20;1,04
20,874;0,24;0,34;1,47
20,879;0,23;0,48;1,55
20,980;0,47;0,56;1,58
20,983;0,74;0,62;2,08
20,984;0,79;0,52;2,98
20,992;0,55;0,35;3,77
20,993;0,11;0,37;4,49
20,995;-0,70;0,33;4,92
20,996;-1,23;0,72;4,07
20,998;-1,04;1,10;2,17
20,999;-0,04;1,09;0,86
21,001;1,11;1,16;0,14
21,003;1,71;0,92;0,31
21,004;1,07;-0,02;2,16
21,061;0,17;-1,10;4,27
21,064;0,17;-1,10;4,27
21,066;-0,40;-1,66;5,48
21,068;-1,32;-2,10;5,43
21,070;-1,88;-2,17;4,04
21,073;-1,50;-1,75;1,74
21,074;-0,76;-1,05;-0,66
21,075;-0,18;-0,39;-1,96
21,087;-0,02;0,18;-2,21
21,091;-0,17;0,51;-1,17
21,098;-0,04;0,19;0,39
21,149;0,13;-0,11;1,40
21,151;0,36;-0,20;1,65
21,152;0,38;-0,19;1,38
21,153;0,47;-0,09;0,81
21,155;0,64;0,08;0,38
21,212;0,88;0,26;0,02
21,215;0,83;0,28;-0,35
21,217;0,58;0,19;-0,71
21,219;0,35;0,00;-1,08
21,222;0,18;-0,17;-1,32
21,225;-0,06;-0,38;-1,26
21,227;-0,23;-0,48;-1,15
21,241;-0,22;-0,36;-1,09
21,243;-0,13;-0,14;-1,12
21,250;-0,08;0,06;-1,05
21,349;0,12;0,26;-1,16
21,352;0,20;0,43;-1,58
21,355;0,31;0,47;-1,71
21,357;0,27;0,30;-1,46
21,360;0,12;0,09;-1,09
21,363;-0,08;-0,12;-0,78
21,366;-0,30;-0,18;-0,73
21,368;-0,40;-0,18;-0,91
21,370;-0,26;-0,02;-1,20
21,373;0,07;0,34;-1,49
21,374;0,22;0,60;-1,70
21,376;0,14;0,73;-1,77
21,388;0,15;0,81;-1,87
21,391;0,39;0,91;-1,66
21,399;0,55;0,90;-0,62
21,492;0,53;0,75;0,91
21,495;0,22;0,67;1,92
21,498;0,34;0,33;2,22
21,500;0,11;0,22;2,32
21,502;-0,31;0,09;2,21
21,504;-0,57;0,03;1,41
21,506;-0,69;0,13;0,57
21,510;-1,04;0,44;0,27
21,512;-1,41;0,82;0,18
21,514;-1,43;1,08;0,06
21,515;-0,77;1,29;-0,23
21,564;0,35;1,36;-0,71
21,566;1,24;1,32;-0,81
21,567;1,66;1,06;-0,16
21,568;1,52;0,18;1,34
21,570;1,10;-0,98;2,88
21,571;0,72;-1,85;3,91
21,586;0,23;-2,37;4,60
21,590;-0,44;-2,45;4,81
21,672;-0,30;-1,99;4,16
21,676;0,45;-1,06;2,91
21,678;1,15;-0,17;1,47
21,680;1,63;0,47;0,39
21,681;1,96;0,92;-0,19
21,684;2,02;1,04;-0,24
21,686;1,64;0,70;0,29
21,688;1,11;0,26;0,95
21,690;0,56;-0,17;1,19
21,693;0,56;-0,17;1,19
21,694;0,04;-0,54;1,15
21,730;-0,52;-0,93;0,65
21,739;-1,08;-1,12;0,16
21,740;-1,47;-1,10;-0,41
21,743;-1,46;-0,88;-0,64
21,745;-1,08;-0,44;-0,63
21,755;-0,57;0,17;-0,58
21,758;-0,01;0,78;-0,72
21,817;0,34;1,20;-0,98
21,819;0,45;1,28;-1,29
21,820;0,29;1,14;-1,50
21,821;-0,15;0,89;-1,76
21,822;-0,64;0,54;-1,99
21,823;-0,64;0,54;-1,99
21,824;-0,84;0,27;-2,44
21,881;-0,85;0,14;-3,06
21,884;-1,05;-0,04;-3,29
21,886;-0,94;-0,05;-2,92
21,888;-0,63;-0,09;-2,32
21,890;-0,43;-0,05;-1,78
21,893;-0,30;0,04;-1,46
21,895;-0,23;0,08;-0,98
21,901;-0,19;0,03;-0,97
21,910;-0,37;-0,07;-0,86
21,931;-0,39;-0,12;-1,10
21,935;-0,31;-0,11;-0,98
21,944;-0,37;-0,09;-0,47
22,034;-0,26;0,00;0,17
22,036;-0,04;0,13;0,52
22,038;0,14;0,26;0,42
22,040;0,23;0,35;0,51
22,041;0,12;0,44;0,93
22,043;0,08;0,59;1,44
22,051;0,21;0,74;1,36
22,054;0,46;0,74;1,69
22,059;0,71;0,71;1,68
22,062;0,88;0,63;1,62
22,064;0,67;0,51;1,67
22,066;0,05;0,43;2,08
22,080;-0,65;0,40;2,65
22,083;-1,15;0,61;3,08
22,089;-1,31;0,89;2,41
22,187;-0,54;1,08;1,42
22,191;0,44;0,99;0,54
22,193;1,19;1,15;0,07
22,198;1,38;0,98;0,49
22,200;0,84;0,07;2,59
22,203;0,20;-0,88;4,63
22,206;-0,32;-1,60;5,35
22,209;-1,02;-1,90;4,88
22,213;-0,93;-1,66;2,91
22,214;-0,34;-1,05;0,84
22,216;-0,27;-0,90;0,80
22,218;0,16;-0,18;-0,34
22,219;0,02;-0,26;0,45
22,261;-0,39;-0,51;1,44
22,264;-0,73;-0,71;2,08
22,265;-0,87;-0,76;1,99
22,266;-0,79;-0,79;1,41
22,269;-0,57;-0,66;0,96
22,279;-0,42;-0,50;0,62
22,302;-0,14;-0,36;0,32
22,305;0,14;-0,22;-0,16
22,310;0,26;-0,04;-0,67
22,363;0,29;0,06;-1,08
22,365;0,25;0,03;-1,42
22,367;0,19;-0,04;-1,71
22,368;0,13;-0,01;-1,91
22,369;0,04;0,06;-2,09
22,370;-0,05;0,22;-2,08
22,378;-0,01;0,31;-1,77
22,427;0,36;0,50;-1,65
22,430;0,69;0,69;-1,70
22,432;0,78;0,79;-1,54
22,434;0,84;0,75;-1,18
22,436;0,84;0,59;-0,94
22,439;0,67;0,41;-0,81
22,457;0,39;0,21;-0,73
22,459;0,08;-0,04;-0,82
22,520;-0,05;-0,16;-1,00
22,522;-0,06;-0,12;-1,32
22,523;-0,12;-0,01;-1,52
22,524;-0,20;0,08;-1,49
22,525;-0,09;0,16;-1,32
22,526;-0,13;0,19;-0,98
22,530;-0,46;0,10;-0,51
22,542;-0,44;0,17;0,08
22,607;-0,23;0,25;0,28
22,608;-0,23;0,25;0,28
22,609;-0,13;0,40;0,13
22,610;0,04;0,64;-0,25
22,612;0,14;0,80;-0,66
22,613;0,03;0,78;-0,79
22,614;-0,04;0,65;-0,62
22,615;-0,10;0,40;-0,09
22,625;-0,21;0,21;0,71
22,629;-0,17;0,26;1,75
22,708;-0,19;0,50;2,36
22,710;-0,32;0,94;2,38
22,712;-0,28;1,43;2,07
22,713;0,42;1,43;1,58
22,714;1,74;1,36;0,60
22,721;2,12;1,13;-0,32
22,723;1,11;0,45;-0,28
22,725;-0,26;-0,66;1,17
22,726;-0,85;-1,36;2,31
22,730;-1,05;-1,68;2,60
22,742;-0,84;-1,50;1,98
22,748;-0,07;-0,84;0,91
22,828;0,65;-0,31;0,17
22,831;1,22;0,04;-0,05
22,833;1,64;0,27;0,28
22,835;1,77;0,32;0,72
22,838;1,57;0,23;1,20
22,840;1,32;0,07;1,44
22,843;1,13;-0,03;1,58
22,845;1,14;-0,20;1,77
22,847;0,89;-0,45;1,55
22,862;0,43;-0,65;1,22
22,865;-0,26;-0,84;0,97
22,971;-0,90;-1,10;0,92
22,974;-1,18;-1,14;0,62
22,976;-1,26;-0,93;-0,14
22,979;-1,23;-0,62;-0,79
22,981;-1,05;-0,31;-1,18
22,984;-0,78;0,01;-1,25
22,987;-0,49;0,20;-0,95
22,990;-0,41;0,22;-0,58
22,993;-0,42;0,24;-0,52
22,996;-0,45;0,21;-0,60
22,998;-0,53;0,20;-0,55
23,000;-0,56;0,18;-0,67
23,002;-0,47;0,17;-1,20
23,004;-0,54;0,05;-1,74
23,018;-0,57;0,07;-2,04
23,020;-0,70;0,10;-2,16
23,029;-0,78;0,10;-1,94
23,143;-0,73;0,02;-1,62
23,147;-0,68;0,00;-1,39
23,150;-0,55;0,00;-1,33
23,153;-0,31;0,07;-1,30
23,155;-0,19;0,14;-1,19
23,157;-0,15;0,23;-0,97
23,160;-0,09;0,22;-0,83
23,162;0,01;0,17;-0,73
23,164;0,10;0,17;-0,36
23,166;0,07;0,22;0,34
23,168;0,24;0,28;0,97
23,172;0,70;0,39;1,28
23,174;1,01;0,39;1,53
23,176;1,02;0,25;1,76
23,242;0,95;0,21;1,84
23,244;0,74;0,19;1,94
23,246;0,27;0,29;2,65
23,247;-1,08;0,30;3,24
23,250;-2,16;0,39;3,07
23,252;-2,34;0,70;2,22
23,255;-1,16;0,83;0,58
23,256;0,32;0,85;-0,62
23,258;0,95;0,97;-0,53
23,270;1,00;0,92;0,64
23,279;0,41;0,18;3,02
23,349;-0,33;-0,64;4,84
23,351;-0,89;-1,25;5,20
23,352;-1,13;-1,51;3,82
23,353;-0,88;-1,26;1,63
23,354;-0,49;-0,78;0,17
23,355;-0,04;-0,18;-0,46
23,356;0,57;0,39;-0,48
23,417;1,05;0,78;-0,21
23,420;1,22;0,91;0,06
23,422;1,19;0,83;0,27
23,424;1,02;0,56;0,40
23,426;0,60;0,05;0,59
23,429;0,19;-0,46;0,83
23,431;-0,21;-0,81;0,98
23,433;-0,64;-1,15;0,40
23,450;-0,84;-1,10;-0,52
23,453;-0,67;-0,79;-1,34
23,516;-0,14;-0,35;-1,60
23,518;0,58;0,18;-1,43
23,519;1,05;0,52;-1,31
23,520;1,12;0,65;-1,26
23,521;0,99;0,61;-1,20
23,522;0,66;0,45;-1,42
23,523;0,21;0,27;-1,72
23,534;-0,08;0,25;-1,93
23,538;-0,17;0,35;-1,92
23,605;-0,07;0,48;-1,70
23,607;0,14;0,48;-1,60
23,608;0,20;0,24;-1,67
23,609;0,21;0,00;-1,79
23,610;0,19;-0,09;-1,69
23,611;0,20;-0,15;-1,11
23,612;0,26;-0,13;-0,49
23,618;0,09;-0,16;-0,07
23,629;-0,18;-0,18;-0,15
23,638;-0,42;-0,08;-0,62
23,650;-0,59;0,10;-1,29
23,761;-0,46;0,39;-1,76
23,763;-0,16;0,67;-1,78
23,765;0,23;0,89;-1,17
23,771;0,43;0,87;-0,20
23,773;0,32;0,66;0,76
23,775;0,20;0,39;1,56
23,776;-0,03;-0,01;2,33
23,778;-0,31;-0,32;2,76
23,780;-0,56;-0,47;2,64
23,781;-0,65;-0,39;2,00
23,783;-0,55;-0,24;1,31
23,784;-0,33;-0,01;1,04
23,786;-0,53;0,39;1,27
23,840;-0,75;0,98;1,66
23,842;-0,21;1,27;1,66
23,843;0,35;1,26;1,56
23,844;0,58;0,88;1,24
23,845;0,75;0,18;1,39
23,846;0,49;-0,67;2,19
23,856;0,16;-1,50;3,45
23,858;-0,17;-2,01;4,55
23,921;-0,22;-2,06;4,50
23,922;0,06;-1,59;3,59
23,923;0,62;-0,97;2,17
23,924;0,90;-0,40;1,26
23,925;0,88;-0,27;1,24
23,926;1,89;0,56;0,29
23,990;1,73;0,65;0,74
23,993;1,17;0,41;1,52
23,995;0,66;0,06;1,84
23,997;0,13;-0,19;1,49
23,999;-0,46;-0,35;0,45
24,002;-0,84;-0,30;-0,88
24,004;-0,81;-0,11;-1,91
24,006;-0,83;0,06;-2,22
24,012;-0,93;0,04;-2,02
24,018;-0,92;-0,08;-1,50
24,042;-0,84;-0,29;-0,72
24,045;-0,84;-0,42;0,03
24,050;-0,81;-0,53;0,37
24,059;-0,58;-0,44;0,06
24,146;-0,32;-0,14;-0,58
24,148;-0,20;0,16;-1,23
24,150;-0,16;0,37;-1,79
24,151;-0,15;0,48;-2,22
24,152;-0,31;0,47;-2,51
24,153;-0,49;0,47;-2,63
24,155;-0,42;0,55;-2,92
24,156;-0,22;0,66;-3,14
24,158;-0,14;0,61;-3,15
24,162;0,04;0,57;-2,64
24,178;0,21;0,42;-1,88
24,182;0,14;0,27;-1,22
24,190;-0,15;0,04;-0,82
24,286;-0,46;-0,20;-0,73
24,289;-0,68;-0,30;-0,82
24,291;-0,84;-0,34;-0,85
24,293;-0,86;-0,33;-0,98
24,299;-0,60;-0,17;-1,07
24,301;-0,05;0,04;-0,98
24,303;0,49;0,19;-0,18
24,305;0,74;0,18;0,95
24,307;0,74;0,25;2,22
24,309;0,82;0,29;3,51
24,310;1,05;0,21;4,21
24,312;1,20;0,27;3,82
24,351;1,15;0,42;2,72
24,353;0,99;0,60;1,92
24,353;0,69;0,61;1,63
24,354;-0,05;0,68;1,76
24,358;-1,11;0,78;1,60
24,372;-1,67;1,12;0,97
24,379;-1,40;1,37;-0,10
24,440;-0,28;1,28;-1,14
24,442;0,62;1,10;-1,28
24,443;0,91;0,88;-0,19
24,444;0,46;-0,02;2,67
24,445;0,02;-1,02;5,47
24,447;-0,59;-1,77;7,04
24,511;-1,22;-2,17;6,58
24,516;-1,13;-2,05;4,26
24,518;-0,80;-1,63;2,00
24,521;-0,51;-1,04;0,50
24,524;-0,08;-0,52;-0,50
24,526;0,27;-0,07;-0,87
24,529;0,04;0,09;-0,28
24,532;-0,06;0,05;0,64
24,534;0,21;-0,00;0,99
24,545;0,25;-0,10;0,90
24,612;0,29;-0,23;1,11
24,613;0,35;-0,38;0,94
24,615;0,37;-0,41;0,58
24,616;0,51;-0,23;0,21
24,617;0,53;-0,12;-0,16
24,618;0,41;-0,15;-0,56
24,619;0,23;-0,23;-1,15
24,620;0,01;-0,35;-1,59
24,637;-0,14;-0,34;-1,88
24,639;-0,18;-0,23;-1,83
24,719;-0,10;-0,06;-1,91
24,721;0,11;0,20;-1,98
24,722;0,33;0,37;-1,74
24,723;0,58;0,61;-1,53
24,732;0,90;0,67;-1,72
24,733;0,88;0,73;-1,89
24,734;0,57;0,57;-2,04
24,735;0,24;0,26;-2,33
24,736;-0,13;-0,10;-2,32
24,740;-0,38;-0,23;-2,15
24,759;-0,61;-0,20;-1,85
24,762;-0,62;-0,12;-1,37
24,871;-0,40;0,01;-1,13
24,872;-0,23;0,33;-0,91
24,873;-0,13;0,59;-1,04
24,874;0,04;0,83;-1,34
24,874;0,14;1,00;-1,41
24,874;0,42;1,02;-1,14
24,875;0,42;1,02;-1,14
24,876;0,26;0,80;-0,37
24,876;0,02;0,47;0,39
24,877;-0,08;0,07;1,28
24,877;-0,09;-0,33;2,46
24,878;-0,27;-0,84;3,41
24,880;-0,46;-1,25;4,01
24,945;-0,65;-1,20;4,09
24,947;-0,79;-0,40;3,83
24,949;-0,50;0,59;3,01
24,951;0,07;1,46;2,10
24,952;0,54;2,13;1,24
24,953;1,18;2,34;-0,29
24,955;1,65;1,86;-1,75
24,964;1,05;0,82;-1,98
25,032;-0,11;-0,69;-0,46
25,034;-0,64;-1,88;1,35
25,035;-1,20;-2,85;2,90
25,036;-1,28;-3,22;3,70
25,038;-0,57;-2,66;3,68
25,039;0,65;-1,51;2,94
25,041;1,63;-0,50;1,82
25,042;2,06;0,12;0,95
25,098;2,34;0,52;0,70
25,100;2,27;0,75;0,81
25,102;1,77;0,65;1,04
25,103;0,98;0,27;1,18
25,104;0,28;-0,14;1,23
25,105;-0,24;-0,52;1,06
25,109;-0,49;-0,58;0,53
25,118;-0,61;-0,55;-0,01
25,129;-0,67;-0,42;-0,40
25,152;-0,55;-0,24;-0,44
25,154;-0,42;-0,14;-0,26
25,158;-0,31;0,15;-0,35
25,258;-0,04;0,48;-0,46
25,260;0,04;0,59;-0,47
25,261;0,01;0,67;-0,51
25,262;-0,17;0,47;-0,53
25,263;-0,38;0,37;-0,62
25,264;-0,61;0,24;-1,12
25,265;-0,84;0,20;-2,12
25,266;-0,95;0,34;-3,07
25,269;-0,90;0,50;-3,48
25,272;-0,75;0,60;-3,40
25,274;-0,45;0,51;-3,22
25,284;-0,24;0,44;-2,75
25,395;-0,36;0,27;-2,32
25,396;-0,35;0,30;-1,81
25,397;-0,10;0,39;-1,51
25,397;-0,10;0,39;-1,51
25,398;-0,08;0,24;-1,17
25,398;-0,30;0,08;-1,24
25,399;-0,58;0,03;-1,64
25,399;-0,77;0,01;-1,74
25,400;-0,71;0,05;-1,80
25,400;-0,37;0,17;-1,65
25,401;0,28;0,24;-1,43
25,401;0,65;0,22;-0,56
25,402;0,55;0,16;0,60
25,479;0,34;0,14;1,52
25,481;0,60;0,12;2,11
25,483;0,98;0,03;3,07
25,485;1,15;-0,25;4,27
25,489;1,17;-0,54;4,80
25,492;1,00;-0,79;4,46
25,495;0,27;-0,55;4,10
25,498;-0,75;-0,05;3,47
25,500;-0,96;0,54;2,49
25,502;-0,87;1,07;1,42
25,518;-0,41;1,34;0,29
25,521;0,35;1,27;-0,42
25,633;0,64;0,89;-0,22
25,636;0,49;-0,01;0,98
25,639;0,18;-1,06;3,16
25,642;-0,23;-1,70;4,80
25,645;-0,99;-1,91;5,65
25,647;-1,35;-1,89;5,16
25,650;-0,78;-1,43;3,49
25,652;-0,12;-0,89;1,82
25,654;0,08;-0,47;0,50
25,656;0,15;-0,13;-0,56
25,658;0,12;0,15;-1,06
25,660;-0,10;0,28;-1,04
25,662;-0,28;0,29;-0,59
25,664;-0,13;0,27;-0,12
25,675;0,29;0,20;0,13
25,709;0,52;0,12;0,33
25,712;0,46;0,04;0,37
25,714;0,32;-0,21;0,48
25,716;0,12;-0,55;0,23
25,720;-0,05;-0,71;-0,29
25,743;-0,27;-0,81;-0,58
25,749;-0,31;-0,74;-0,62
25,752;-0,12;-0,56;-0,42
25,754;-0,12;-0,56;-0,42
25,854;-0,01;-0,34;-0,46
25,856;0,20;0,02;-0,64
25,858;0,29;0,37;-0,91
25,859;0,26;0,61;-1,31
25,861;0,28;0,74;-1,86
25,862;0,27;0,78;-2,28
25,866;0,17;0,78;-2,44
25,868;0,11;0,65;-2,40
25,869;0,16;0,45;-2,20
25,870;0,12;0,28;-1,83
25,872;0,03;0,16;-1,49
25,873;0,03;0,16;-1,49
25,875;-0,05;0,03;-1,29
25,929;-0,07;-0,03;-1,37
25,930;-0,11;0,03;-1,50
25,930;-0,14;0,17;-1,50
25,931;-0,06;0,37;-1,24
25,931;0,07;0,54;-0,86
25,932;0,10;0,65;-0,49
25,939;0,03;0,77;-0,31
26,000;0,01;0,83;-0,21
26,001;-0,08;0,78;-0,02
26,001;-0,22;0,73;0,06
26,002;-0,18;0,79;0,13
26,002;-0,06;0,75;0,42
26,002;-0,16;0,46;0,99
26,071;-0,41;0,08;1,58
26,072;-0,47;-0,12;1,52
26,073;-0,24;-0,20;1,16
26,077;-0,03;-0,11;1,01
26,078;0,03;0,06;1,60
26,080;-0,17;0,39;2,54
26,081;0,17;0,65;2,88
26,082;0,53;0,82;2,56
26,092;0,77;0,82;1,76
26,097;1,54;0,50;0,84
26,109;1,55;0,01;0,51
26,166;0,44;-0,65;1,75
26,168;-0,03;-1,08;3,02
26,169;-0,12;-1,54;3,66
26,170;-0,17;-1,77;3,64
26,171;-0,21;-1,68;3,18
26,173;0,19;-1,32;2,36
26,239;0,81;-0,84;1,58
26,241;1,04;-0,50;1,12
26,246;0,98;-0,17;1,01
26,248;1,00;0,09;1,19
26,250;0,84;0,09;1,29
26,251;0,47;0,04;1,21
26,253;-0,03;-0,11;0,63
26,254;-0,43;-0,26;-0,04
26,266;-0,63;-0,34;-0,49
26,269;-0,62;-0,28;-0,63
26,336;-0,70;-0,23;-0,57
26,338;-0,79;-0,10;-0,56
26,339;-0,75;0,01;-0,86
26,339;-0,64;0,20;-1,21
26,340;-0,53;0,29;-1,52
26,341;-0,41;0,33;-1,94
26,342;-0,21;0,36;-1,98
26,353;-0,14;0,43;-1,60
26,359;-0,07;0,44;-1,07
26,429;0,03;0,48;-0,66
26,430;0,16;0,54;-0,69
26,431;0,06;0,54;-1,16
26,434;-0,18;0,45;-1,68
26,435;-0,40;0,30;-2,23
26,436;-0,32;0,29;-2,52
26,439;-0,35;0,29;-2,62
26,440;-0,55;0,22;-2,43
26,455;-0,54;0,12;-2,16
26,459;-0,34;0,06;-1,91
26,573;-0,32;0,04;-1,59
26,576;-0,42;0,03;-1,19
26,582;-0,41;0,04;-0,66
26,585;-0,24;0,15;-0,31
26,587;-0,22;0,32;-0,06
26,590;-0,33;0,40;0,23
26,592;-0,34;0,34;0,49
26,594;-0,15;0,36;0,63
26,598;-0,00;0,48;1,04
26,600;0,00;0,64;1,17
26,603;0,28;0,78;1,15
26,605;0,59;0,68;1,08
26,607;0,68;0,47;1,24
26,609;0,63;0,16;1,80
26,611;0,57;0,15;1,81
26,626;-0,25;-0,13;3,11
26,630;-0,98;0,04;3,13
26,755;-1,45;0,53;2,32
26,770;-0,89;0,88;0,65
26,772;0,46;1,01;-0,44
26,774;1,87;1,22;-0,97
26,777;2,50;1,11;-0,43
26,779;1,87;0,10;2,02
26,782;0,71;-1,26;4,57
26,784;-0,62;-2,34;6,18
26,785;-2,04;-3,15;6,64
26,787;-2,51;-3,37;5,49
26,788;-1,67;-2,75;3,35
26,790;-0,75;-1,75;1,28
26,791;-0,35;-0,91;0,39
26,793;0,25;-0,32;0,20
26,794;0,39;0,18;0,42
26,795;-0,14;0,42;0,67
26,837;-0,34;0,25;0,97
26,838;-0,10;0,03;1,06
26,840;0,22;-0,03;0,78
26,841;0,41;0,01;0,49
26,842;0,37;0,13;0,20
26,865;0,25;0,24;-0,15
26,867;0,26;0,22;-0,61
26,869;0,32;0,21;-1,06
26,878;0,34;0,23;-1,42
26,936;0,23;0,21;-1,68
26,938;-0,01;0,15;-1,78
26,939;-0,22;0,09;-1,79
26,940;-0,39;0,07;-1,79
26,941;-0,47;-0,03;-1,98
26,943;-0,28;0,05;-2,31
26,957;-0,11;0,28;-2,47
26,959;-0,04;0,40;-2,50
27,029;0,08;0,48;-2,34
27,030;0,40;0,54;-1,75
27,031;0,43;0,46;-1,30
27,033;0,48;0,26;-0,88
27,034;0,36;0,03;-0,59
27,035;0,05;-0,17;-0,35
27,036;-0,22;-0,29;-0,37
27,055;-0,40;-0,34;-0,55
27,059;-0,30;-0,24;-0,61
27,060;-0,30;-0,24;-0,61
27,061;0,02;0,07;-0,63
27,124;0,19;0,45;-0,63
27,126;0,23;0,72;-0,63
27,127;0,23;0,88;-0,58
27,129;0,21;0,96;-0,39
27,130;0,03;0,95;-0,18
27,131;-0,23;0,85;-0,09
27,134;-0,36;0,57;-0,05
27,149;-0,29;0,34;0,23
27,151;-0,20;0,27;0,87
27,158;-0,08;0,25;1,63
27,220;0,31;0,28;2,32
27,222;0,38;0,45;3,07
27,223;0,02;0,78;3,68
27,224;-0,14;1,34;3,61
27,225;-0,06;1,93;2,48
27,226;0,29;1,91;0,88
27,229;1,32;1,89;-0,76
27,242;1,69;1,58;-1,43
27,250;1,03;0,55;-1,20
27,267;0,21;-0,85;0,61
27,272;-0,23;-1,99;2,67
27,279;-0,60;-2,73;4,10
27,391;-0,89;-2,90;4,82
27,394;-0,78;-2,45;4,80
27,396;-0,21;-1,62;3,91
27,399;0,52;-0,83;2,37
27,401;1,07;-0,22;0,87
27,404;1,33;0,30;-0,48
27,407;1,51;0,59;-1,25
27,409;1,47;0,67;-1,49
27,411;0,97;0,48;-1,11
27,414;0,20;0,04;-0,57
27,417;-0,34;-0,36;-0,21
27,421;-0,72;-0,60;-0,16
27,425;-0,96;-0,66;-0,11
27,427;-0,92;-0,61;-0,12
27,429;-0,72;-0,36;-0,36
27,444;-0,45;0,01;-0,72
27,450;-0,06;0,50;-1,24
27,572;0,34;0,84;-1,94
27,575;0,54;1,00;-2,45
27,577;0,50;1,01;-2,69
27,579;0,31;0,90;-2,42
27,581;0,02;0,62;-1,85
27,583;-0,40;0,17;-1,22
27,585;-0,85;-0,19;-0,91
27,587;-0,99;-0,32;-1,03
27,590;-0,84;-0,27;-1,40
27,592;-0,55;-0,14;-1,97
27,594;-0,42;-0,02;-2,42
27,596;-0,45;0,12;-2,35
27,598;-0,46;0,11;-1,93
27,600;-0,40;-0,09;-1,39
27,602;-0,41;-0,32;-1,10
27,644;-0,50;-0,50;-0,83
27,646;-0,51;-0,47;-0,68
27,647;-0,49;-0,39;-0,14
27,653;-0,49;-0,29;0,29
27,654;-0,38;-0,07;0,55
27,666;-0,34;-0,04;0,54
27,669;0,15;0,15;0,62
27,739;0,38;0,22;0,58
27,740;0,42;0,45;0,86
27,741;0,36;0,64;1,07
27,742;0,58;0,70;1,21
27,743;0,79;0,75;1,16
27,744;0,82;0,69;1,20
27,745;0,89;0,71;1,46
27,750;1,03;0,68;1,67
27,763;0,85;0,65;1,78
27,769;0,58;0,60;1,91
27,887;-0,26;0,61;2,34
27,891;-0,99;0,77;2,35
27,894;-1,19;1,18;1,52
27,896;-0,94;1,54;0,39
27,900;-0,11;1,67;-0,34
27,903;1,03;1,69;-0,03
27,906;1,78;1,23;1,84
27,908;1,32;0,70;2,91
27,911;0,29;-0,24;4,46
27,913;-0,40;-1,02;5,09
27,915;-0,93;-1,72;4,57
27,918;-1,19;-2,09;3,27
27,920;-1,19;-2,09;3,27
27,924;-1,44;-2,36;1,89
27,927;-1,48;-2,36;1,20
27,929;-1,21;-2,04;1,08
27,931;-0,59;-1,45;1,95
27,946;-0,35;-1,10;2,24
27,950;-0,09;-0,54;2,68
28,095;0,01;-0,09;2,30
28,101;0,17;0,20;1,37
28,105;0,30;0,40;0,22
28,108;0,23;0,42;-0,67
28,111;0,18;0,39;-1,13
28,114;0,19;0,27;-1,47
28,117;0,20;0,22;-1,75
28,120;0,14;0,14;-2,03
28,122;0,02;0,04;-2,14
28,125;0,06;0,03;-2,10
28,128;0,19;-0,01;-1,91
28,131;0,17;-0,07;-1,63
28,134;0,17;-0,12;-1,37
28,136;0,30;-0,04;-1,27
28,138;0,18;0,01;-1,45
28,140;0,40;0,27;-1,62
28,142;0,48;0,27;-1,73
28,144;0,66;0,33;-1,93
28,145;0,87;0,36;-1,83
28,211;0,77;0,24;-1,61
28,216;0,61;0,06;-1,10
28,219;0,34;-0,15;-0,79
28,222;0,06;-0,23;-0,64
28,226;-0,35;-0,17;-0,62
28,229;-0,59;-0,03;-0,73
28,231;-0,62;0,20;-1,07
28,234;-0,54;0,50;-1,49
28,236;-0,48;0,44;-1,48
28,249;-0,41;0,96;-1,80
28,253;-0,00;1,17;-1,74
28,259;0,34;1,41;-1,36
28,340;0,34;1,38;-0,73
28,342;0,33;1,18;0,08
28,343;0,08;0,56;1,08
28,345;-0,08;0,26;1,39
28,346;-0,36;-0,20;1,63
28,347;-0,45;-0,74;2,02
28,349;-0,39;-1,18;2,71
28,351;-0,60;-0,89;3,47
28,352;-0,52;0,04;3,32
28,417;-0,40;1,33;2,64
28,419;0,10;2,26;1,39
28,421;1,41;2,22;0,10
28,423;2,54;1,49;-0,06
28,424;2,22;0,42;1,31
28,427;0,80;-0,69;3,79
28,430;-0,22;-1,42;5,61
28,433;-1,06;-2,13;6,23
28,446;-1,39;-2,51;5,56
28,450;-1,26;-2,40;4,14
28,458;-1,02;-1,72;2,61
28,573;-0,17;-0,49;1,19
28,576;0,19;-0,08;0,77
28,579;0,57;0,38;0,31
28,581;0,52;0,52;0,48
28,584;0,35;0,30;0,98
28,587;0,34;-0,30;0,86
28,589;0,17;-0,53;0,64
28,592;-0,18;-0,79;0,21
28,594;-0,42;-0,86;-0,06
28,597;-0,54;-0,81;-0,20
28,599;-0,52;-0,69;-0,36
28,602;-0,42;-0,36;-0,58
28,604;-0,32;-0,01;-1,04
28,605;-0,17;0,37;-1,47
28,679;-0,09;0,52;-1,85
28,685;0,03;0,48;-2,00
28,709;0,24;0,48;-1,95
28,710;0,17;0,44;-1,89
28,713;-0,01;0,18;-1,79
28,715;-0,04;0,11;-1,70
28,717;-0,06;0,12;-1,48
28,721;-0,13;0,14;-1,28
28,723;-0,16;0,13;-1,23
28,725;-0,23;0,07;-1,54
28,727;-0,25;0,10;-2,13
28,728;-0,28;0,10;-2,80
28,730;-0,32;0,13;-3,16
28,742;-0,40;0,20;-3,03
28,877;-0,34;0,15;-2,73
28,878;-0,28;0,10;-2,28
28,878;-0,33;0,05;-1,82
28,879;-0,23;0,09;-1,30
28,879;-0,05;0,03;-0,69
28,880;0,13;0,03;-0,30
28,880;0,30;0,07;-0,28
28,881;0,52;0,19;-0,34
28,881;0,77;0,30;0,11
28,882;0,66;0,32;0,38
28,882;0,37;0,33;0,97
28,883;0,42;0,41;1,30
28,883;0,69;0,49;1,39
28,884;0,85;0,56;1,19
28,976;0,96;0,61;1,04
28,979;1,11;0,63;1,20
28,983;0,95;0,64;1,86
28,985;-0,22;0,73;2,72
28,988;-1,70;1,01;2,55
28,990;-1,79;1,19;1,95
28,992;-1,26;1,52;0,48
28,995;-0,17;1,62;-1,01
28,997;0,72;1,49;-2,05
29,000;1,05;1,21;-2,00
29,002;0,55;0,21;0,01
29,005;-0,08;-0,99;2,84
29,026;-0,85;-2,28;6,10
29,029;-0,85;-2,28;6,10
29,032;-1,10;-2,37;6,41
29,034;-1,31;-2,38;5,67
29,158;-0,87;-1,92;3,09
29,162;-0,19;-1,09;0,69
29,166;0,28;-0,22;-0,53
29,168;0,58;0,28;-0,82
29,170;0,46;0,36;-0,04
29,172;0,14;0,26;0,92
29,175;-0,08;0,11;1,37
29,177;-0,22;-0,14;1,22
29,179;-0,36;-0,42;0,91
29,182;-0,53;-0,64;0,83
29,184;-0,47;-0,60;0,59
29,186;-0,22;-0,42;0,28
29,187;-0,22;-0,42;0,28
29,188;-0,04;-0,31;-0,15
29,189;0,24;-0,14;-0,58
29,191;0,36;-0,08;-0,89
29,192;0,13;-0,09;-1,05
29,241;0,07;-0,10;-1,03
29,243;0,15;0,10;-1,12
29,244;0,20;0,15;-1,13
29,245;0,22;0,22;-1,09
29,246;0,30;0,37;-1,17
29,259;0,27;0,33;-1,16
29,261;0,52;0,52;-1,50
29,334;0,39;0,48;-1,62
29,335;0,24;0,30;-1,63
29,336;0,21;0,21;-1,58
29,337;0,22;0,23;-1,54
29,338;0,22;0,28;-1,54
29,339;0,23;0,31;-1,61
29,340;0,26;0,38;-1,72
29,341;0,25;0,51;-1,81
29,349;0,19;0,56;-1,72
29,360;0,09;0,49;-1,37
29,441;-0,17;0,40;-1,12
29,444;-0,34;0,21;-0,89
29,446;-0,20;0,07;-0,53
29,447;-0,24;0,05;-0,03
29,450;-0,12;-0,01;0,54
29,453;0,17;0,07;1,11
29,455;0,35;0,02;1,31
29,458;0,43;-0,06;1,27
29,460;0,36;-0,11;1,50
29,463;0,10;-0,43;2,18
29,482;0,01;-0,58;3,04
29,485;-0,30;-0,53;3,44
29,614;-0,92;-0,06;3,32
29,618;-1,11;0,73;2,53
29,621;-0,57;1,37;1,33
29,623;0,38;1,55;0,24
29,626;0,99;1,35;-0,49
29,628;1,05;0,80;-0,37
29,630;0,44;-0,17;0,73
29,633;0,07;-1,20;2,33
29,635;0,21;-1,90;3,65
29,637;0,29;-2,17;4,53
29,640;0,32;-1,78;4,18
29,642;0,56;-0,97;2,77
29,653;1,03;-0,23;1,10
29,655;1,49;0,33;-0,05
29,656;1,70;0,68;-0,71
29,658;1,81;0,62;-0,54
29,660;1,56;0,20;0,29
29,662;1,28;-0,22;1,04
29,677;0,95;-0,36;1,61
29,680;0,52;-0,40;1,90
29,817;0,00;-0,52;1,69
29,821;-0,54;-0,59;0,38
29,823;-0,60;-0,57;-0,15
29,825;-0,72;-0,56;-0,93
29,827;-0,88;-0,50;-1,21
29,830;-0,85;-0,34;-0,90
29,832;-0,68;-0,20;-0,23
29,834;-0,48;-0,01;0,20
29,835;-0,40;0,06;0,10
29,836;-0,50;0,20;-0,41
29,838;-0,62;0,19;-1,12
29,840;-0,59;0,22;-1,83
29,842;-0,54;0,38;-2,25
29,843;-0,52;0,47;-2,12
29,844;-0,46;0,52;-1,56
29,846;-0,40;0,51;-0,87
29,908;-0,54;0,37;-0,49
29,911;-0,89;0,26;-0,49
29,913;-0,95;0,24;-0,78
29,915;-0,87;0,25;-1,38
29,917;-0,66;0,41;-1,79
29,919;-0,36;0,50;-2,07
29,922;-0,22;0,73;-1,94
29,924;-0,06;0,67;-1,54
29,985;-0,08;0,41;-0,75
29,988;-0,24;0,08;-0,10
29,991;-0,57;-0,10;0,36
29,993;-0,80;-0,22;0,58
29,994;-0,98;-0,25;0,69
29,995;-0,64;-0,11;0,34
29,997;-0,03;0,18;-0,24
30,080;0,43;0,50;-0,43
30,086;0,65;0,66;-0,06
30,100;0,54;0,65;0,63
30,104;0,40;0,56;1,35
30,107;0,39;0,45;1,69
30,109;0,27;0,20;2,08
30,110;0,27;0,20;2,08
30,112;0,34;-0,07;2,57
30,114;0,52;-0,12;2,84
30,116;0,37;0,11;2,95
30,118;-0,05;0,43;2,80
30,119;-0,05;0,43;2,80
30,121;-1,24;1,44;1,10
30,123;-1,24;1,44;1,10
30,125;-0,93;1,66;-0,34
30,164;0,31;1,54;-0,94
30,166;0,72;1,05;-0,13
30,168;0,38;0,23;1,72
30,170;0,10;-0,86;3,27
30,171;-0,39;-1,77;4,52
30,244;-1,25;-2,22;5,38
30,248;-1,88;-2,33;5,14
30,250;-1,73;-1,94;3,61
30,252;-1,14;-1,25;1,69
30,254;-0,56;-0,30;-0,31
30,256;-0,15;0,49;-1,71
30,258;0,36;0,97;-2,29
30,260;0,80;1,22;-2,35
30,263;0,79;1,16;-1,80
30,322;0,50;0,72;-0,87
30,326;0,35;0,17;-0,05
30,328;0,22;-0,40;0,35
30,330;0,04;-0,96;0,48
30,332;-0,15;-1,20;0,39
30,334;-0,14;-1,22;0,09
30,336;-0,13;-1,07;-0,18
30,401;-0,00;-0,90;-0,37
30,404;0,26;-0,67;-0,60
30,405;0,24;-0,43;-0,36
30,407;0,14;-0,34;-0,06
30,411;0,27;-0,01;-0,10
30,413;0,35;0,23;0,01
30,416;0,48;0,49;0,09
30,418;0,68;0,74;-0,18
30,420;0,76;0,98;-0,66
30,432;0,73;1,11;-1,22
30,438;0,76;1,13;-1,67
30,509;0,89;1,00;-2,00
30,511;0,78;0,83;-2,04
30,512;0,33;0,49;-1,71
30,513;-0,20;0,06;-1,17
30,514;-0,48;-0,26;-0,73
30,515;-0,53;-0,33;-0,55
30,516;-0,38;-0,19;-0,66
30,519;-0,12;0,08;-0,94
30,588;0,21;0,37;-1,06
30,591;0,32;0,49;-0,95
30,594;0,30;0,54;-0,51
30,600;0,25;0,45;-0,24
30,606;0,23;0,29;-0,07
30,609;0,02;0,08;0,09
30,620;-0,13;-0,08;0,42
30,622;-0,14;-0,21;0,62
30,623;-0,14;-0,21;0,62
30,625;-0,20;-0,29;0,90
30,627;-0,14;-0,21;0,82
30,642;0,04;-0,00;0,49
30,645;0,18;0,20;0,12
30,650;0,28;0,28;0,06
30,659;0,28;0,16;0,44
30,759;0,04;-0,06;1,04
30,761;-0,25;-0,30;1,50
30,762;-0,54;-0,59;2,36
30,763;-0,75;-0,65;3,08
30,764;-0,91;-0,61;2,99
30,766;-0,93;-0,25;2,15
30,767;-0,91;0,30;1,21
30,768;-0,86;0,90;0,40
30,770;-0,48;1,40;-0,41
30,771;0,15;1,60;-1,23
30,772;0,45;1,34;-1,28
30,836;0,25;0,78;-0,36
30,839;-0,01;0,10;0,84
30,841;-0,07;-0,46;1,89
30,843;0,07;-0,81;2,51
30,845;0,29;-0,90;2,29
30,848;0,60;-0,69;1,53
30,850;0,98;-0,44;0,68
30,852;1,29;-0,26;0,33
30,864;1,34;-0,35;0,20
30,869;1,27;-0,40;0,21
30,878;0,84;-0,47;0,34
30,939;0,48;-0,51;0,42
30,941;0,15;-0,63;0,75
30,942;-0,04;-0,60;0,87
30,943;0,05;-0,35;0,92
30,944;0,17;-0,19;0,70
30,945;0,17;-0,13;0,42
31,019;0,16;-0,11;0,42
31,022;0,05;-0,14;0,10
31,024;0,06;-0,13;0,23
31,025;0,14;-0,15;0,27
31,027;0,26;-0,16;0,26
31,030;0,18;-0,21;0,13
31,032;0,05;-0,25;-0,06
31,035;-0,18;-0,23;-0,15
31,037;-0,17;-0,20;-0,15
31,039;-0,43;-0,01;-0,12
31,097;-0,36;0,17;-0,09
31,100;-0,15;0,34;-0,13
31,102;0,08;0,52;-0,15
31,104;0,16;0,54;-0,10
31,106;0,17;0,45;-0,08
31,108;0,17;0,37;-0,18
31,110;0,10;0,30;-0,33
31,133;0,10;0,31;-0,38
31,136;-0,01;0,25;-0,29
31,140;-0,11;0,15;0,01
31,251;-0,16;0,06;0,11
31,254;-0,26;-0,04;0,22
31,256;-0,37;-0,06;0,22
31,259;-0,35;-0,10;0,15
31,261;-0,30;-0,06;0,12
31,263;-0,14;0,07;0,07
31,266;0,03;0,15;0,07
31,268;0,09;0,26;0,02
31,270;0,05;0,25;0,02
31,272;-0,09;0,05;-0,03
31,274;-0,31;-0,17;-0,07
31,276;-0,59;-0,42;-0,00
31,277;-0,72;-0,61;0,19
31,341;-0,62;-0,62;0,31
31,344;-0,55;-0,47;0,44
31,346;-0,57;-0,20;0,42
31,347;-0,45;0,11;0,12
31,351;-0,28;0,49;-0,50
31,354;-0,14;0,82;-1,04
31,356;0,05;0,95;-1,17
31,358;0,25;0,88;-0,85
31,360;0,25;0,88;-0,85
31,362;0,33;0,68;-0,41
31,379;0,30;0,61;-0,40
31,382;0,35;0,26;1,10
31,502;0,39;0,06;1,21
31,505;0,41;-0,06;1,23
31,507;0,36;-0,09;0,92
31,509;0,35;-0,07;0,72
31,511;0,37;0,08;0,72
31,514;0,31;0,31;0,68
31,516;0,19;0,48;0,69
31,519;0,17;0,57;0,39
31,521;0,11;0,54;0,07
31,524;-0,14;0,46;-0,03
31,526;-0,35;0,27;0,06
31,528;-0,49;0,04;0,16
31,531;-0,53;-0,10;0,11
31,533;-0,51;-0,13;0,12
31,535;-0,42;-0,11;0,23
31,594;-0,20;-0,01;0,26
31,597;0,04;0,12;0,22
31,599;0,11;0,14;0,11
31,616;0,05;0,13;0,14
31,617;-0,02;0,03;0,21
31,619;-0,05;-0,00;0,15
31,620;-0,09;-0,02;0,00
31,621;-0,10;-0,02;-0,23
31,622;0,04;0,07;-0,52
31,668;0,11;0,12;-0,52
31,670;0,20;0,13;-0,15
31,671;0,32;0,08;0,32
31,674;0,32;-0,01;0,75
31,676;0,12;-0,12;0,92
31,679;-0,06;-0,18;0,80
31,746;-0,10;-0,18;0,47
31,749;-0,08;-0,07;0,09
31,751;-0,09;0,08;-0,14
31,753;-0,10;0,13;-0,16
31,755;-0,10;0,13;-0,16
31,757;-0,16;0,10;0,02
31,759;-0,30;-0,02;0,20
31,762;-0,35;-0,10;0,41
31,822;-0,24;-0,11;0,54
31,826;-0,14;-0,03;0,54
31,827;-0,05;0,06;0,44
31,830;-0,03;0,11;0,22
31,832;-0,06;0,15;-0,00
31,834;-0,11;0,16;-0,10
31,837;-0,07;0,20;-0,04
31,839;0,03;0,22;0,09
31,861;0,05;0,20;0,31
31,864;0,05;0,19;0,31
31,977;0,03;0,10;0,36
31,979;-0,02;0,03;0,29
31,980;-0,12;0,04;0,27
31,982;-0,10;0,05;0,23
31,983;-0,07;0,11;0,23
31,984;-0,03;0,19;0,32
31,985;0,02;0,24;0,20
31,987;0,04;0,27;-0,04
31,989;0,04;0,27;-0,05
31,990;-0,00;0,23;0,01
31,992;-0,06;0,10;0,17
31,993;-0,10;-0,03;0,29
31,995;-0,10;-0,12;0,45
32,063;-0,09;-0,15;0,55
32,066;-0,03;-0,12;0,62
32,067;0,03;-0,06;0,50
32,069;0,06;0,01;0,37
32,072;0,12;0,13;0,18
32,074;0,19;0,22;0,05
32,076;0,20;0,25;0,03
32,078;0,08;0,17;0,05
32,081;0,07;0,16;0,05
32,099;-0,10;-0,00;0,08
32,102;-0,24;-0,14;0,23
32,217;-0,18;-0,18;0,36
32,220;-0,07;-0,13;0,40
32,222;-0,01;-0,06;0,37
32,224;0,10;0,09;0,29
32,227;0,21;0,20;0,14
32,230;0,21;0,22;-0,03
32,232;0,15;0,19;-0,05
32,234;0,05;0,10;0,04
32,235;0,09;0,05;0,05
32,236;0,06;-0,01;0,05
32,238;0,06;-0,05;0,05
32,240;-0,02;-0,09;0,18
32,241;0,14;0,02;0,42
32,243;0,20;0,12;0,42
32,254;0,28;0,24;0,48
32,330;0,27;0,29;0,51
32,332;0,22;0,22;0,39
32,333;0,12;0,16;0,26
32,334;-0,02;0,11;0,16
32,335;-0,15;-0,00;0,20
32,336;-0,16;-0,04;0,17
32,336;-0,14;-0,02;0,08
32,337;-0,06;0,02;0,06
32,407;0,01;0,02;0,11
32,409;0,05;0,05;0,24
32,410;0,02;0,05;0,43
32,411;0,03;0,05;0,64
32,413;0,00;0,04;0,66
32,415;-0,09;0,02;0,40
32,417;-0,14;0,05;0,16
32,419;-0,15;0,08;0,06
32,421;-0,09;0,13;0,04
32,443;-0,09;0,15;0,05
32,446;-0,08;0,12;0,08
32,449;-0,10;0,07;0,20
32,512;-0,13;0,05;0,25
32,513;-0,07;0,07;0,25
32,514;0,01;0,09;0,04
32,515;0,06;0,06;0,13
32,516;0,09;0,00;0,19
32,517;0,10;0,06;0,24
32,519;0,02;0,01;0,26
32,590;-0,13;-0,10;0,47
32,593;-0,14;-0,16;0,59
32,595;-0,03;-0,11;0,57
32,598;0,01;-0,03;0,41
32,610;0,01;0,04;0,24
32,612;-0,03;0,09;0,11
32,613;0,07;0,13;0,10
32,614;0,12;0,16;0,14
32,615;0,11;0,16;0,14
32,627;0,11;0,14;0,23
32,629;0,06;0,10;0,30
32,638;0,03;0,05;0,27
32,701;0,05;0,05;0,33
32,702;0,06;0,03;0,33
32,703;0,06;0,05;0,30
32,704;0,05;0,07;0,20
32,705;0,04;0,10;0,11
32,706;0,06;0,11;0,13
32,709;0,01;0,11;0,20
32,774;-0,03;0,10;0,24
32,776;-0,06;0,06;0,24
32,778;-0,06;0,00;0,23
32,779;-0,02;0,01;0,22
32,780;-0,04;0,04;0,21
32,782;-0,06;0,02;0,10
32,783;-0,12;-0,09;0,12
32,797;-0,16;-0,07;0,09
32,799;0,02;0,06;0,05
32,809;0,01;0,06;0,13
32,870;-0,05;0,02;0,26
32,871;-0,00;-0,01;0,26
32,873;0,03;-0,03;0,24
32,873;-0,04;-0,00;0,38
32,874;-0,05;-0,02;0,50
32,875;0,01;-0,06;0,49
32,886;-0,06;-0,11;0,40
32,889;-0,03;-0,06;0,27
32,962;0,06;0,07;0,16
32,964;0,09;0,12;0,20
32,965;0,09;0,13;0,19
32,966;0,05;0,10;0,15
32,967;-0,00;0,08;0,11
32,968;-0,02;0,05;0,22
32,969;-0,02;0,04;0,33
32,970;-0,01;0,03;0,30
32,986;0,06;0,02;0,11
32,989;0,02;0,06;-0,04
33,061;-0,05;0,07;0,03
33,064;-0,05;0,08;0,14
33,066;-0,02;0,08;0,14
33,070;-0,01;0,04;0,08
33,075;-0,07;0,01;-0,00
33,080;-0,08;0,03;0,08
33,084;-0,09;0,06;0,19
33,088;-0,06;0,04;0,26
33,093;-0,06;0,04;0,26
33,095;-0,05;0,04;0,28
33,097;-0,03;-0,00;0,28
33,099;-0,01;0,01;0,25
33,117;-0,00;-0,02;0,21
33,120;-0,01;-0,02;0,22
33,231;-0,00;0,03;0,20
33,234;0,07;0,04;0,19
33,235;0,05;0,02;0,21
33,238;0,00;0,01;0,26
33,240;0,07;0,00;0,34
33,242;0,08;0,01;0,38
33,245;0,06;0,01;0,42
33,247;0,11;0,02;0,44
33,249;0,09;0,00;0,32
33,252;-0,04;-0,01;0,30
33,254;-0,04;-0,00;0,30
33,256;-0,06;0,01;0,18
33,258;0,02;0,08;0,21
33,260;0,03;0,10;0,31
33,273;-0,04;0,07;0,31
33,389;-0,06;0,08;0,26
33,393;-0,23;-0,00;0,14
33,395;0,08;0,05;0,07
33,397;0,12;0,18;0,14
33,400;0,02;0,14;0,18
33,402;0,00;0,10;0,22
33,405;0,02;0,05;0,17
33,407;-0,01;0,05;0,19
33,410;-0,04;0,03;0,31
33,412;-0,02;-0,00;0,43
33,415;0,01;0,03;0,43
33,417;-0,01;0,06;0,27
33,419;-0,02;0,07;0,23
33,422;-0,02;0,07;0,23
33,424;-0,05;0,04;0,34
33,425;-0,05;0,03;0,42
33,478;-0,03;0,00;0,36
33,481;0,03;0,00;0,30
33,483;0,01;0,02;0,35
33,485;0,02;0,04;0,36
33,487;0,01;0,03;0,30
33,489;0,05;0,08;0,17
33,492;0,08;0,17;0,11
33,512;0,07;0,12;0,07
33,513;0,03;0,08;0,09
33,582;0,02;-0,01;0,08
33,584;0,04;0,03;0,05
33,585;0,04;0,03;0,08
33,591;0,01;0,08;0,23
33,592;0,07;0,08;0,28
33,593;0,09;0,07;0,12
33,594;0,07;0,11;-0,07
33,595;-0,02;0,05;-0,08
33,598;-0,11;-0,02;0,07
33,657;-0,09;-0,01;0,26
33,660;-0,02;-0,01;0,30
33,662;0,03;0,01;0,32
33,664;0,05;0,02;0,26
33,667;0,02;-0,01;0,35
33,671;0,02;0,05;0,28
33,673;0,06;0,08;0,06
33,700;0,05;0,12;0,01
33,708;0,01;0,13;0,10
33,710;-0,01;0,07;0,28
33,714;-0,01;0,03;0,31
33,796;0,03;0,00;0,28
33,798;0,01;0,04;0,31
33,800;-0,03;0,00;0,46
33,802;-0,05;-0,03;0,54
33,804;-0,08;-0,07;0,44
33,806;-0,04;0,00;0,21
33,809;0,04;0,09;0,14
33,811;-0,00;0,10;0,16
33,813;-0,02;0,11;0,14
33,815;-0,02;0,11;0,14
33,827;-0,02;0,08;0,08
33,834;0,00;0,10;0,12
33,836;0,00;0,10;0,12
33,942;-0,03;0,07;0,23
33,945;-0,04;0,02;0,26
33,947;-0,04;0,01;0,15
33,950;-0,03;0,06;-0,07
33,958;0,01;0,10;-0,22
33,960;-0,06;0,07;-0,03
33,963;-0,02;0,07;0,31
33,965;-0,09;-0,02;0,51
33,966;-0,00;0,02;0,52
33,967;0,01;0,00;0,48
33,970;-0,13;-0,03;0,43
33,971;-0,15;-0,02;0,44
33,972;-0,07;0,01;0,35
33,974;0,01;0,04;0,26
34,022;0,03;0,04;0,24
34,024;-0,01;0,02;0,26
34,025;-0,02;0,02;0,36
34,026;-0,02;0,01;0,26
34,027;0,04;0,09;-0,01
34,029;0,02;0,11;-0,07
34,055;0,00;0,12;-0,02
34,057;0,04;0,10;0,11
34,058;0,04;0,07;0,23
34,070;0,02;0,09;0,28
34,116;0,06;0,09;0,18
34,117;0,05;0,07;0,20
34,119;-0,01;0,05;0,23
34,120;0,02;0,07;0,12
34,121;0,07;0,07;-0,03
34,189;0,01;0,03;0,00
34,191;-0,02;-0,03;0,19
34,192;-0,02;-0,06;0,28
34,195;-0,00;-0,05;0,31
34,198;0,04;0,05;0,27
34,205;0,06;0,06;0,27
34,208;-0,00;0,08;0,35
34,210;-0,05;0,05;0,25
34,212;-0,04;0,08;0,03
34,227;-0,01;0,11;-0,11
34,230;-0,02;0,13;-0,00
34,344;0,01;0,10;0,12
34,347;0,03;0,05;0,15
34,350;0,05;0,01;0,19
34,352;0,03;-0,02;0,23
34,355;0,00;-0,02;0,27
34,358;0,05;-0,02;0,46
34,360;0,05;0,01;0,60
34,362;0,05;0,04;0,65
34,364;0,07;0,06;0,66
34,366;0,09;0,10;0,49
34,367;0,01;0,07;0,33
34,369;-0,07;0,06;0,19
34,370;-0,07;0,05;0,14
34,372;-0,06;0,03;0,17
34,431;-0,05;0,08;0,17
34,434;-0,00;0,09;0,05
34,435;0,02;0,11;0,03
34,437;-0,05;0,06;0,05
34,439;-0,13;0,02;0,20
34,442;-0,16;-0,05;0,36
34,444;-0,10;-0,07;0,41
34,464;-0,05;-0,03;0,29
34,467;-0,06;0,01;0,23
34,469;-0,04;0,02;0,17
34,582;0,01;0,04;0,07
34,585;0,02;0,05;0,07
34,587;0,02;0,00;0,16
34,590;0,01;0,00;0,31
34,592;0,00;0,04;0,49
34,595;0,02;0,03;0,49
34,605;0,05;0,04;0,39
34,606;0,07;0,05;0,28
34,608;0,03;0,08;0,15
34,610;0,01;0,11;0,03
34,611;0,03;0,12;-0,15
34,613;0,09;0,11;-0,17
34,614;0,08;0,10;-0,02
34,616;0,03;0,03;0,27
34,672;0,03;-0,01;0,37
34,675;0,02;-0,01;0,32
34,677;0,01;0,03;0,20
34,679;0,08;0,11;0,20
34,682;0,07;0,09;0,20
34,684;0,06;0,08;0,12
34,686;-0,03;0,05;0,01
34,708;-0,09;0,03;-0,04
34,713;-0,06;0,00;0,07
34,715;-0,01;-0,02;0,30
34,719;0,01;-0,04;0,43
34,826;0,02;-0,05;0,44
34,831;0,09;-0,02;0,48
34,833;0,08;0,01;0,55
34,834;0,05;-0,03;0,51
34,838;0,01;-0,05;0,36
34,840;-0,06;0,01;0,20
34,842;-0,08;0,08;0,18
34,844;-0,01;0,10;0,34
34,846;0,01;0,09;0,31
34,848;-0,07;0,07;0,21
34,850;-0,06;0,07;0,21
34,851;-0,01;0,14;0,16
34,853;0,05;0,15;0,12
34,866;0,05;0,20;0,12
34,870;0,01;0,18;0,18
34,979;0,01;0,16;0,31
34,982;0,00;0,06;0,25
34,984;-0,09;0,02;0,21
34,986;-0,19;-0,03;0,23
34,990;-0,17;-0,05;0,32
34,992;-0,07;-0,03;0,34
34,996;-0,02;0,04;0,34
34,998;0,00;0,08;0,19
35,000;0,03;0,11;0,13
35,001;0,04;0,09;0,08
35,003;0,02;0,10;0,06
35,004;0,01;0,06;0,09
35,005;0,04;0,03;0,14
35,053;0,14;0,04;0,31
35,055;0,03;-0,00;0,53
35,058;-0,08;-0,10;0,60
35,060;-0,12;-0,13;0,45
35,063;-0,05;-0,05;0,18
35,065;0,04;0,07;0,05
35,080;0,05;0,14;0,05
35,082;0,07;0,12;0,10
35,089;0,03;0,09;0,12
35,149;-0,02;0,08;0,29
35,151;-0,00;0,04;0,35
35,152;0,04;0,03;0,34
35,153;0,05;0,05;0,23
35,154;0,05;0,09;0,07
35,155;0,06;0,08;-0,03
35,158;-0,02;0,03;0,04
35,218;-0,02;0,03;0,13
35,220;0,01;0,03;0,27
35,221;0,02;0,02;0,32
35,222;0,03;0,05;0,36
35,223;0,03;0,06;0,31
35,224;-0,00;-0,02;0,28
35,241;-0,01;-0,04;0,28
35,244;-0,04;-0,03;0,23
35,317;-0,07;-0,02;0,26
35,318;-0,07;-0,01;0,20
35,320;-0,03;0,03;0,12
35,321;-0,01;0,08;0,05
35,322;0,01;0,17;0,06
35,323;0,04;0,16;0,14
35,324;0,08;0,14;0,16
35,325;0,04;0,11;0,17
35,388;-0,03;0,08;0,22
35,391;0,02;0,07;0,32
35,393;0,07;0,03;0,26
35,395;0,02;0,02;0,19
35,397;0,01;0,03;0,17
35,399;-0,01;0,04;0,26
35,402;0,03;-0,01;0,35
35,403;0,04;0,01;0,47
35,417;0,00;0,00;0,47
35,420;-0,04;-0,02;0,38
35,429;-0,02;0,02;0,24
35,490;-0,01;0,00;0,24
35,492;-0,03;0,03;0,29
35,493;-0,02;0,04;0,28
35,494;0,02;0,08;0,16
35,495;-0,01;0,04;-0,03
35,498;-0,00;0,07;0,01
35,499;0,02;0,10;0,15
35,566;0,05;0,13;0,27
35,569;0,09;0,13;0,33
35,571;0,05;0,05;0,28
35,584;-0,02;-0,01;0,22
35,585;-0,10;-0,08;0,25
35,586;-0,09;-0,04;0,32
35,588;0,01;-0,00;0,24
35,589;0,04;0,06;0,13
35,590;0,02;0,10;0,11
35,603;0,02;0,10;0,11
35,610;0,03;0,01;0,27
35,721;0,07;0,04;0,28
35,724;0,06;0,10;0,33
35,726;-0,02;0,07;0,31
35,728;-0,02;0,05;0,13
35,731;-0,05;0,04;0,08
35,734;-0,10;0,04;0,13
35,736;-0,08;0,01;0,18
35,739;-0,04;-0,00;0,17
35,741;-0,05;-0,03;0,20
35,743;-0,05;-0,06;0,32
35,745;-0,01;-0,05;0,35
35,746;0,01;-0,02;0,26
35,747;-0,03;0,03;0,21
35,749;0,01;0,07;0,23
35,761;0,04;0,11;0,26
35,869;0,01;0,06;0,26
35,872;-0,07;-0,00;0,20
35,874;-0,03;-0,01;0,13
35,877;-0,03;0,02;0,18
35,879;-0,06;0,01;0,25
35,881;0,00;0,04;0,19
35,884;0,13;0,11;0,15
35,885;0,13;0,18;0,05
35,887;0,13;0,18;0,05
35,888;0,03;0,09;0,22
35,890;0,01;0,07;0,28
35,892;0,01;0,07;0,40
35,893;0,04;0,07;0,37
35,949;0,05;0,10;0,34
35,951;0,02;0,09;0,31
35,952;-0,00;0,06;0,33
35,953;-0,03;0,04;0,29
35,954;-0,02;-0,02;0,14
35,955;-0,09;0,01;0,02
35,964;-0,09;0,05;-0,05
36,035;-0,05;0,06;0,09
36,038;-0,07;-0,01;0,24
36,040;0,06;0,04;0,33
36,042;0,03;0,06;0,43
36,044;-0,02;0,05;0,52
36,046;-0,02;0,03;0,38
36,048;0,01;0,02;0,21
36,050;0,01;0,04;0,12
36,053;-0,02;0,06;0,16
36,108;-0,00;0,07;0,19
36,110;0,02;0,05;0,10
36,111;0,01;0,07;-0,03
36,113;0,05;0,10;-0,06
36,114;0,02;0,08;0,11
36,116;-0,03;0,06;0,32
36,133;-0,06;0,04;0,38
36,136;0,01;0,02;0,30
36,205;-0,01;0,03;0,24
36,207;-0,03;0,05;0,43
36,208;-0,01;0,03;0,58
36,210;-0,02;-0,01;0,48
36,211;-0,04;0,01;0,21
36,212;-0,03;0,09;0,08
36,213;0,00;0,13;0,09
36,214;0,04;0,13;0,27
36,218;0,09;0,08;0,36
36,273;0,06;0,09;0,33
36,275;-0,02;0,06;0,30
36,277;0,00;0,06;0,29
36,278;0,05;0,08;0,28
36,279;0,06;0,02;0,17
36,280;0,03;-0,01;0,11
36,298;0,03;0,02;0,14
36,300;0,05;0,09;0,20
36,363;0,01;0,11;0,15
36,365;-0,09;0,11;0,01
36,366;-0,09;0,06;-0,05
36,367;-0,08;0,01;0,02
36,368;-0,09;-0,04;0,12
36,369;-0,07;-0,05;0,22
36,370;-0,00;0,00;0,41
36,379;0,05;0,00;0,50
36,450;0,05;0,02;0,46
36,453;0,03;0,00;0,27
36,455;-0,02;0,03;0,09
36,457;-0,04;0,05;0,01
36,460;-0,00;0,10;0,10
36,462;0,03;0,13;0,15
36,464;-0,03;0,12;0,25
36,466;-0,04;0,05;0,36
36,472;-0,06;0,00;0,49
36,479;-0,03;0,00;0,43
36,511;-0,04;0,03;0,34
36,519;0,03;0,12;0,30
36,521;0,05;0,13;0,38
36,523;0,00;0,07;0,43
36,626;-0,03;0,02;0,28
36,640;-0,06;0,02;0,16
36,643;-0,05;0,10;0,14
36,644;-0,04;0,09;0,28
36,646;-0,01;0,08;0,37
36,647;0,00;0,07;0,36
36,649;-0,00;0,08;0,31
36,650;0,01;0,09;0,18
36,652;-0,01;0,10;0,16
36,653;-0,07;0,08;0,18
36,654;-0,08;0,03;0,11
36,656;-0,07;0,04;0,14
36,658;-0,12;-0,03;0,04
36,659;-0,01;0,07;0,01
36,670;0,05;0,11;0,08
36,797;0,03;0,07;0,17
36,798;0,03;0,07;0,17
36,799;-0,03;0,02;0,31
36,800;-0,03;-0,02;0,36
36,800;0,02;-0,01;0,32
36,801;0,01;0,02;0,22
36,802;-0,01;0,01;0,11
36,802;-0,04;-0,00;0,04
36,803;-0,07;-0,02;-0,04
36,804;-0,07;0,02;-0,08
36,804;0,02;0,06;-0,01
36,805;0,03;0,10;0,12
36,806;0,04;0,08;0,21
36,806;0,02;0,08;0,33
36,898;0,01;0,02;0,36
36,901;-0,00;0,01;0,30
36,903;0,01;0,01;0,26
36,905;-0,02;-0,01;0,28
36,910;-0,06;0,00;0,32
36,913;0,02;0,08;0,29
36,915;0,03;0,12;0,13
36,918;0,04;0,11;-0,01
36,920;-0,00;0,09;0,03
36,922;-0,06;0,01;0,21
36,925;-0,08;-0,06;0,34
36,930;-0,02;-0,01;0,44
36,933;0,02;0,04;0,49
36,949;0,03;0,05;0,40
36,952;0,06;0,09;0,30
36,958;0,05;0,11;0,16
37,063;0,06;0,14;0,09
37,066;0,04;0,13;0,10
37,068;-0,02;0,09;0,19
37,070;-0,04;-0,00;0,27
37,072;-0,03;-0,02;0,30
37,075;-0,05;-0,02;0,29
37,077;-0,03;-0,03;0,35
37,079;0,01;-0,03;0,29
37,083;0,01;-0,04;0,20
37,084;-0,01;0,01;0,10
37,086;0,01;0,03;0,09
37,087;0,03;0,04;0,12
37,139;0,01;0,03;0,20
37,141;0,00;0,02;0,27
37,142;0,01;0,06;0,25
37,143;-0,02;0,07;0,16
37,144;-0,03;0,09;0,18
37,146;0,01;0,11;0,21
37,155;0,09;0,14;0,18
37,158;0,04;0,13;0,04
37,219;0,00;0,10;-0,02
37,220;-0,05;0,11;-0,00
37,221;-0,10;0,04;0,22
37,222;-0,08;-0,02;0,41
37,223;-0,01;-0,03;0,38
37,224;-0,00;-0,02;0,38
37,285;-0,03;0,01;0,34
37,288;0,03;0,04;0,40
37,290;0,08;0,06;0,40
37,292;0,04;0,06;0,33
37,295;0,00;0,05;0,28
37,298;-0,03;0,03;0,28
37,300;-0,05;0,01;0,31
37,302;0,00;0,00;0,40
37,314;0,05;0,04;0,39
37,318;0,04;0,05;0,24
37,379;0,03;0,09;0,14
37,381;-0,01;0,07;0,09
37,382;0,03;0,09;0,05
37,383;0,06;0,14;0,04
37,384;0,02;0,13;0,02
37,385;-0,01;0,07;0,05
37,389;-0,03;0,06;0,13
37,405;-0,05;0,05;0,20
37,409;-0,02;0,07;0,18
37,467;-0,01;0,06;0,05
37,469;-0,06;0,02;-0,02
37,470;-0,08;-0,02;-0,06
37,471;-0,07;-0,04;0,13
37,472;-0,05;-0,04;0,33
37,473;-0,05;-0,04;0,44
37,478;-0,02;-0,04;0,55
37,489;-0,01;-0,03;0,57
37,572;0,02;0,03;0,44
37,575;0,01;0,08;0,18
37,577;0,00;0,17;-0,02
37,594;0,03;0,17;-0,01
37,595;0,03;0,15;0,12
37,596;0,02;0,12;0,24
37,598;-0,02;0,07;0,34
37,599;-0,02;0,02;0,46
37,600;-0,00;0,03;0,46
37,601;-0,01;0,01;0,41
37,603;-0,02;0,01;0,34
37,611;-0,04;0,03;0,28
37,626;-0,01;-0,01;0,23
37,740;0,00;0,01;0,16
37,743;0,00;0,01;0,16
37,745;-0,04;0,03;0,12
37,747;-0,03;0,05;0,12
37,750;0,01;0,06;0,19
37,753;0,08;0,10;0,21
37,755;0,03;0,12;0,21
37,757;0,01;0,09;0,19
37,759;0,02;0,10;0,14
37,761;0,01;0,09;0,14
37,763;-0,00;0,10;0,15
37,766;0,02;0,06;0,09
37,767;0,02;0,06;-0,01
37,770;0,01;0,07;0,01
37,771;0,01;0,07;0,24
37,773;-0,03;-0,01;0,49
37,779;-0,01;-0,02;0,52
37,796;-0,04;-0,02;0,35
37,799;-0,12;0,01;0,29
37,903;-0,09;0,06;0,32
37,906;0,02;0,05;0,40
37,909;0,04;0,02;0,33
37,911;-0,03;0,04;0,22
37,914;-0,04;0,06;0,24
37,916;0,02;0,05;0,32
37,919;0,03;0,07;0,32
37,921;0,04;0,11;0,26
37,923;0,03;0,10;0,15
37,926;-0,01;0,10;0,18
37,928;-0,00;0,10;0,21
37,930;-0,02;0,08;0,24
37,933;-0,02;0,07;0,16
37,946;-0,04;0,04;0,12
37,950;0,01;0,05;0,18
38,056;0,03;0,08;0,18
38,059;0,07;0,09;0,12
38,062;0,06;0,07;0,10
38,064;-0,03;0,01;0,17
38,066;-0,05;-0,05;0,31
38,069;-0,02;-0,07;0,45
38,071;-0,03;-0,06;0,37
38,074;-0,05;-0,03;0,26
38,075;-0,03;0,02;0,13
38,077;0,03;0,08;0,13
38,078;0,07;0,13;0,11
38,080;0,02;0,13;0,12
38,081;-0,00;0,13;0,11
38,136;-0,04;0,10;0,11
38,139;-0,09;0,06;0,19
38,141;-0,07;0,00;0,31
38,145;-0,04;-0,04;0,42
38,150;-0,06;-0,05;0,42
38,163;-0,08;-0,03;0,29
38,165;-0,04;-0,02;0,33
38,166;-0,02;0,02;0,32
38,170;-0,04;0,08;0,21
38,185;-0,01;0,08;0,16
38,190;-0,07;0,08;0,16
38,198;-0,05;0,06;0,24
38,283;-0,02;0,05;0,33
38,291;-0,05;0,02;0,30
38,294;-0,04;0,03;0,18
38,296;-0,03;0,07;0,05
38,299;0,07;0,13;0,08
38,300;0,11;0,17;0,08
38,302;0,03;0,11;0,07
38,305;0,02;0,07;0,09
38,307;0,03;0,08;0,18
38,309;0,00;0,03;0,31
38,311;0,00;0,03;0,31
38,313;0,00;-0,03;0,39
38,366;0,00;-0,01;0,31
38,368;0,01;0,01;0,19
38,369;-0,00;0,05;0,15
38,370;0,02;0,06;0,17
38,372;0,05;0,06;0,24
38,373;0,03;-0,01;0,35
38,384;0,02;-0,01;0,35
38,464;0,03;-0,03;0,33
38,466;0,02;0,02;0,30
38,467;0,03;0,03;0,31
38,468;0,07;0,07;0,30
38,469;0,09;0,09;0,22
38,470;0,07;0,10;0,06
38,471;0,04;0,10;-0,02
38,472;-0,02;0,11;0,08
38,473;-0,02;0,11;0,27
38,530;0,02;0,05;0,26
38,532;-0,05;-0,01;0,20
38,534;-0,10;-0,03;0,18
38,553;-0,05;-0,00;0,27
38,558;0,04;0,05;0,32
38,562;0,05;0,09;0,24
38,563;0,03;0,07;0,09
38,565;-0,02;0,06;0,01
38,566;-0,03;0,06;0,01
38,582;-0,09;-0,03;0,18
38,585;-0,07;-0,01;0,29
38,689;-0,05;-0,01;0,24
38,694;-0,02;0,01;0,23
38,696;-0,01;0,02;0,31
38,700;0,02;-0,01;0,41
38,702;0,04;0,01;0,37
38,704;0,03;0,05;0,30
38,705;-0,02;0,07;0,23
38,707;-0,00;0,08;0,19
38,708;-0,01;0,09;0,24
38,709;0,01;0,07;0,21
38,711;-0,04;0,06;0,19
38,712;-0,04;0,06;0,19
38,713;-0,04;0,03;0,32
38,758;0,01;0,01;0,35
38,760;0,02;0,05;0,27
38,761;0,04;0,05;0,22
38,762;0,03;0,05;0,17
38,764;-0,03;0,03;0,15
38,770;-0,05;0,02;0,14
38,783;-0,04;0,03;0,16
38,789;-0,01;0,02;0,15
38,847;0,01;0,04;0,17
38,849;0,04;0,05;0,21
38,851;0,06;0,06;0,24
38,852;0,01;0,04;0,32
38,853;0,01;0,01;0,33
38,854;-0,02;0,01;0,21
38,902;-0,06;0,06;0,12
38,904;-0,07;0,07;0,12
38,905;-0,06;0,09;0,20
38,905;-0,04;0,09;0,19
38,906;-0,04;0,11;0,27
38,915;-0,03;0,04;0,47
38,918;-0,00;0,00;0,49
38,971;0,03;0,01;0,44
38,975;0,02;0,02;0,31
38,977;-0,00;0,08;0,22
38,978;0,03;0,09;0,20
38,980;0,06;0,10;0,19
38,983;0,03;0,11;0,12
39,026;0,04;0,12;0,17
39,029;0,02;0,08;0,18
39,030;-0,01;0,04;0,30
39,032;-0,00;0,02;0,33
39,033;0,04;0,02;0,23
39,039;0,00;0,01;0,17
39,050;-0,02;0,02;0,16
39,059;-0,03;0,03;0,18
39,098;-0,01;0,03;0,15
39,100;0,01;0,02;0,15
39,102;0,06;0,05;0,21
39,104;0,09;0,07;0,21
39,190;0,10;0,09;0,24
39,195;0,11;0,11;0,30
39,197;0,10;0,11;0,31
39,199;0,08;0,08;0,28
39,201;0,04;0,05;0,23
39,204;0,02;0,03;0,17
39,206;-0,07;-0,00;0,19
39,209;-0,13;-0,02;0,24
39,211;-0,12;-0,02;0,34
39,213;-0,12;-0,01;0,30
39,215;-0,09;0,04;0,28
39,234;-0,02;0,07;0,21
39,237;0,04;0,12;0,14
39,241;0,02;0,12;0,15
39,355;0,02;0,14;0,13
39,359;0,05;0,13;0,15
39,362;0,01;0,09;0,15
39,366;0,00;0,06;0,18
39,368;-0,03;0,03;0,28
39,371;-0,04;-0,03;0,33
39,374;-0,08;-0,08;0,34
39,375;-0,08;-0,08;0,43
39,377;-0,05;-0,05;0,47
39,380;-0,04;-0,04;0,45
39,382;-0,01;-0,01;0,33
39,383;-0,05;0,02;0,17
39,385;-0,07;0,08;0,10
39,386;-0,06;0,10;0,11
39,400;-0,06;0,09;0,11
39,403;-0,09;0,06;0,04
39,409;-0,06;0,05;0,02
39,500;-0,05;0,02;0,10
39,503;0,00;0,04;0,16
39,506;-0,03;0,04;0,14
39,508;-0,06;0,02;0,19
39,510;-0,04;0,04;0,16
39,513;-0,02;0,05;0,15
39,515;-0,03;0,01;0,13
39,516;-0,02;0,06;0,11
39,518;-0,01;0,05;0,25
39,528;0,01;0,06;0,28
39,530;0,04;0,03;0,24
39,532;0,01;0,01;0,19
39,570;0,05;0,06;0,13
39,572;0,09;0,08;0,14
39,573;0,15;0,11;0,15
39,574;0,13;0,09;0,25
39,578;0,10;0,01;0,35
39,622;0,09;-0,05;0,38
39,623;0,02;-0,08;0,41
39,624;0,08;-0,05;0,42
39,625;0,13;0,02;0,44
39,680;0,12;0,03;0,35
39,685;0,09;0,03;0,31
39,690;0,04;0,02;0,24
39,696;-0,01;0,06;0,24
39,699;-0,02;0,11;0,21
39,702;-0,02;0,11;0,21
39,704;0,03;0,14;0,15
39,706;0,01;0,14;0,10
39,722;-0,03;0,08;0,25
39,725;-0,04;0,08;0,21
39,730;-0,02;0,13;0,25
39,783;0,03;0,15;0,32
39,785;0,03;0,11;0,32
39,786;-0,06;-0,00;0,19
39,787;-0,14;-0,03;0,12
39,788;-0,14;-0,04;0,10
39,789;-0,15;-0,03;0,14
39,809;-0,18;-0,06;0,18
39,811;-0,19;-0,07;0,21
39,864;-0,11;-0,05;0,19
39,866;-0,08;-0,04;0,20
39,867;-0,06;-0,04;0,25
39,868;-0,00;-0,05;0,28
39,869;-0,02;-0,04;0,28
39,870;-0,01;0,01;0,27
39,878;0,07;0,04;0,19
39,890;0,07;0,04;0,15
39,899;0,07;0,03;0,17
39,955;0,10;0,04;0,20
39,958;0,08;0,06;0,19
39,959;0,08;0,07;0,11
39,961;0,07;0,06;0,13
39,962;0,08;0,07;0,14
39,963;0,04;0,07;0,14
39,969;0,03;0,05;0,23
39,978;0,06;0,07;0,30
40,002;0,04;0,05;0,33
40,005;0,05;0,07;0,32
40,010;0,02;0,05;0,34
40,088;-0,02;0,03;0,29
40,091;-0,01;0,06;0,22
40,093;-0,03;0,05;0,09
40,095;-0,07;0,06;0,11
40,098;-0,03;0,11;0,15
40,101;0,03;0,15;0,15
40,103;0,02;0,14;0,10
40,105;0,05;0,22;0,05
40,108;0,16;0,26;0,07
40,110;-0,14;0,11;0,34
40,125;0,02;0,05;0,12
40,130;0,03;0,10;0,01
40,225;-0,17;-0,09;-0,05
40,230;-0,32;-0,25;0,13
40,232;-0,08;-0,13;0,26
40,235;0,14;-0,07;0,39
40,239;0,25;0,04;0,46
40,242;0,40;0,18;0,54
40,244;0,45;0,26;0,44
40,247;0,33;0,25;0,19
40,249;0,12;0,14;0,03
40,252;-0,02;0,02;-0,07
40,254;-0,06;-0,04;-0,00
40,256;-0,10;-0,06;0,26
40,273;-0,15;-0,09;0,42
40,276;-0,12;-0,11;0,44
40,279;-0,09;-0,10;0,34
40,392;-0,13;-0,12;0,29
40,396;-0,17;-0,14;0,32
40,398;-0,23;-0,13;0,40
40,401;-0,29;-0,12;0,44
40,403;-0,30;-0,13;0,33
40,406;-0,27;-0,09;0,20
40,408;-0,26;-0,04;0,06
40,410;-0,26;0,03;-0,01
40,413;-0,25;0,04;0,05
40,414;-0,19;0,05;0,12
40,416;-0,09;0,06;0,22
40,418;-0,04;0,09;0,21
40,420;0,08;0,12;0,14
40,422;0,13;0,14;0,12
40,470;0,16;0,17;0,06
40,473;0,18;0,17;0,07
40,475;0,19;0,14;0,15
40,478;0,16;0,09;0,24
40,480;0,17;0,06;0,34
40,482;0,21;0,02;0,38
40,503;0,22;0,03;0,36
40,506;0,31;0,08;0,35
40,514;0,36;0,15;0,38
40,519;0,35;0,19;0,36
40,569;0,28;0,16;0,40
40,570;0,22;0,14;0,41
40,571;0,15;0,08;0,39
40,573;0,09;0,07;0,37
40,573;0,01;0,05;0,29
40,574;0,01;0,05;0,29
40,620;-0,01;0,03;0,29
40,621;0,00;0,06;0,27
40,623;0,02;0,09;0,27
40,623;0,00;0,12;0,24
40,624;-0,02;0,11;0,16
40,629;-0,04;0,11;0,11
40,671;-0,07;0,10;0,11
40,673;-0,08;0,09;0,13
40,675;-0,05;0,07;0,04
40,677;-0,08;0,10;-0,02
40,679;-0,06;0,08;-0,02
40,712;-0,03;0,10;0,08
40,717;0,00;0,09;0,13
40,719;0,01;0,06;0,19
40,721;-0,05;0,01;0,36
40,774;-0,04;-0,02;0,47
40,776;-0,03;-0,08;0,54
40,778;-0,04;-0,08;0,46
40,779;-0,08;-0,08;0,36
40,781;-0,02;-0,03;0,27
40,782;-0,01;0,05;0,22
40,802;-0,03;0,06;0,17
40,806;-0,03;0,08;0,17
40,862;-0,02;0,08;0,20
40,864;-0,01;0,07;0,22
40,866;-0,01;0,05;0,23
40,867;0,02;0,07;0,22
40,869;0,02;0,07;0,30
40,871;0,02;0,12;0,26
40,876;0,02;0,14;0,10
40,890;0,02;0,14;-0,02
40,895;-0,01;0,10;-0,00
40,896;-0,01;0,10;-0,00
40,898;-0,08;0,01;0,10
40,945;-0,11;-0,01;0,20
40,947;-0,14;-0,02;0,33
40,949;-0,10;0,01;0,40
40,950;-0,05;0,01;0,28
40,951;-0,07;0,03;0,19
40,962;-0,13;0,05;0,16
40,969;-0,13;0,02;0,16
40,987;-0,17;-0,03;0,24
40,993;-0,22;-0,06;0,34
41,086;-0,16;-0,08;0,33
41,091;-0,12;-0,04;0,32
41,103;-0,10;-0,03;0,32
41,106;-0,04;0,01;0,26
41,111;0,04;0,04;0,19
41,114;0,07;0,08;0,21
41,118;0,12;0,13;0,18
41,122;0,15;0,11;0,23
41,125;0,13;0,08;0,27
41,129;0,18;0,09;0,26
41,133;0,19;0,10;0,18
41,136;0,14;0,04;0,19
41,138;0,10;0,02;0,27
41,140;0,10;0,02;0,32
41,142;0,09;0,02;0,34
41,152;0,09;0,02;0,29
41,171;0,09;0,05;0,25
41,175;0,08;0,08;0,18
41,287;0,06;0,09;0,16
41,293;0,03;0,07;0,10
41,299;0,03;0,07;0,08
41,304;0,02;0,09;0,07
41,307;0,04;0,09;0,11
41,311;0,03;0,07;0,16
41,315;0,02;0,08;0,14
41,318;-0,02;0,08;0,13
41,320;-0,06;0,06;0,15
41,322;-0,09;0,02;0,17
41,323;-0,10;0,02;0,17
41,325;-0,07;0,01;0,17
41,327;-0,09;0,02;0,24
41,329;-0,07;0,01;0,30
41,331;-0,01;0,04;0,26
41,333;0,01;0,08;0,29
41,339;0,01;0,09;0,36
41,353;0,02;0,05;0,43
41,363;0,03;-0,00;0,52
41,364;0,03;-0,00;0,52
41,369;0,01;-0,03;0,52
41,454;-0,02;-0,04;0,40
41,458;-0,01;-0,02;0,29
41,461;-0,01;0,03;0,23
41,465;0,04;0,08;0,21
41,468;0,10;0,14;0,17
41,471;0,11;0,18;0,21
41,473;0,08;0,14;0,23
41,475;0,09;0,08;0,31
41,477;0,01;0,06;0,31
41,479;-0,06;-0,00;0,30
41,486;-0,09;0,01;0,19
41,495;-0,08;0,01;0,07
41,497;-0,08;0,01;0,07
41,499;-0,11;0,02;-0,07
41,512;-0,09;0,04;-0,08
41,518;-0,08;0,00;-0,04
41,596;-0,09;-0,02;0,05
41,598;-0,08;-0,01;0,11
41,599;-0,04;-0,04;0,15
41,600;-0,02;-0,02;0,23
41,602;-0,02;0,01;0,30
41,603;0,02;0,04;0,36
41,604;0,04;0,04;0,35
41,605;0,02;0,05;0,32
41,610;0,04;0,05;0,26
41,620;0,06;0,06;0,23
41,709;0,04;0,09;0,23
41,713;0,06;0,07;0,27
41,715;0,12;0,11;0,29
41,723;0,11;0,11;0,29
41,725;0,09;0,08;0,26
41,727;0,10;0,09;0,31
41,734;0,08;0,02;0,38
41,736;0,08;-0,00;0,41
41,738;0,01;0,01;0,36
41,740;0,00;0,01;0,36
41,742;0,03;0,04;0,16
41,744;-0,02;0,03;0,12
41,770;-0,07;0,02;0,16
41,772;-0,05;0,04;0,16
41,774;0,01;0,07;0,25
41,778;0,06;0,08;0,31
41,853;0,05;0,09;0,32
41,855;0,02;0,12;0,29
41,855;-0,00;0,08;0,27
41,856;-0,02;0,08;0,13
41,856;-0,08;0,08;-0,00
41,857;-0,11;0,04;-0,05
41,858;-0,07;0,05;-0,04
41,858;-0,06;0,03;0,02
41,936;-0,05;0,03;0,17
41,939;-0,03;0,05;0,29
41,940;0,00;0,05;0,39
41,941;0,02;0,02;0,40
41,943;-0,03;0,01;0,31
41,944;-0,08;-0,01;0,23
41,945;-0,11;-0,06;0,23
41,946;-0,08;-0,04;0,29
41,961;-0,07;-0,03;0,40
41,964;-0,08;-0,01;0,41
42,045;-0,02;0,05;0,30
42,047;0,01;0,10;0,20
42,050;-0,01;0,09;0,14
42,051;0,01;0,11;0,09
42,052;0,03;0,09;0,16
42,054;-0,02;0,07;0,16
42,056;-0,03;0,04;0,19
42,057;-0,00;0,06;0,22
42,059;0,04;0,10;0,21
42,060;0,09;0,14;0,14
42,109;0,13;0,16;0,05
42,111;0,08;0,11;0,11
42,112;0,04;0,07;0,22
42,113;0,04;0,07;0,22
42,114;0,00;0,03;0,29
42,116;0,00;0,01;0,35
42,131;-0,01;0,03;0,32
42,133;0,04;0,02;0,25
42,177;0,03;0,06;0,21
42,179;0,03;0,06;0,21
42,180;-0,00;0,04;0,19
42,181;-0,02;0,01;0,18
42,183;-0,08;-0,01;0,20
42,184;-0,05;0,01;0,21
42,224;0,04;0,06;0,18
42,224;0,08;0,09;0,18
42,225;0,39;0,16;-1,66
42,225;-0,39;0,29;-1,69
42,228;-0,29;0,16;-0,84
42,237;0,04;-0,30;0,83
42,248;0,13;-0,19;2,22
42,262;0,60;-0,13;2,60
42,309;0,29;-0,18;1,70
42,309;-0,24;-0,09;0,31
42,310;-0,45;-0,01;-0,73
42,310;-0,37;0,00;-1,07
42,310;-0,25;0,05;-0,78
42,321;-0,08;0,11;-0,30
