0,014;-0,17;-0,09;0,02
0,015;0,01;-0,05;0,28
0,020;0,25;0,07;0,46
0,038;0,31;0,17;0,62
0,042;0,26;0,15;0,67
0,067;0,22;0,16;0,33
0,067;0,16;0,17;-0,03
0,079;0,15;0,20;-0,23
0,095;0,14;0,19;-0,26
0,096;0,16;0,18;-0,19
0,113;0,10;0,15;-0,06
0,115;0,07;0,06;0,11
0,134;-0,03;0,01;0,25
0,136;-0,05;-0,02;0,18
0,169;-0,03;0,01;0,04
0,170;-0,08;-0,03;-0,11
0,171;-0,12;-0,08;-0,25
0,173;-0,04;0,01;-0,34
0,180;-0,04;0,04;-0,24
0,196;-0,10;-0,01;-0,05
0,212;-0,14;-0,07;0,14
0,214;-0,15;-0,14;0,29
0,230;-0,21;-0,23;0,51
0,273;-0,19;-0,21;0,50
0,275;-0,24;-0,21;0,43
0,276;-0,16;-0,12;0,20
0,277;-0,08;-0,03;0,08
0,279;-0,03;0,04;0,02
0,283;-0,06;0,07;-0,07
0,291;-0,11;0,04;0,00
0,301;-0,06;-0,01;0,10
0,312;-0,08;-0,05;0,28
0,330;-0,15;-0,13;0,42
0,332;-0,20;-0,16;0,41
0,341;-0,18;-0,14;0,24
0,365;-0,11;-0,10;0,10
0,367;-0,04;-0,01;0,00
0,372;0,06;0,06;-0,09
0,381;0,12;0,08;-0,11
0,391;0,06;0,02;-0,04
0,400;0,04;-0,02;0,06
0,411;0,04;-0,04;0,21
0,422;0,05;-0,03;0,27
0,462;0,03;-0,01;0,12
0,464;0,03;-0,01;0,12
0,465;-0,01;0,01;-0,00
0,466;-0,02;0,04;-0,07
0,468;0,00;0,04;-0,11
0,471;0,03;0,03;-0,15
0,482;0,03;-0,00;-0,05
0,491;0,01;0,01;0,09
0,510;0,01;-0,02;0,16
0,515;0,04;-0,02;0,15
0,533;-0,03;-0,05;0,14
0,536;-0,11;-0,10;0,06
0,541;-0,09;-0,07;0,11
0,560;-0,00;0,03;0,07
0,571;0,09;0,12;-0,06
0,572;0,16;0,16;-0,13
0,613;0,11;0,10;-0,11
0,615;0,00;0,02;-0,01
0,616;-0,08;-0,01;0,02
0,617;-0,03;-0,00;-0,05
0,620;0,01;0,05;-0,11
0,632;0,02;0,09;-0,01
0,640;0,02;0,04;-0,01
0,661;0,00;-0,02;0,11
0,664;0,03;-0,07;0,23
0,696;0,01;-0,11;0,31
0,699;0,01;-0,13;0,36
0,701;-0,02;-0,16;0,45
0,702;-0,02;-0,17;0,40
0,711;0,02;-0,09;0,17
0,721;0,04;0,04;-0,02
0,744;0,02;0,13;-0,19
0,747;-0,02;0,14;-0,20
0,776;-0,08;0,08;-0,10
0,779;-0,12;0,05;-0,01
0,781;-0,16;0,00;0,08
0,784;-0,09;0,02;0,06
0,792;-0,00;0,09;0,00
0,802;-0,02;0,07;-0,13
0,812;-0,02;0,06;-0,16
0,830;0,03;0,08;-0,19
0,834;0,12;0,12;-0,18
0,842;0,15;0,14;-0,03
0,878;0,14;0,11;0,05
0,880;0,16;0,12;0,08
0,881;0,17;0,13;0,12
0,883;0,22;0,12;0,15
0,891;0,15;0,10;0,17
0,902;0,14;0,04;0,19
0,911;0,16;0,04;0,15
0,920;0,10;0,05;0,15
0,931;0,02;0,04;0,16
0,943;-0,00;0,01;0,14
0,980;0,07;0,05;0,16
0,982;0,10;0,07;0,22
0,984;0,06;0,06;0,28
0,985;-0,01;0,04;0,21
0,996;-0,09;0,05;0,10
1,000;-0,01;0,06;0,00
1,011;0,12;0,16;-0,02
1,023;0,11;0,18;0,06
1,032;0,08;0,11;0,13
1,056;-0,01;0,08;0,15
1,057;-0,06;0,09;0,10
1,061;-0,09;0,07;0,07
1,072;-0,11;0,04;0,13
1,080;-0,15;0,00;0,09
1,091;-0,18;-0,04;0,03
1,100;-0,18;-0,07;0,10
1,112;-0,06;-0,07;0,16
1,137;0,03;-0,05;0,24
1,140;-0,00;-0,09;0,38
1,149;-0,04;-0,14;0,40
1,203;-0,02;-0,12;0,26
1,206;0,06;-0,02;0,11
1,209;0,01;-0,02;0,05
1,210;-0,08;-0,12;0,13
1,212;-0,15;-0,12;0,16
1,213;-0,08;-0,04;0,16
1,215;-0,07;-0,03;0,16
1,224;-0,06;-0,01;0,11
1,231;-0,02;-0,01;0,10
1,247;0,02;0,03;0,09
1,253;-0,04;0,02;0,09
1,260;-0,08;-0,03;0,09
1,283;-0,10;0,00;0,05
1,286;-0,06;0,05;-0,05
1,291;0,04;0,11;-0,12
1,301;-0,04;0,05;0,06
1,312;-0,17;-0,04;0,20
1,329;-0,22;-0,11;0,22
1,340;-0,18;-0,10;0,20
1,343;-0,03;0,01;0,16
1,381;0,02;0,05;0,09
1,384;0,02;0,05;0,09
1,384;-0,03;0,06;0,06
1,385;-0,03;0,06;0,00
1,385;0,02;0,02;0,03
1,392;0,02;0,02;0,03
1,400;0,02;0,02;0,15
1,411;-0,06;-0,02;0,13
1,434;-0,05;-0,03;0,04
1,446;0,03;0,03;-0,00
1,449;0,10;0,06;-0,04
1,452;0,21;0,09;0,00
1,473;0,23;0,14;0,04
1,474;0,10;0,08;0,08
1,485;0,03;0,06;0,05
1,486;0,03;0,06;0,05
1,491;0,05;0,10;-0,08
1,500;0,05;0,13;-0,07
1,511;0,01;0,08;-0,00
1,520;-0,06;-0,00;0,03
1,530;-0,10;-0,00;0,11
1,563;-0,06;-0,03;0,22
1,565;-0,04;-0,02;0,17
1,566;0,06;0,09;0,07
1,576;0,05;0,08;0,01
1,582;0,04;0,05;0,01
1,592;0,01;0,05;0,06
1,600;-0,03;0,03;0,16
1,611;-0,00;0,01;0,20
1,621;0,00;0,03;0,21
1,639;-0,04;0,02;0,22
1,641;-0,04;0,02;0,22
1,651;-0,15;-0,02;0,12
1,671;-0,11;0,01;0,04
1,673;-0,08;0,07;-0,00
1,680;0,06;0,10;0,03
1,691;0,05;0,07;0,03
1,700;-0,04;0,02;0,14
1,711;-0,15;-0,07;0,23
1,720;-0,11;-0,07;0,16
1,738;-0,04;-0,07;0,15
1,741;-0,04;-0,07;0,15
1,742;0,00;-0,09;0,12
1,752;0,01;-0,10;0,09
1,765;0,00;-0,13;0,06
1,771;-0,06;-0,13;0,12
1,780;-0,12;-0,09;0,10
1,791;-0,08;-0,06;0,01
1,801;-0,07;-0,01;-0,13
1,813;-0,05;0,01;-0,24
1,821;-0,10;-0,01;-0,21
1,832;-0,10;-0,05;-0,15
1,854;-0,01;-0,04;-0,09
1,857;0,02;-0,01;-0,05
1,903;0,02;-0,01;-0,05
1,905;-0,04;-0,01;-0,02
1,907;-0,00;0,00;-0,06
1,909;0,04;0,04;0,03
1,911;0,00;0,06;0,07
1,912;-0,07;0,02;0,05
1,921;-0,12;0,03;-0,07
1,937;-0,11;0,06;-0,11
1,944;-0,12;0,12;-0,16
1,970;-0,11;0,12;-0,11
1,976;-0,00;0,12;-0,03
1,977;0,07;0,12;0,17
1,981;0,18;0,13;0,30
1,993;0,25;0,14;0,47
2,000;0,25;0,13;0,49
2,014;0,26;0,13;0,49
2,021;0,23;0,12;0,44
2,032;0,19;0,12;0,34
2,053;0,17;0,12;0,28
2,056;0,12;0,11;0,33
2,111;0,11;0,13;0,35
2,113;0,11;0,13;0,35
2,114;0,10;0,15;0,12
2,115;0,04;0,13;0,09
2,116;-0,07;0,06;0,05
2,117;-0,15;-0,00;0,16
2,127;-0,12;-0,04;0,06
2,143;-0,12;-0,03;0,07
2,146;-0,14;-0,07;0,11
2,151;-0,15;-0,10;0,12
2,172;-0,14;-0,09;0,12
2,176;-0,06;-0,03;0,01
2,216;-0,04;-0,01;-0,04
2,219;-0,09;-0,05;-0,09
2,220;-0,09;-0,08;0,02
2,221;-0,12;-0,08;-0,01
2,222;-0,09;-0,06;0,01
2,231;-0,05;-0,03;-0,01
2,240;-0,01;0,02;-0,07
2,252;-0,01;0,05;-0,10
2,287;-0,05;0,05;-0,15
2,289;-0,05;0,05;-0,15
2,291;-0,09;0,05;-0,14
2,292;-0,11;0,04;-0,06
2,294;-0,06;0,10;-0,02
2,300;0,01;0,11;-0,06
2,313;0,03;0,09;-0,04
2,320;0,03;0,00;0,16
2,337;0,04;-0,05;0,31
2,340;0,08;-0,09;0,41
2,382;0,07;-0,06;0,43
2,384;0,02;-0,08;0,35
2,385;0,01;-0,03;0,24
2,386;0,02;0,02;0,09
2,391;0,01;0,08;0,05
2,401;0,00;0,06;0,13
2,414;-0,04;-0,01;0,19
2,421;-0,01;0,03;0,20
2,433;0,06;0,05;0,05
2,441;0,14;0,09;-0,04
2,456;0,15;0,11;-0,05
2,504;0,10;0,09;-0,08
2,507;0,10;0,09;-0,08
2,508;0,05;0,07;-0,12
2,509;0,06;0,07;-0,11
2,511;0,11;0,09;-0,07
2,513;0,12;0,09;0,01
2,515;0,09;0,05;0,05
2,520;0,06;0,02;0,06
2,536;-0,02;-0,01;0,06
2,542;-0,04;-0,08;0,07
2,572;-0,08;-0,09;0,12
2,574;-0,06;-0,05;0,05
2,575;0,08;0,03;-0,12
2,581;0,17;0,11;-0,15
2,591;0,11;0,12;-0,07
2,601;-0,03;0,05;0,05
2,613;-0,06;0,02;0,02
2,621;-0,05;0,04;0,01
2,634;-0,06;0,02;0,04
2,642;-0,18;-0,02;0,04
2,658;-0,23;-0,07;0,05
2,661;-0,16;-0,08;0,05
2,711;-0,04;-0,01;-0,00
2,714;0,02;0,05;0,00
2,715;-0,02;0,03;-0,05
2,716;-0,08;0,00;0,03
2,718;-0,16;-0,05;0,18
2,720;0,05;-0,09;0,32
2,734;0,18;0,05;0,29
2,740;0,14;0,07;0,21
2,761;0,00;-0,01;0,34
2,764;-0,09;-0,07;0,34
2,771;-0,04;-0,00;0,22
2,786;0,07;0,09;0,11
2,791;0,13;0,16;0,05
2,800;0,12;0,19;-0,01
2,811;0,06;0,18;-0,05
2,824;0,07;0,15;0,03
2,840;0,04;0,11;0,12
2,842;0,03;0,07;0,16
2,885;0,04;0,04;0,10
2,886;-0,04;-0,04;0,07
2,887;-0,10;-0,12;0,01
2,888;-0,16;-0,18;0,07
2,891;-0,14;-0,18;0,09
2,900;-0,12;-0,13;0,11
2,911;-0,07;-0,08;0,12
2,920;-0,05;-0,07;0,04
2,939;-0,04;-0,05;0,08
2,950;-0,09;-0,05;0,12
2,955;-0,09;-0,06;0,03
2,960;-0,02;-0,05;-0,05
2,987;-0,05;-0,03;-0,02
2,989;-0,02;-0,02;-0,02
2,991;-0,01;-0,01;-0,05
3,001;0,00;0,03;0,04
3,011;0,08;0,05;0,09
3,020;0,06;0,05;0,16
3,040;0,03;0,04;0,15
3,043;0,01;0,05;0,03
3,085;0,04;0,10;-0,12
3,087;0,13;0,16;-0,20
3,088;0,15;0,16;-0,13
3,089;0,16;0,11;-0,03
3,091;0,11;0,14;0,04
3,101;0,07;0,07;0,22
3,111;0,02;0,01;0,30
3,121;-0,06;-0,06;0,37
3,145;-0,07;-0,05;0,26
3,148;-0,06;-0,06;0,25
3,192;-0,05;0,05;0,21
3,194;-0,06;0,12;0,02
3,195;-0,07;0,10;-0,20
3,196;-0,08;0,07;-0,18
3,197;-0,11;0,07;-0,00
3,202;-0,09;-0,01;0,11
3,211;-0,06;-0,07;0,24
3,220;-0,07;-0,04;0,33
3,231;-0,03;-0,09;0,30
3,240;-0,01;-0,06;0,22
3,281;0,02;-0,01;0,15
3,283;0,05;0,01;0,15
3,285;0,08;0,03;0,11
3,286;0,06;0,03;0,11
3,291;-0,06;-0,04;0,12
3,301;-0,12;-0,05;0,04
3,311;-0,07;-0,02;0,03
3,320;0,01;0,02;-0,02
3,331;0,02;-0,02;0,09
3,345;-0,01;-0,06;0,11
3,378;0,04;-0,08;0,19
3,381;0,07;-0,07;0,34
3,383;0,07;-0,05;0,33
3,384;0,12;0,02;0,21
3,391;0,13;0,12;0,11
3,406;0,13;0,13;0,03
3,411;0,08;0,10;0,00
3,422;0,04;0,09;0,00
3,432;0,06;0,07;-0,00
3,447;0,11;0,09;0,10
3,454;0,09;0,08;0,20
3,496;0,00;0,08;0,15
3,498;-0,07;0,07;0,01
3,499;-0,06;0,09;-0,08
3,500;-0,06;0,06;-0,08
3,502;-0,07;0,05;-0,03
3,511;-0,14;-0,00;0,07
3,520;-0,17;-0,01;0,04
3,531;-0,11;0,02;-0,04
3,544;-0,08;0,03;-0,04
3,588;-0,17;-0,05;0,04
3,591;-0,17;-0,05;0,04
3,592;-0,22;-0,12;0,11
3,593;-0,21;-0,10;0,09
3,594;-0,12;-0,07;0,03
3,596;-0,10;-0,05;0,02
3,600;-0,12;-0,05;0,09
3,612;-0,13;-0,05;0,10
3,621;-0,11;-0,03;0,07
3,631;-0,03;-0,02;0,05
3,640;0,00;-0,04;0,13
3,666;-0,00;-0,03;0,14
3,669;0,04;-0,04;0,23
3,723;0,04;-0,05;0,21
3,725;0,04;-0,05;0,21
3,726;0,04;0,00;0,12
3,727;0,10;0,06;-0,01
3,728;0,10;0,10;-0,01
3,729;0,11;0,07;0,01
3,731;0,09;0,10;-0,02
3,732;0,09;0,10;-0,01
3,740;0,03;0,06;-0,05
3,751;0,01;0,06;0,03
3,764;0,02;0,06;0,05
3,792;0,09;0,04;0,11
3,794;0,09;0,04;0,11
3,795;0,11;0,04;0,12
3,796;0,14;0,06;0,21
3,801;0,08;0,03;0,13
3,811;0,04;0,02;0,05
3,823;0,07;0,05;-0,06
3,832;0,06;0,06;-0,06
3,841;0,05;0,06;-0,04
3,854;0,00;0,02;0,11
3,869;-0,01;-0,01;0,16
3,877;-0,03;-0,04;0,21
3,880;-0,02;-0,03;0,16
3,913;0,01;-0,01;0,20
3,915;-0,05;-0,05;0,21
3,921;-0,06;-0,06;0,20
3,922;-0,04;-0,01;0,13
3,931;-0,01;0,02;0,10
3,947;0,05;0,05;0,01
3,951;0,08;0,10;-0,00
3,979;0,01;0,12;0,01
3,981;0,01;0,08;0,01
3,982;0,04;0,09;-0,02
3,991;0,02;0,06;0,01
4,000;0,01;-0,01;0,03
4,011;-0,05;-0,06;0,09
4,021;-0,08;-0,09;0,19
4,032;-0,05;-0,10;0,21
4,052;-0,03;-0,04;0,23
4,056;-0,02;0,01;0,14
4,060;0,03;0,04;0,10
4,071;0,07;0,03;0,11
4,094;0,03;0,03;0,17
4,096;-0,01;-0,01;0,21
4,100;-0,07;-0,03;0,17
4,111;-0,08;-0,02;0,04
4,120;-0,05;0,03;-0,04
4,131;-0,02;0,03;-0,08
4,153;0,02;0,02;-0,04
4,156;-0,02;-0,03;0,11
4,161;-0,06;-0,04;0,08
4,172;-0,05;-0,06;0,08
4,212;0,01;-0,02;0,13
4,215;0,00;0,01;0,16
4,216;0,04;0,01;0,08
4,217;0,04;0,01;-0,00
4,221;0,08;0,05;0,01
4,231;0,05;0,03;0,13
4,253;-0,00;0,00;0,19
4,258;-0,00;0,00;0,19
4,282;0,03;0,05;0,05
4,285;0,07;0,08;0,06
4,286;0,05;0,06;0,03
4,296;0,06;0,10;-0,10
4,300;0,03;0,11;-0,18
4,311;0,03;0,11;-0,14
4,320;0,01;0,09;-0,08
4,332;-0,01;0,10;-0,11
4,351;-0,05;0,06;-0,14
4,354;-0,05;0,06;-0,08
4,397;-0,04;0,04;0,07
4,399;-0,04;-0,00;0,13
4,401;-0,03;-0,05;0,13
4,402;-0,03;-0,06;0,22
4,403;-0,01;-0,07;0,36
4,411;-0,07;-0,08;0,42
4,420;-0,09;-0,08;0,39
4,431;-0,08;-0,09;0,33
4,456;-0,07;-0,09;0,38
4,460;-0,08;-0,09;0,35
4,462;-0,08;-0,09;0,35
4,464;-0,08;-0,07;0,27
4,472;-0,06;-0,00;0,11
4,503;-0,02;0,09;-0,09
4,505;-0,06;0,08;-0,11
4,506;-0,09;0,08;-0,11
4,513;-0,06;0,04;-0,03
4,520;0,01;0,02;0,09
4,531;0,00;0,00;0,24
4,540;-0,06;-0,01;0,25
4,552;-0,05;-0,01;0,15
4,566;0,01;0,04;0,05
4,589;0,02;0,04;0,01
4,590;-0,01;0,03;0,06
4,591;-0,03;-0,00;0,09
4,601;-0,07;-0,01;0,07
4,611;-0,03;0,02;0,08
4,621;0,02;0,06;-0,01
4,631;0,04;0,10;-0,09
4,640;0,03;0,03;-0,13
4,653;0,07;0,01;-0,06
4,696;0,14;0,01;-0,00
4,698;0,10;-0,05;0,18
4,699;0,03;-0,10;0,33
4,700;-0,02;-0,12;0,36
4,701;0,03;-0,08;0,33
4,714;0,04;-0,07;0,32
4,720;0,05;-0,02;0,27
4,731;0,07;0,01;0,13
4,741;0,13;0,04;0,05
4,755;0,12;0,09;0,05
4,802;0,08;0,14;0,00
4,804;0,07;0,20;-0,05
4,805;0,02;0,15;-0,12
4,807;0,02;0,08;-0,08
4,808;0,04;-0,01;0,10
4,813;0,04;-0,01;0,24
4,820;-0,00;0,01;0,20
4,832;-0,04;0,10;-0,06
4,840;-0,06;0,14;-0,41
4,851;-0,15;0,13;-0,46
4,873;-0,22;0,10;-0,35
4,877;-0,26;0,08;-0,29
4,927;-0,27;0,02;-0,20
4,929;-0,23;-0,08;-0,05
4,934;-0,16;-0,13;0,16
4,935;-0,16;-0,18;0,40
4,936;-0,15;-0,24;0,52
4,938;-0,19;-0,23;0,41
4,941;-0,18;-0,18;0,24
4,951;-0,11;-0,03;0,08
4,960;-0,02;0,09;-0,11
4,971;-0,04;0,09;-0,13
4,999;-0,05;0,07;0,05
5,001;-0,02;0,06;0,16
5,002;0,16;0,10;0,23
5,013;0,20;0,12;0,40
5,020;0,15;0,10;0,35
5,032;0,12;0,11;0,21
5,040;0,20;0,16;0,02
5,054;0,17;0,19;0,01
5,060;0,12;0,15;0,04
5,096;0,12;0,18;0,01
5,098;0,10;0,19;-0,08
5,100;0,05;0,16;-0,10
5,102;-0,06;0,12;-0,01
5,112;-0,08;0,08;-0,04
5,121;-0,08;0,10;-0,16
5,132;-0,13;0,03;-0,14
5,141;-0,17;-0,03;-0,13
5,158;-0,23;-0,03;-0,12
5,162;-0,22;-0,05;-0,13
5,194;-0,11;-0,09;-0,13
5,197;-0,03;-0,06;-0,02
5,199;0,08;-0,07;0,10
5,202;0,14;-0,05;0,13
5,213;0,17;0,01;0,21
5,222;0,18;0,02;0,26
5,242;0,15;0,03;0,21
5,246;0,17;0,04;0,11
5,294;0,20;0,09;0,05
5,295;0,20;0,14;0,10
5,297;0,10;0,07;0,32
5,298;-0,01;0,00;0,48
5,300;-0,01;-0,02;0,46
5,301;0,03;0,01;0,45
5,311;0,05;0,01;0,35
5,323;0,08;0,03;0,26
5,335;0,18;0,09;0,13
5,342;0,18;0,12;0,10
5,376;0,16;0,11;0,09
5,385;0,17;0,14;0,10
5,390;0,22;0,17;0,10
5,392;0,26;0,19;0,08
5,394;0,20;0,14;0,12
5,421;0,11;0,02;0,07
5,422;0,09;-0,00;-0,04
5,423;0,07;0,00;-0,12
5,433;0,10;0,04;-0,22
5,441;0,05;0,04;-0,30
5,456;-0,01;-0,00;-0,36
5,461;-0,05;0,04;-0,46
5,498;-0,06;0,02;-0,40
5,501;-0,14;0,06;-0,29
5,503;-0,15;0,10;-0,38
5,506;-0,08;0,09;-0,49
5,508;-0,08;0,09;-0,49
5,511;-0,03;0,01;-0,29
5,521;0,00;-0,04;-0,05
5,532;0,02;-0,09;0,14
5,540;-0,01;-0,06;0,31
5,567;-0,10;-0,00;0,32
5,571;-0,17;0,07;0,32
5,575;-0,17;0,16;0,30
5,581;-0,03;0,31;0,10
5,605;0,20;0,43;0,03
5,607;0,33;0,44;0,19
5,611;0,34;0,41;0,36
5,620;0,27;0,31;0,45
5,631;0,35;0,31;0,49
5,640;0,56;0,38;0,72
5,666;0,75;0,47;0,85
5,669;0,72;0,53;0,57
5,671;0,50;0,52;0,07
5,681;0,24;0,41;-0,24
5,700;0,07;0,31;-0,39
5,702;-0,10;0,24;-0,25
5,711;-0,17;0,11;0,08
5,720;-0,32;-0,03;0,54
5,731;-0,38;-0,15;0,66
5,740;-0,36;-0,13;0,54
5,766;-0,31;-0,05;0,34
5,768;-0,18;0,01;0,25
5,771;-0,10;0,11;0,10
5,780;-0,10;0,15;-0,10
5,792;-0,19;0,15;-0,20
5,806;-0,23;0,14;-0,15
5,811;-0,17;0,16;-0,17
5,820;-0,15;0,15;-0,17
5,832;0,02;0,31;-0,46
5,840;0,06;0,38;-0,78
5,861;0,07;0,38;-1,01
5,864;-0,02;0,25;-0,86
5,901;0,06;0,08;-0,65
5,903;0,32;0,08;-0,56
5,912;0,41;0,11;-0,57
5,913;0,21;0,07;-0,48
5,915;-0,07;-0,05;-0,45
5,918;-0,07;-0,05;-0,45
5,923;-0,21;-0,07;-0,76
5,931;-0,44;0,11;-0,40
5,940;-0,47;0,31;-0,47
5,951;-0,41;0,42;-0,89
5,960;-0,21;0,62;-2,17
5,993;-0,04;0,55;-2,62
5,994;-0,20;0,16;-1,91
5,995;-0,50;-0,25;-0,58
6,002;-0,47;-0,41;1,21
6,011;-0,29;-0,25;1,46
6,022;0,29;0,27;1,51
6,031;0,87;0,72;1,02
6,041;0,97;0,89;-0,01
6,052;0,79;0,92;-1,16
6,066;0,55;0,76;-1,95
6,116;0,44;0,57;-1,86
6,119;0,19;0,26;-1,36
6,120;-0,11;0,02;-0,48
6,121;-0,43;-0,18;0,16
6,122;-0,61;-0,28;0,34
6,124;-0,62;-0,22;0,07
6,131;-0,58;-0,18;-0,47
6,146;-0,52;-0,23;-0,97
6,155;-0,32;-0,25;-1,21
6,183;-0,17;-0,26;-1,37
6,186;-0,33;-0,40;-1,10
6,188;-0,56;-0,61;-0,67
6,194;-0,88;-0,78;-0,45
6,201;-1,04;-0,78;-0,47
6,211;-1,04;-0,62;-0,41
6,222;-0,90;-0,35;-0,16
6,231;-0,41;-0,13;0,03
6,244;0,03;0,31;0,42
6,252;0,13;0,35;0,68
6,270;0,07;0,23;1,27
6,281;-0,13;0,22;1,31
6,283;-0,13;0,22;1,31
6,315;-0,22;0,31;1,73
6,318;-0,02;0,44;2,53
6,319;-0,08;0,49;3,34
6,326;-0,35;0,66;3,27
6,331;-0,28;0,71;3,46
6,340;0,06;0,97;3,69
6,351;0,28;1,27;3,60
6,363;0,27;1,31;4,39
6,401;0,08;0,99;4,80
6,403;-0,22;0,71;4,75
6,405;-0,25;0,66;4,43
6,407;-0,02;0,70;3,87
6,411;0,34;0,84;3,19
6,421;0,57;0,95;1,95
6,431;0,55;0,69;0,65
6,452;0,27;0,40;-0,24
6,462;0,17;0,06;-0,15
6,464;-0,18;-0,63;0,89
6,472;-0,40;-1,43;2,16
6,507;-0,45;-1,91;3,17
6,509;-0,05;-2,07;3,31
6,511;0,69;-1,76;3,08
6,512;1,40;-1,12;2,67
6,521;1,78;-0,46;1,45
6,531;1,89;0,04;0,00
6,552;1,88;0,24;-0,97
6,556;1,83;0,19;-1,38
6,607;1,71;0,16;-1,57
6,609;1,60;0,01;-1,10
6,611;1,25;-0,49;0,20
6,612;0,77;-0,86;0,99
6,613;0,36;-0,83;0,82
6,615;-0,01;-0,72;0,01
6,621;-0,29;-0,49;-0,91
6,631;-0,52;-0,20;-1,71
6,650;-0,79;0,01;-2,25
6,652;-0,96;0,12;-2,56
6,688;-1,16;0,11;-2,84
6,691;-1,39;-0,02;-2,85
6,692;-1,55;-0,19;-2,86
6,694;-1,29;-0,24;-2,17
6,700;-1,04;-0,33;-1,84
6,712;-0,49;-0,07;-1,72
6,721;-0,26;0,01;-2,00
6,733;-0,00;0,42;-2,70
6,740;-0,12;0,61;-3,51
6,752;-0,29;0,77;-4,09
6,805;-0,47;0,82;-4,23
6,808;-0,71;0,52;-3,54
6,810;-0,86;0,13;-1,97
6,811;-0,87;-0,14;-0,87
6,812;-1,03;-0,22;-0,91
6,813;-0,99;-0,31;-0,41
6,820;-0,73;-0,11;0,20
6,831;-0,30;0,28;0,41
6,841;0,17;0,60;0,39
6,855;0,27;0,76;0,62
6,919;0,32;0,80;1,23
6,921;0,29;0,75;1,81
6,931;0,12;0,69;2,25
6,932;0,20;0,84;2,41
6,934;0,32;1,12;1,95
6,935;0,27;1,30;1,32
6,936;0,24;1,32;0,94
6,937;0,07;1,11;1,19
6,941;-0,33;0,45;2,00
6,951;-0,72;-0,26;3,02
6,961;-1,27;-0,56;4,25
6,971;-1,87;-0,47;5,00
6,983;-1,55;-0,22;4,05
6,991;-0,47;-0,20;2,47
7,035;-0,04;-0,18;1,99
7,037;0,48;-0,25;2,00
7,038;0,71;-0,35;2,68
7,040;0,54;-0,64;3,19
7,041;0,34;-1,21;3,35
7,051;-0,01;-1,69;3,08
7,074;-0,21;-1,66;2,35
7,081;0,02;-1,28;1,21
7,082;0,40;-0,86;0,21
7,110;0,44;-0,53;-0,75
7,111;0,27;-0,24;-1,71
7,111;0,19;-0,12;-2,82
7,120;0,29;-0,08;-2,95
7,131;0,12;-0,35;-1,76
7,141;-0,07;-0,92;-0,25
7,152;-0,19;-1,18;-0,02
7,198;-0,16;-1,17;-0,38
7,201;-0,00;-1,03;-0,93
7,202;0,26;-0,73;-1,49
7,203;0,37;-0,49;-2,06
7,204;0,35;-0,31;-2,59
7,215;0,33;-0,29;-2,59
7,218;0,21;-0,14;-2,77
7,222;-0,02;-0,10;-2,68
7,232;-0,26;-0,22;-2,37
7,241;-0,35;-0,35;-2,17
7,256;-0,34;-0,34;-1,83
7,321;-0,35;-0,13;-1,75
7,324;-0,10;0,09;-2,30
7,325;0,05;0,39;-2,84
7,326;0,10;0,62;-2,76
7,328;0,12;0,66;-2,38
7,329;-0,04;0,54;-1,61
7,332;-0,25;0,38;-0,92
7,333;-0,30;0,41;-0,55
7,340;-0,30;0,49;-0,10
7,353;0,20;0,75;0,51
7,360;0,50;1,13;1,44
7,392;0,57;1,20;1,94
7,394;0,65;1,29;1,55
7,395;0,83;1,43;1,17
7,402;0,87;1,54;1,12
7,412;0,68;1,37;1,15
7,420;0,20;0,97;1,54
7,432;0,14;0,41;2,55
7,441;0,03;0,15;3,47
7,453;0,00;0,39;4,00
7,461;0,47;0,65;3,04
7,481;1,30;0,48;0,90
7,485;1,37;0,22;0,14
7,491;1,11;0,34;0,15
7,545;0,87;0,27;0,93
7,548;0,19;-0,08;2,35
7,549;-0,48;-0,65;3,82
7,550;-0,47;-1,16;4,52
7,551;-0,02;-1,00;4,47
7,553;0,84;-0,39;3,05
7,560;1,80;0,14;1,36
7,571;2,02;0,19;0,99
7,597;1,61;-0,17;1,05
7,600;1,61;-0,17;1,05
7,602;0,96;-0,38;0,46
7,605;0,46;-0,41;-0,30
7,613;0,11;-0,42;-0,99
7,639;-0,38;-0,49;-1,59
7,642;-0,68;-0,50;-2,27
7,643;-1,06;-0,50;-3,28
7,652;-1,08;-0,44;-4,42
7,661;-1,10;-0,37;-4,35
7,672;-0,99;-0,63;-3,40
7,733;-0,50;-0,71;-2,48
7,735;0,09;-0,24;-1,91
7,737;0,55;0,14;-1,72
7,738;0,41;0,29;-2,37
7,739;-0,62;0,27;-3,64
7,740;-1,59;0,27;-4,63
7,742;-2,13;0,15;-4,80
7,751;-2,10;0,02;-4,17
7,760;-1,55;-0,08;-3,01
7,792;-0,75;-0,14;-1,81
7,796;0,01;-0,03;-1,20
7,802;-0,06;-0,02;-0,27
7,804;-0,43;-0,20;0,45
7,845;-0,58;-0,13;0,38
7,846;-0,64;0,22;0,11
7,847;-0,64;0,63;0,03
7,847;-0,36;1,19;-0,07
7,858;0,00;1,92;-0,05
7,867;0,47;2,14;0,34
7,871;0,86;1,76;1,74
7,881;0,80;1,10;3,21
7,892;0,34;0,61;4,17
7,946;0,10;0,52;4,49
7,949;-0,15;0,63;4,22
7,952;-0,38;1,18;3,24
7,954;-0,81;1,96;2,01
7,956;-1,12;2,33;0,79
7,958;-0,24;2,26;-0,60
7,963;0,44;1,67;-0,15
7,979;0,35;0,55;2,06
7,982;-0,30;-0,87;4,77
8,030;-1,14;-1,77;6,86
8,031;-1,66;-2,32;7,32
8,032;-1,55;-2,36;6,37
8,032;-0,30;-1,34;4,55
8,033;1,13;-0,32;2,90
8,041;1,98;0,22;0,68
8,064;2,47;0,80;-1,46
8,067;2,25;0,85;-2,76
8,116;1,28;-0,02;-2,59
8,120;0,23;-1,16;-1,70
8,122;-0,50;-1,83;-0,67
8,124;-0,65;-2,16;-0,25
8,127;-0,50;-2,09;-0,30
8,129;-0,28;-1,74;-0,76
8,131;0,01;-1,31;-1,73
8,141;0,36;-0,83;-3,36
8,151;0,36;-0,29;-4,88
8,168;0,14;-0,22;-5,41
8,175;-0,44;-0,59;-5,38
8,181;-0,89;-0,94;-5,31
8,221;-1,28;-1,33;-4,35
8,223;-1,01;-1,54;-2,47
8,224;-0,65;-1,51;-1,57
8,225;0,32;-0,93;-0,78
8,231;0,57;-0,46;-1,25
8,240;0,91;0,21;-2,48
8,251;0,95;0,78;-3,47
8,261;0,64;1,21;-3,91
8,324;0,41;1,53;-3,06
8,327;0,29;1,62;-1,15
8,328;0,52;1,71;0,05
8,329;0,64;1,75;0,69
8,330;0,93;1,89;0,85
8,332;1,55;2,28;0,27
8,333;2,68;2,96;-0,64
8,342;3,03;3,59;-1,20
8,352;2,25;3,05;-1,28
8,367;0,78;1,89;-1,46
8,372;-0,27;0,41;-0,55
8,380;-0,35;-0,94;1,43
8,421;0,47;-2,00;3,04
8,423;1,74;-3,22;3,02
8,424;1,39;-3,20;2,72
8,426;0,52;-2,85;2,08
8,431;-0,00;-2,08;1,04
8,440;-0,11;-1,31;0,13
8,451;-0,36;-0,86;-0,63
8,464;-0,32;-0,64;-0,62
8,522;-0,36;-1,09;1,25
8,525;0,29;-1,95;3,98
8,527;1,00;-2,22;6,68
8,528;1,13;-1,93;7,98
8,531;2,21;-0,82;7,06
8,534;3,58;1,17;5,30
8,538;3,99;2,49;3,27
8,541;3,13;2,60;2,56
8,552;1,22;1,77;2,69
8,568;0,08;0,90;4,47
8,631;0,12;0,36;6,94
8,633;0,35;0,60;8,29
8,634;0,37;0,94;8,20
8,636;-0,09;1,24;6,48
8,637;0,08;1,94;3,59
8,638;0,82;2,83;0,51
8,640;0,92;3,15;-1,64
8,642;0,47;2,81;-3,88
8,651;0,35;2,65;-4,46
8,664;-0,00;2,16;-3,80
8,726;-0,92;1,02;-2,09
8,730;-1,97;0,17;-0,82
8,732;-2,87;0,10;-0,96
8,736;-3,47;0,23;-2,46
8,740;-3,63;0,55;-4,53
8,745;-3,85;0,73;-5,73
8,749;-3,76;0,36;-4,65
8,753;-3,18;0,01;-4,52
8,758;-4,49;-0,84;-1,08
8,764;-3,55;-0,48;-2,33
8,772;-2,51;-0,36;-2,79
8,782;-1,12;-0,01;-3,33
8,802;-0,20;-0,04;-4,04
8,806;0,33;-0,40;-4,61
8,882;0,52;-1,19;-4,61
8,884;0,69;-2,18;-3,09
8,886;0,35;-3,37;-0,10
8,887;-0,32;-4,41;2,24
8,888;-1,68;-4,23;2,76
8,894;-2,26;-1,91;0,85
8,896;0,96;0,59;-2,95
8,898;4,32;1,68;-6,47
8,901;4,62;0,26;-5,09
8,903;1,56;-3,12;4,54
8,914;-0,91;-5,71;14,23
8,920;-2,01;-5,91;19,19
8,934;-1,80;-4,67;17,61
8,998;-0,58;-2,42;11,34
9,003;1,51;0,43;3,80
9,005;3,21;2,81;-0,80
9,008;3,72;3,75;-0,98
9,012;3,73;2,99;1,76
9,016;2,90;1,81;4,33
9,018;1,74;1,13;5,89
9,020;0,87;0,63;8,07
9,022;0,53;0,71;7,76
9,037;0,35;1,66;4,25
9,040;0,81;2,35;0,17
9,119;1,63;2,81;-2,18
9,121;1,86;2,17;-2,56
9,122;2,07;0,83;-1,54
9,124;1,90;-0,77;0,36
9,125;1,31;-2,06;1,66
9,126;0,46;-2,83;1,74
9,128;0,79;-2,56;0,41
9,129;2,34;-1,17;-2,04
9,142;3,91;0,29;-4,72
9,146;3,53;0,33;-4,69
9,152;2,13;0,55;-9,21
9,209;0,66;-0,50;-9,48
9,212;-0,45;-1,34;-8,48
9,214;-1,26;-2,40;-6,17
9,216;-1,62;-3,52;-4,05
9,218;-1,12;-3,59;-3,61
9,221;-0,33;-2,93;-4,12
9,224;0,79;-1,90;-4,07
9,238;1,08;-0,81;-3,07
9,241;0,44;-0,41;-2,18
9,305;-1,40;-0,07;-1,21
9,307;-2,00;-0,28;-1,55
9,309;-1,11;-0,69;-3,39
9,310;-2,28;-0,09;-3,16
9,312;-2,54;0,40;-1,04
9,313;-2,57;0,28;3,02
9,315;-2,32;0,25;2,85
9,325;-4,37;-0,68;12,99
9,331;-4,57;0,32;14,43
9,340;-3,27;2,19;12,87
9,398;-1,15;3,79;9,60
9,401;0,47;5,33;5,17
9,402;2,22;6,20;2,70
9,404;4,07;6,46;2,58
9,406;3,13;5,35;2,79
9,408;0,27;3,43;2,69
9,415;-1,71;1,76;4,95
9,420;-2,59;0,74;7,50
9,440;-2,70;0,55;6,84
9,443;-2,88;0,65;2,76
9,512;-2,45;1,10;-1,67
9,514;-1,58;1,55;-4,54
9,515;-1,58;1,55;-4,54
9,516;0,00;2,47;-5,50
9,518;0,18;2,81;-4,06
9,519;-0,93;2,00;-1,64
9,520;-2,43;1,22;-0,06
9,522;-2,87;1,14;-0,21
9,523;-2,49;1,15;-1,67
9,537;-2,56;1,06;-2,95
9,542;-3,40;0,62;-3,61
9,612;-4,06;0,04;-2,26
9,615;-3,10;0,02;-1,08
9,617;-1,57;1,00;-2,10
9,619;-0,37;1,72;-3,04
9,624;-0,62;1,02;-3,30
9,628;-0,66;0,15;-2,70
9,631;-0,32;-0,40;-1,61
9,635;-0,23;-1,04;-0,62
9,638;-0,71;-1,53;0,41
9,652;-1,44;-2,62;2,22
9,656;-2,16;-2,99;3,29
9,661;-0,03;-1,11;1,43
9,727;3,81;0,72;-3,93
9,730;4,22;-0,11;-7,59
9,732;1,05;-3,32;-2,95
9,735;-2,61;-5,85;7,96
9,737;-3,81;-5,78;16,32
9,740;-3,05;-3,59;17,54
9,742;-1,34;-1,69;12,27
9,743;1,85;0,33;7,10
9,754;4,14;2,55;3,98
9,761;4,78;3,43;1,77
9,829;3,82;2,73;1,71
9,830;1,96;1,27;4,44
9,830;0,65;-0,11;7,59
9,831;0,19;-0,72;8,60
9,831;0,10;-0,62;6,82
9,832;0,47;-0,40;3,88
9,832;1,48;-0,81;0,38
9,841;2,66;-2,01;-2,20
9,865;4,07;-2,96;-2,67
9,867;4,41;-3,30;-1,87
9,871;4,37;-2,43;-2,14
9,929;4,54;-1,02;-4,82
9,930;3,70;-0,07;-7,88
9,931;2,23;0,48;-9,68
9,931;1,55;0,54;-9,76
9,932;0,91;0,09;-9,32
9,932;-0,15;-0,96;-8,21
9,941;-1,77;-2,24;-6,37
9,958;-2,45;-2,91;-5,22
9,961;-1,96;-2,34;-5,18
10,035;-0,83;-1,20;-4,90
10,038;-0,81;-0,44;-4,21
10,039;-1,17;0,16;-4,31
10,041;-0,77;-0,02;-1,88
10,042;-2,17;-1,93;5,00
10,044;-2,39;-3,24;10,14
10,046;-1,05;-2,55;8,51
10,048;-2,45;-0,28;7,23
10,059;-1,73;1,42;7,54
10,062;-1,74;1,50;9,69
10,121;-2,39;1,19;13,39
10,122;-3,54;0,63;17,66
10,122;-2,77;0,70;20,74
10,123;-1,28;1,77;18,24
10,123;0,66;3,53;11,89
10,124;1,77;5,40;6,77
10,131;0,39;7,00;3,11
10,167;-1,50;7,21;0,36
10,168;-3,62;6,49;-2,52
10,169;-4,08;5,72;-4,07
10,171;-2,65;5,21;-2,14
10,180;-2,08;4,18;-0,38
10,191;-2,21;3,16;0,56
10,210;-1,46;2,69;0,83
10,214;-0,14;2,35;0,86
10,290;-0,11;2,95;-0,10
10,292;-2,05;3,98;-1,80
10,295;-3,09;4,64;-3,41
10,297;-3,99;4,50;-3,67
10,300;-5,12;3,87;-3,01
10,303;-5,69;3,46;-2,56
10,305;-6,60;2,90;-0,55
10,307;-6,08;3,25;1,25
10,309;-4,92;4,53;1,13
10,312;-5,59;4,37;-0,58
10,324;-6,29;4,72;-0,65
10,331;-4,87;4,90;0,05
10,400;-3,46;3,19;1,15
10,401;-5,22;-0,89;5,44
10,402;-6,78;-4,73;11,52
10,402;-5,73;-4,99;16,94
10,403;1,00;-2,48;16,66
10,403;5,44;-0,47;11,57
10,403;3,12;-1,08;7,20
10,411;1,36;-2,42;8,65
10,420;-0,47;-3,78;16,10
10,431;-2,06;-5,96;22,24
10,446;-1,69;-6,84;22,06
10,458;-0,95;-6,17;19,76
10,552;1,57;-4,39;12,78
10,559;4,95;-1,11;4,33
10,565;4,61;0,90;-2,57
10,570;1,68;0,96;-5,75
10,575;-0,87;0,28;-5,87
10,578;-0,78;0,13;-5,51
10,580;0,52;-0,63;-4,71
10,582;1,45;-0,85;-4,07
10,584;0,84;-1,01;-5,71
10,586;2,59;-1,36;-8,90
10,588;7,76;-1,83;-10,95
10,590;7,76;-1,83;-10,95
10,592;7,71;-2,30;-11,23
10,595;5,33;-3,99;-10,91
10,597;2,65;-3,94;-9,91
10,609;1,40;-2,20;-7,74
10,613;0,78;-1,50;-5,76
10,693;0,54;-1,20;-5,79
10,695;0,90;-1,15;-7,13
10,696;2,22;-0,48;-10,37
10,696;3,95;-0,33;-11,09
10,697;5,00;-1,50;-6,59
10,698;4,56;-3,41;1,84
10,698;2,92;-4,12;8,96
10,699;3,34;-4,28;12,62
10,701;2,42;-2,48;10,33
10,763;2,18;1,54;5,91
10,765;2,92;2,83;5,64
10,766;2,84;0,95;11,67
10,767;-2,73;1,06;28,11
10,769;-1,86;-0,10;32,58
10,771;-1,68;-1,17;31,55
10,772;-2,85;-0,21;30,80
10,782;-2,18;3,40;30,31
10,833;-0,81;8,71;24,48
10,835;-0,52;12,73;14,07
10,837;-1,53;14,43;4,57
10,838;0,30;16,10;-2,54
10,839;-0,12;8,58;-4,13
10,844;-0,25;6,99;-4,62
10,880;0,77;4,71;-6,28
10,882;-1,02;2,12;-5,02
10,883;-8,43;-0,64;-1,15
10,885;-16,83;-4,55;3,94
10,892;-18,51;-5,31;12,26
10,901;-16,51;-1,79;12,36
10,911;-15,48;2,22;1,28
10,997;-10,91;8,38;-8,51
11,003;-7,13;13,54;-11,10
11,008;-5,85;13,58;-10,66
11,014;-8,83;8,90;-7,42
11,017;-12,36;3,27;-1,11
11,020;-14,09;-3,29;14,75
11,023;-10,71;-7,02;23,31
11,026;-1,04;-3,72;16,45
11,028;1,84;-0,97;8,05
11,030;1,58;-0,45;4,99
11,032;2,20;-0,05;6,03
11,037;2,02;-0,78;9,78
11,041;-0,44;-4,28;22,54
11,052;1,32;-5,08;27,97
11,065;6,43;-5,48;20,00
11,072;6,80;-7,69;16,58
11,163;7,46;-7,81;15,91
11,165;4,54;-6,62;13,33
11,166;1,93;-5,80;11,46
11,167;1,02;-4,29;8,58
11,167;2,00;-2,55;2,39
11,168;3,77;-1,01;-2,42
11,169;3,17;-1,01;-3,56
11,169;-0,47;-2,36;-6,50
11,170;-2,07;-2,30;-10,56
11,233;-1,59;-1,23;-13,24
11,235;-2,53;-1,56;-11,04
11,237;-2,17;-1,43;-7,24
11,238;0,59;-0,78;-5,35
11,240;3,65;-0,19;-4,62
11,241;5,08;0,37;-5,54
11,242;4,35;1,03;-7,65
11,244;3,82;2,43;-9,40
11,254;4,01;4,74;-12,30
11,307;1,83;6,65;-15,07
11,309;0,19;6,58;-9,73
11,310;1,07;4,17;0,70
11,311;4,12;3,05;7,28
11,313;4,57;2,89;12,44
11,314;2,35;2,92;11,66
11,320;0,02;3,38;5,61
11,339;-1,87;2,98;1,31
11,346;-2,39;1,40;3,88
11,352;-2,70;0,77;10,59
11,427;0,70;1,24;15,71
11,429;-0,86;2,01;15,70
11,431;-9,13;4,12;18,24
11,433;-7,80;6,95;17,93
11,436;-4,33;6,82;12,90
11,438;-3,48;3,46;12,63
11,440;-3,14;2,49;10,93
11,443;-2,42;3,20;3,67
11,445;-1,50;4,41;0,39
11,459;-1,41;4,68;-1,81
11,473;-1,13;4,40;-3,80
11,475;-1,13;4,40;-3,80
11,551;1,85;1,57;-4,66
11,555;0,99;-1,04;-1,88
11,557;-0,42;-3,51;2,90
11,559;-1,43;-3,29;5,50
11,561;-3,33;-2,26;3,53
11,563;-5,23;-0,30;-0,34
11,566;-6,05;0,84;-4,00
11,569;-5,39;0,80;-3,96
11,571;-6,24;1,06;-7,14
11,574;-6,44;0,92;-7,06
11,587;-4,37;1,90;-4,14
11,679;-1,42;3,53;1,42
11,683;-2,34;3,40;3,47
11,685;-4,00;2,76;1,25
11,687;-3,87;2,06;-0,26
11,691;-2,65;1,12;0,48
11,695;-2,00;0,84;2,97
11,697;-1,88;0,55;4,84
11,703;-1,96;-0,73;6,27
11,705;-3,01;-3,22;9,24
11,706;-4,91;-6,04;13,32
11,708;2,37;-2,59;10,50
11,710;16,85;4,04;-0,88
11,744;13,53;1,44;-5,80
11,746;13,53;1,44;-5,80
11,747;0,04;-6,58;7,96
11,748;-2,90;-5,09;21,09
11,749;0,50;-0,24;16,55
11,751;0,92;0,27;7,37
11,776;0,44;1,63;0,67
11,779;0,44;1,63;0,67
11,780;1,65;3,26;-5,73
11,783;4,36;4,97;-11,41
11,791;6,55;6,65;-15,61
11,865;2,70;4,10;-15,25
11,868;-2,19;-1,45;-11,54
11,884;-3,52;-5,74;-5,56
11,887;-2,61;-8,92;0,05
11,890;0,24;-10,72;2,63
11,894;1,29;-10,34;2,82
11,896;2,06;-8,11;-0,49
11,898;5,33;-3,57;-6,91
11,901;7,76;0,88;-11,51
11,902;6,79;2,97;-13,49
11,904;3,68;3,38;-14,52
11,931;-0,80;0,95;-8,52
11,933;-4,12;-2,93;-0,22
11,934;-4,71;-3,71;4,72
11,940;-2,56;-1,71;6,26
11,955;2,27;2,60;6,23
11,960;3,79;5,62;3,32
12,024;1,85;5,59;-1,25
12,026;-0,81;4,14;-3,87
12,027;-0,53;1,40;0,60
12,028;-3,25;0,61;15,02
12,030;3,45;-2,42;12,85
12,031;-6,54;-0,15;8,38
12,033;-13,01;1,46;10,00
12,043;-11,44;3,07;12,45
12,051;-9,76;-0,88;12,90
12,061;-9,40;-3,19;16,52
12,102;-5,97;-1,30;15,07
12,104;-0,13;2,82;13,71
12,105;3,92;5,87;11,32
12,106;4,74;9,72;4,72
12,111;1,15;11,22;1,09
12,123;-0,82;11,44;0,12
12,177;-0,50;9,77;-0,44
12,179;-0,50;9,77;-0,44
12,180;-0,33;6,76;-0,00
12,182;-2,27;5,27;2,34
12,183;-6,47;5,43;4,05
12,185;-10,92;6,72;1,44
12,186;-11,06;8,66;-4,35
12,191;-8,79;10,97;-9,94
12,206;-10,47;8,48;-13,09
12,212;-14,37;4,33;-7,75
12,309;-15,58;0,77;7,81
12,314;-13,37;-0,30;20,96
12,317;-8,46;-0,26;22,37
12,321;-7,55;-2,34;20,03
12,324;-5,97;-5,25;17,07
12,327;-0,23;-5,97;18,61
12,330;2,83;-5,47;18,17
12,334;1,66;-3,71;13,16
12,335;7,87;-2,14;11,94
12,337;7,28;-1,81;11,56
12,339;5,48;-9,42;11,85
12,342;4,79;-8,83;11,57
12,343;3,40;-10,01;17,44
12,354;1,13;-10,29;12,21
12,361;-0,29;-9,73;12,36
12,380;-0,45;-7,78;6,43
12,384;1,63;-4,79;-1,73
12,392;3,64;-1,79;-8,22
12,478;4,97;0,04;-12,37
12,482;4,46;0,09;-14,58
12,485;2,17;-0,04;-16,60
12,488;-0,41;-0,24;-16,78
12,492;-0,22;-0,54;-14,29
12,495;1,11;-0,11;-8,18
12,497;3,39;1,12;-3,18
12,500;6,67;3,92;-0,31
12,502;9,73;7,68;-1,30
12,505;13,79;9,06;-5,12
12,507;13,60;6,36;-9,06
12,514;9,29;0,94;-11,48
12,524;0,43;-5,89;-11,71
12,544;-4,50;-8,43;-8,82
12,548;-2,26;-8,39;1,16
12,669;4,99;-5,54;11,48
12,674;9,55;-2,43;15,99
12,678;9,83;-0,77;15,39
12,683;6,45;-0,75;10,87
12,685;2,64;-3,29;11,01
12,688;-5,46;-2,03;17,94
12,691;-0,74;-4,16;15,50
12,693;-9,67;-5,26;19,32
12,696;-15,29;-9,28;32,39
12,699;-14,77;-10,63;31,03
12,702;-13,63;-8,47;30,60
12,705;-12,55;-4,36;30,36
12,708;-10,32;0,61;30,15
12,710;-6,42;5,46;19,10
12,713;-0,73;12,06;7,06
12,715;1,85;14,88;1,68
12,717;3,40;19,00;-5,98
12,728;1,13;20,08;-14,40
12,731;0,32;16,86;-13,30
12,835;-3,65;11,08;-3,12
12,837;-8,99;5,88;9,52
12,838;-14,36;5,05;7,59
12,839;-17,36;7,73;-2,66
12,840;-17,32;11,38;-12,58
12,841;-16,66;11,03;-14,17
12,843;-16,76;4,93;-0,90
12,850;-18,70;-3,21;17,05
12,851;-17,67;-9,60;32,10
12,852;-16,72;-10,13;31,78
12,853;-15,09;-9,75;22,66
12,854;-10,93;-8,46;18,17
12,939;-4,34;-6,07;16,35
12,942;2,27;-2,66;12,86
12,944;4,07;-1,11;10,00
12,945;4,32;3,50;3,29
12,948;15,67;3,84;1,47
12,952;15,66;1,18;9,54
12,956;9,31;-3,63;26,43
12,958;0,45;-9,52;28,58
12,961;-0,02;-9,02;28,43
12,962;-4,45;-12,88;19,20
12,965;-1,53;-11,54;8,17
12,979;1,99;-8,35;-2,49
12,982;5,21;-3,79;-12,24
13,049;8,07;1,84;-20,43
13,050;8,92;4,91;-26,08
13,050;6,69;5,04;-26,54
13,051;2,93;4,46;-23,25
13,051;-0,53;1,62;-13,06
13,052;-4,12;-3,93;4,95
13,052;-4,22;-5,48;14,32
13,113;0,10;-0,94;5,57
13,114;3,77;4,55;-7,60
13,115;7,79;7,52;-14,63
13,115;6,80;4,48;-8,33
13,116;7,37;-2,50;2,66
13,116;5,67;-5,24;7,77
13,139;2,25;-7,46;14,38
13,142;0,94;-6,04;10,93
13,144;2,50;-2,84;4,52
13,152;2,20;-0,49;-1,66
13,164;1,00;-0,25;-6,00
13,174;3,18;-1,38;1,68
13,180;4,17;-2,92;14,27
13,196;2,44;-2,75;27,06
13,201;1,06;6,21;30,42
13,222;6,11;6,47;7,71
13,226;-11,22;1,94;2,09
13,232;-18,02;-1,21;16,63
13,240;-15,40;-4,01;24,81
13,252;-20,62;-9,67;29,91
13,261;-21,40;-8,86;29,79
13,283;-12,62;-0,79;29,42
13,287;-3,88;5,26;18,60
13,335;5,23;11,19;6,97
13,339;4,71;14,61;-3,47
13,340;0,39;14,27;-7,29
13,341;-2,24;11,85;-3,43
13,343;-5,80;8,33;4,19
13,345;-8,63;6,18;7,08
13,351;-9,81;5,72;5,96
13,361;-11,49;7,23;-2,37
13,382;-12,18;10,25;-13,85
13,385;-12,09;11,51;-16,78
13,424;-14,81;6,18;-6,95
13,426;-16,64;0,67;6,29
13,428;-17,06;-1,92;14,56
13,429;-14,82;-2,60;16,84
13,432;-10,36;-0,06;13,44
13,442;-8,09;1,09;10,16
13,451;-2,59;1,28;9,16
13,462;3,60;0,52;13,50
13,472;4,79;-3,75;20,22
13,492;1,67;-12,09;28,05
13,495;-1,59;-15,32;31,02
13,500;12,32;-9,96;28,30
13,539;14,92;-8,47;16,95
13,540;8,57;-8,45;14,48
13,541;8,13;-3,33;5,60
13,542;3,99;-1,92;-4,64
13,551;1,33;-1,58;-3,92
13,561;1,25;-0,00;-3,95
13,574;2,78;1,34;-7,18
13,589;2,79;1,07;-9,57
13,592;-0,51;0,36;-13,20
13,600;-1,16;0,53;-17,68
13,635;-0,05;1,64;-18,79
13,639;0,86;0,78;-16,63
13,641;1,43;0,42;-10,06
13,643;2,69;1,51;-1,79
13,651;7,29;2,91;-1,50
13,666;10,31;2,83;-5,11
13,671;9,74;1,64;-8,91
13,710;12,73;1,57;-13,11
13,711;9,84;-3,21;-12,58
13,712;3,50;-8,46;-8,08
13,712;2,35;-11,91;0,02
13,721;1,74;-13,24;5,03
13,731;8,30;-10,51;4,12
13,743;13,36;-6,83;4,18
13,753;15,63;-5,67;5,79
13,762;18,48;-5,96;6,91
13,772;16,62;-10,51;10,93
13,782;11,15;-13,23;18,79
13,792;3,95;-8,50;31,13
13,816;14,96;2,31;24,69
13,827;14,76;-1,03;10,20
13,829;14,76;-1,03;10,20
13,831;-0,68;-17,25;26,12
13,834;-8,25;-28,12;34,04
13,840;-15,64;-29,31;32,99
13,864;-24,21;-25,08;32,40
13,866;-19,28;-14,14;31,92
13,872;-8,23;-0,97;31,57
13,880;-1,29;8,00;17,25
13,897;0,12;10,53;1,71
13,900;-1,96;8,98;-4,08
13,941;-4,86;6,27;-4,60
13,942;-7,86;2,95;-4,03
13,943;-11,18;0,27;2,39
13,943;-18,40;-1,71;11,41
13,952;-22,82;4,01;4,88
13,961;-23,13;13,42;-7,82
13,974;-19,79;18,57;-15,82
13,982;-11,28;17,24;-10,34
13,992;-9,91;11,06;1,15
14,006;-15,20;3,33;7,03
14,013;-17,35;1,15;7,87
14,020;-17,63;1,15;12,26
14,066;-14,52;4,08;9,77
14,069;-6,59;8,55;5,57
14,071;0,05;11,10;5,28
14,072;2,67;9,95;5,65
14,074;11,77;12,89;7,69
14,080;28,01;15,74;19,18
14,091;0,81;1,45;27,92
14,106;-11,41;-7,57;25,05
14,163;-10,29;-5,53;31,26
14,165;-7,66;-2,52;30,75
14,165;-1,09;-7,51;30,46
14,166;1,32;-9,46;22,02
14,166;-5,01;-18,13;24,49
14,167;-5,94;-24,77;29,79
14,171;-2,94;-22,54;26,88
14,181;-3,16;-19,80;16,61
14,191;-3,14;-16,69;7,63
14,209;-0,27;-12,11;-0,59
14,218;3,12;-8,77;-4,60
14,221;3,15;-8,24;-5,07
14,263;2,69;-9,41;-4,74
14,265;2,22;-9,80;-3,99
14,266;3,21;-9,71;-6,08
14,268;5,74;-8,74;-9,65
14,271;5,46;-9,20;-10,39
14,281;5,38;-10,77;-14,14
14,292;9,35;-8,01;-15,54
14,308;14,73;-2,71;-13,10
14,312;15,99;0,75;-12,18
14,373;15,33;0,31;-12,66
14,376;15,85;-1,37;-9,95
14,377;14,20;-3,79;-9,20
14,379;10,62;-5,26;-8,70
14,381;6,79;-4,85;-5,07
14,382;3,69;-4,01;-4,07
14,384;3,56;-4,23;-3,89
14,391;-2,24;-3,02;6,59
14,409;1,21;4,75;7,95
14,412;7,85;10,61;0,29
14,468;-0,31;10,24;-5,97
14,472;-8,11;5,22;-2,81
14,475;-12,23;-3,85;12,48
14,478;-17,63;-16,05;31,44
14,482;-19,37;-19,02;36,29
14,485;-16,92;-16,20;33,15
14,489;-6,10;-9,52;32,60
14,492;4,77;-4,55;31,94
14,501;8,64;-3,86;31,33
14,512;11,96;-1,97;28,01
14,527;13,70;1,14;19,40
14,532;10,47;3,94;9,93
14,541;5,30;6,19;0,46
14,579;0,12;8,77;-5,87
14,582;-3,93;10,70;-8,65
14,585;-7,29;10,95;-8,58
14,586;-10,80;10,89;-9,92
14,591;-12,09;10,26;-11,71
14,600;-15,56;9,48;-12,35
14,611;-19,98;7,14;-14,25
14,628;-22,35;6,15;-13,74
14,632;-23,72;6,36;-10,43
14,640;-23,69;6,13;-7,32
14,677;-20,65;5,40;-1,82
14,678;-16,79;1,57;8,41
14,679;-14,50;-2,07;20,05
14,686;-13,72;1,04;19,78
14,691;-4,92;11,62;8,32
14,702;1,99;12,28;10,99
14,712;-6,58;6,92;25,19
14,766;-0,01;-2,39;19,41
14,767;6,07;-5,47;8,43
14,767;8,44;-13,39;20,96
14,768;6,86;-21,11;31,78
14,768;1,73;-23,91;30,55
14,771;1,84;-23,94;30,15
14,785;2,98;-21,73;30,05
14,791;6,21;-16,54;26,91
14,801;8,64;-12,74;12,80
14,819;11,79;-7,82;0,09
14,822;14,86;-3,33;-7,22
14,863;16,57;-1,50;-7,46
14,864;14,17;-1,41;-4,60
14,865;9,68;-1,79;-2,70
14,865;6,55;-1,34;-3,14
14,871;4,84;-0,75;-4,98
14,881;2,88;-0,70;-5,59
14,892;1,34;-0,60;-5,21
14,908;1,02;-0,42;-4,88
14,911;1,55;1,73;-4,30
14,971;1,63;3,43;-4,74
14,973;0,81;4,97;-7,63
14,974;-0,67;6,21;-10,34
14,975;-2,46;6,36;-10,13
14,977;-4,10;5,71;-7,79
14,978;-5,76;4,44;-4,40
14,981;-7,05;3,23;-1,66
14,991;-8,71;0,98;3,30
15,007;-7,84;1,10;6,90
15,011;-6,99;1,59;6,17
15,052;-4,09;2,29;1,49
15,055;-1,68;4,34;-2,91
15,056;-2,09;4,68;-4,27
15,057;-4,48;4,80;-1,73
15,061;-3,58;9,19;-1,31
15,071;-2,71;9,64;-3,81
15,081;2,74;10,15;-12,72
15,095;2,19;6,42;-14,18
15,145;-7,82;0,02;3,06
15,149;-14,49;-1,21;18,14
15,152;-9,21;0,18;14,63
15,155;-6,32;0,85;9,82
15,157;-3,05;0,82;10,52
15,159;-0,17;0,37;10,94
15,162;-0,17;0,37;10,94
15,164;1,10;-0,69;11,87
15,172;1,24;-2,29;15,71
15,181;0,27;-3,46;19,41
15,195;-1,17;-4,04;19,78
15,252;-3,20;-4,29;17,55
15,254;-3,98;-3,96;13,01
15,256;-3,02;-2,82;7,92
15,257;-0,47;-0,99;3,41
15,259;0,86;0,58;-1,92
15,260;0,71;0,58;-4,36
15,262;1,00;0,65;-5,20
15,271;1,42;0,46;-4,34
15,280;-0,07;-0,42;-1,60
15,294;-0,83;-0,57;-1,26
15,301;-1,38;-0,12;-2,52
15,347;-1,87;0,40;-4,06
15,351;-1,86;0,76;-4,72
15,354;-1,08;0,79;-4,21
15,357;-0,12;1,03;-3,00
15,359;-0,71;0,40;-0,66
15,361;-1,30;-0,79;1,82
15,376;-0,88;-0,94;2,42
15,380;-0,88;-0,94;2,42
15,382;-0,43;-0,36;2,09
15,404;-0,78;-0,36;0,65
15,407;-0,71;-0,17;-1,24
15,412;0,34;0,40;-1,17
15,472;0,82;0,59;-0,00
15,474;0,84;0,60;1,00
15,475;1,15;0,76;1,63
15,476;1,12;0,89;2,77
15,477;0,76;0,85;2,87
15,479;0,21;0,99;1,89
15,482;0,04;1,38;-1,02
15,492;0,63;2,06;-3,90
15,501;1,12;2,33;-3,70
15,518;0,61;1,58;-2,01
15,521;0,19;0,67;-0,97
15,531;-0,18;0,17;-0,22
15,572;-0,63;-0,34;0,93
15,574;-0,27;-0,55;1,53
15,575;0,41;0,07;1,16
15,576;0,72;0,62;-0,14
15,581;0,24;0,81;-1,41
15,591;0,16;1,10;-1,99
15,601;0,29;1,27;-1,92
15,620;0,28;1,14;-1,89
15,623;0,28;1,14;-1,89
15,627;0,35;0,71;-0,66
15,631;0,01;-0,04;1,07
15,669;0,27;-0,53;2,80
15,672;0,52;-0,43;3,23
15,673;0,09;-0,17;1,70
15,675;-0,37;0,09;-0,24
15,680;-0,96;0,51;-2,36
15,691;-1,05;0,97;-3,14
15,701;-0,45;1,02;-2,55
15,717;0,09;0,85;-0,81
15,773;0,09;0,24;0,57
15,776;-0,39;-0,56;2,19
15,779;-0,82;-1,35;3,55
15,783;-0,84;-1,32;3,21
15,786;-0,51;-0,69;1,43
15,797;0,04;-0,05;-0,00
15,799;0,15;0,44;-0,62
15,801;-0,19;0,59;-1,35
15,803;-0,31;0,53;-1,67
15,813;0,05;0,43;-1,43
15,821;0,29;0,22;-0,64
15,837;0,13;-0,29;0,59
15,841;-0,20;-0,75;1,53
15,852;-0,26;-0,84;1,36
15,895;-0,13;-0,49;0,46
15,897;-0,07;-0,13;-0,27
15,899;-0,23;0,07;-1,07
15,900;-0,17;0,33;-1,48
15,901;0,08;0,47;-1,32
15,911;0,09;0,44;-1,31
15,920;0,14;0,07;-0,13
15,931;0,26;-0,14;0,38
15,988;0,26;-0,36;0,79
15,990;0,18;-0,47;0,73
15,991;-0,14;-0,39;0,29
15,992;-0,04;-0,19;-0,41
15,993;0,20;0,10;-0,59
15,995;0,11;0,03;-0,23
16,000;-0,10;-0,16;0,06
16,012;-0,15;-0,24;0,24
16,021;-0,01;-0,30;0,12
16,035;0,11;-0,26;0,94
16,097;0,02;-0,45;1,68
16,099;-0,19;-0,48;1,28
16,100;-0,48;-0,20;-0,20
16,101;-0,34;0,12;-0,86
16,102;0,16;0,31;-0,80
16,104;0,38;0,35;-0,41
16,105;0,39;0,21;-0,15
16,111;0,41;0,08;-0,15
16,120;0,70;0,00;-0,08
16,136;0,64;-0,09;0,42
16,204;0,40;-0,32;0,91
16,206;0,40;-0,32;0,91
16,207;0,34;-0,39;0,92
16,208;0,32;-0,26;0,62
16,210;0,56;-0,10;-0,03
16,211;1,28;0,18;-0,16
16,213;1,27;0,42;0,38
16,215;0,29;-0,14;0,58
16,216;-0,06;-0,31;0,64
16,220;0,07;-0,02;0,55
16,232;0,03;-0,01;0,54
16,240;-0,08;-0,11;0,48
16,283;-0,13;-0,00;0,06
16,286;-0,11;0,07;-0,37
16,287;0,04;0,17;-0,52
16,288;0,41;0,29;-0,40
16,297;0,47;0,31;0,09
16,302;0,11;0,15;0,12
16,321;0,04;0,16;0,00
16,323;0,12;0,14;0,15
16,375;0,12;0,11;0,44
16,378;0,06;0,07;0,27
16,381;-0,06;0,04;0,06
16,384;0,03;0,09;-0,02
16,387;0,25;0,20;0,11
16,389;0,16;0,19;0,24
16,395;0,28;0,16;0,19
16,402;0,32;0,29;0,14
16,421;0,14;0,21;0,34
16,424;-0,05;0,05;0,35
16,470;-0,14;-0,03;0,39
16,472;-0,14;-0,01;0,46
16,474;-0,07;-0,04;0,60
16,475;-0,13;-0,10;1,05
16,476;-0,24;-0,18;1,07
16,481;-0,11;-0,04;0,64
16,491;0,22;0,07;0,26
16,502;0,38;0,23;0,10
16,551;0,32;0,30;-0,50
16,553;0,30;0,39;-0,87
16,554;0,35;0,39;-0,68
16,555;0,24;0,24;-0,06
16,556;0,06;0,04;0,39
16,562;-0,09;-0,11;0,73
16,571;-0,21;-0,22;1,00
16,581;-0,27;-0,18;0,67
16,592;-0,15;-0,05;0,17
16,607;-0,12;0,05;-0,26
16,672;-0,08;0,15;-0,52
16,674;0,05;0,23;-0,75
16,675;0,14;0,33;-0,87
16,677;0,07;0,32;-0,72
16,678;-0,08;0,16;-0,30
16,679;-0,05;0,04;0,08
16,680;-0,04;-0,01;0,34
16,682;-0,13;-0,14;0,48
16,691;-0,13;-0,10;0,35
16,703;-0,13;0,06;-0,04
16,751;-0,07;0,16;-0,37
16,753;-0,02;0,26;-0,54
16,754;0,04;0,33;-0,62
16,755;0,01;0,30;-0,47
16,756;0,17;0,36;-0,31
16,762;0,24;0,32;-0,29
16,771;0,11;0,12;0,22
16,788;0,07;-0,10;0,71
16,792;0,10;-0,11;0,74
16,852;-0,03;-0,14;0,36
16,854;-0,10;-0,21;0,10
16,856;-0,05;-0,11;0,08
16,857;0,05;-0,08;0,18
16,859;0,06;-0,03;0,39
16,863;-0,01;-0,07;0,66
16,865;-0,11;-0,12;0,56
16,872;-0,20;-0,08;0,43
16,887;-0,23;-0,02;0,20
16,891;-0,12;0,04;-0,10
16,932;-0,05;0,14;-0,35
16,939;-0,15;0,18;-0,54
16,945;-0,25;0,14;-0,59
16,947;-0,15;0,17;-0,30
16,949;-0,01;0,11;0,20
16,954;-0,14;-0,02;0,37
16,962;-0,18;-0,12;0,59
16,972;-0,23;-0,21;0,84
16,992;-0,24;-0,27;0,81
16,996;-0,22;-0,22;0,71
17,060;-0,10;-0,09;0,31
17,062;0,02;0,06;-0,12
17,063;0,05;0,15;-0,31
17,064;0,06;0,23;-0,32
17,066;0,03;0,22;-0,28
17,067;-0,02;0,14;-0,14
17,068;-0,07;0,05;0,08
17,072;-0,11;-0,05;0,11
17,084;-0,07;-0,13;0,13
17,092;-0,09;-0,18;0,36
17,149;-0,07;-0,21;0,39
17,155;0,03;-0,11;0,04
17,159;0,10;-0,01;-0,31
17,169;0,07;0,12;-0,29
17,170;0,08;0,13;-0,24
17,173;0,03;0,07;-0,24
17,175;0,06;0,10;-0,07
17,176;0,04;0,00;0,48
17,193;0,01;-0,08;0,77
17,196;0,09;0,01;0,75
17,254;0,13;0,02;0,38
17,256;0,12;0,05;0,22
17,257;0,10;0,10;-0,11
17,258;0,10;0,15;-0,23
17,260;0,04;0,23;-0,58
17,261;0,05;0,23;-0,46
17,262;0,05;0,19;-0,41
17,271;-0,00;0,11;-0,22
17,280;-0,08;-0,06;0,02
17,291;0,01;-0,13;0,12
17,332;0,20;-0,12;0,37
17,334;0,25;-0,20;0,66
17,336;0,25;-0,18;0,51
17,341;0,23;-0,17;0,50
17,343;0,03;-0,06;-0,12
17,354;0,02;0,09;-0,18
17,363;-0,03;0,19;-0,48
17,372;-0,22;0,23;-0,79
17,381;-0,26;0,18;-0,76
17,396;-0,19;0,15;-0,51
17,447;-0,07;-0,00;0,15
17,450;-0,11;-0,14;0,82
17,451;-0,32;-0,50;2,00
17,453;-0,29;-0,59;1,98
17,455;-0,21;-0,30;0,98
17,457;-0,16;-0,02;0,06
17,461;0,15;0,27;-0,71
17,472;0,21;0,38;-0,92
17,480;0,15;0,52;-1,28
17,493;0,12;0,59;-1,48
17,547;0,08;0,42;-1,07
17,550;0,07;0,16;-0,51
17,552;0,08;-0,10;-0,05
17,555;0,05;-0,36;0,52
17,557;0,05;-0,55;1,27
17,558;0,20;-0,46;1,39
17,560;0,20;-0,46;1,39
17,562;0,18;-0,41;1,38
17,574;0,11;-0,10;0,20
17,582;0,10;0,08;-0,21
17,597;0,04;0,15;-0,47
17,665;-0,13;0,13;-0,22
17,668;-0,19;0,11;-0,00
17,669;-0,22;0,01;0,43
17,670;-0,21;-0,16;0,89
17,672;-0,20;-0,30;1,14
17,674;-0,16;-0,30;0,99
17,675;-0,00;-0,19;0,63
17,676;0,11;-0,07;0,31
17,680;0,17;0,03;-0,04
17,691;0,14;0,02;-0,20
17,701;0,22;0,08;-0,41
17,714;0,22;0,03;-0,08
17,771;0,09;-0,18;0,45
17,775;-0,03;-0,27;0,72
17,778;0,05;-0,09;0,38
17,792;0,12;0,11;-0,18
17,795;0,16;0,26;-0,45
17,797;0,15;0,25;-0,45
17,799;0,15;0,40;-0,64
17,801;-0,03;0,35;-0,59
17,803;-0,03;0,35;-0,59
17,805;-0,11;0,22;-0,44
17,816;-0,07;0,08;0,08
17,833;-0,18;-0,17;1,10
17,836;-0,18;-0,17;1,10
17,838;-0,32;-0,43;1,61
17,883;-0,28;-0,32;1,02
17,886;-0,16;-0,01;0,35
17,887;-0,04;0,15;-0,44
17,888;0,07;0,36;-0,83
17,890;0,08;0,34;-0,87
17,893;0,09;0,31;-0,86
17,901;0,09;0,32;-0,75
17,913;0,17;0,23;-0,26
17,958;0,16;0,21;-0,25
17,961;0,17;-0,02;0,46
17,964;0,14;-0,21;1,14
17,966;0,16;-0,24;1,12
17,968;0,20;-0,01;0,52
17,973;0,15;0,12;-0,06
17,981;0,11;0,15;-0,25
17,992;0,07;0,18;-0,17
18,001;0,04;0,14;0,00
18,018;-0,03;0,03;0,21
18,021;-0,15;-0,06;0,48
18,099;-0,21;-0,11;0,63
18,101;-0,12;-0,02;0,42
18,103;-0,05;0,06;0,13
18,105;-0,01;0,10;-0,02
18,106;0,08;0,23;-0,29
18,108;0,14;0,31;-0,45
18,109;0,03;0,28;-0,43
18,111;-0,04;0,22;-0,29
18,113;-0,06;0,12;-0,01
18,132;-0,08;-0,03;0,14
18,135;0,10;-0,06;0,22
18,183;0,06;-0,12;0,52
18,186;-0,08;-0,20;0,65
18,188;-0,04;-0,14;0,38
18,191;0,06;-0,00;-0,02
18,193;0,06;0,09;-0,29
18,195;0,07;0,16;-0,48
18,201;0,02;0,05;-0,41
18,219;0,08;-0,01;-0,24
18,222;-0,02;-0,10;0,16
18,280;-0,04;-0,21;0,50
18,282;-0,13;-0,25;0,49
18,283;-0,12;-0,29;0,53
18,284;-0,08;-0,22;0,46
18,285;0,00;-0,15;0,22
18,286;0,05;-0,07;0,05
18,291;-0,00;-0,02;0,04
18,301;-0,03;-0,07;-0,12
18,314;-0,19;0,02;-0,21
18,320;-0,27;0,02;-0,46
18,366;-0,32;-0,03;-0,53
18,368;-0,23;0,00;-0,42
18,370;-0,18;-0,02;-0,12
18,373;-0,17;-0,07;0,22
18,375;-0,04;-0,06;0,44
18,381;0,04;0,00;0,27
18,403;0,14;0,06;0,14
18,406;0,23;0,16;0,06
18,454;0,28;0,18;0,02
18,457;0,26;0,15;0,14
18,458;0,29;0,09;0,22
18,461;0,38;0,09;0,32
18,463;0,32;0,05;0,52
18,466;0,17;0,00;0,47
18,472;0,07;-0,03;0,40
18,490;0,06;-0,08;0,41
18,494;0,02;-0,05;0,33
18,501;-0,02;-0,07;0,17
18,536;-0,08;-0,10;0,17
18,539;-0,14;-0,09;0,23
18,541;-0,16;-0,12;0,32
18,543;-0,18;-0,10;0,39
18,552;-0,20;-0,07;0,26
18,561;-0,18;-0,06;0,07
18,571;-0,16;0,01;0,03
18,580;-0,10;0,05;-0,09
18,599;0,01;0,09;-0,20
18,601;0,04;0,19;-0,26
18,652;0,04;0,20;-0,30
18,654;0,02;0,23;-0,26
18,655;-0,05;0,18;-0,10
18,656;-0,06;0,11;0,24
18,657;-0,01;0,08;0,35
18,664;0,04;0,07;0,31
18,671;0,02;0,06;0,31
18,681;0,02;0,09;0,12
18,694;-0,02;0,00;-0,05
18,713;0,01;0,10;-0,06
18,716;0,06;0,01;0,03
18,721;-0,03;-0,04;0,03
18,779;-0,16;-0,05;-0,03
18,781;-0,17;-0,07;-0,08
18,782;-0,01;-0,05;0,04
18,783;0,14;-0,00;0,27
18,784;0,09;-0,03;0,16
18,785;0,02;-0,03;-0,09
18,791;0,03;0,02;-0,31
18,800;0,04;0,03;-0,29
18,824;0,04;0,03;-0,29
18,827;-0,01;-0,08;0,02
18,832;0,02;-0,12;0,38
18,842;0,04;-0,15;0,56
18,907;-0,00;-0,12;0,43
18,909;-0,00;-0,07;0,22
18,911;0,00;-0,00;-0,04
18,913;0,08;0,06;-0,19
18,918;0,15;0,11;-0,18
18,922;0,16;0,11;-0,18
18,925;0,09;0,11;0,00
18,927;-0,01;0,03;0,12
18,933;-0,10;-0,02;0,17
18,941;-0,15;-0,06;0,28
18,955;-0,06;-0,04;0,36
19,005;0,07;0,05;0,27
19,007;0,12;0,12;0,25
19,008;0,14;0,15;0,21
19,009;0,06;0,13;0,10
19,010;0,00;0,16;0,08
19,012;0,07;0,19;0,09
19,021;0,04;0,20;0,07
19,036;-0,02;0,16;0,08
19,040;-0,17;0,00;0,26
19,086;-0,26;-0,04;0,31
19,089;-0,09;-0,01;0,19
19,092;0,15;0,15;0,05
19,094;0,14;0,14;0,12
19,097;-0,04;0,03;0,14
19,102;-0,17;-0,04;0,15
19,112;-0,14;-0,02;0,17
19,126;-0,10;0,04;0,31
19,133;-0,11;0,00;0,30
19,141;-0,08;0,01;0,08
19,186;0,01;0,10;-0,26
19,188;0,07;0,11;-0,32
19,189;0,10;0,09;-0,13
19,190;0,12;0,07;-0,03
19,191;0,15;0,05;0,06
19,202;0,08;0,01;0,06
19,225;0,03;-0,01;0,17
19,227;0,03;-0,03;0,43
19,276;-0,05;-0,10;0,47
19,279;-0,05;-0,10;0,47
19,280;-0,15;-0,08;0,18
19,281;-0,05;0,06;-0,08
19,282;0,06;0,12;-0,01
19,284;0,06;0,11;-0,01
19,285;0,04;0,14;-0,49
19,291;0,07;0,19;-0,46
19,305;0,18;0,18;-0,20
19,311;0,22;0,15;0,00
19,358;0,19;0,07;0,12
19,361;0,05;-0,03;0,22
19,363;0,06;-0,00;0,20
19,365;0,21;0,12;-0,03
19,368;0,18;0,18;-0,24
19,375;0,03;0,11;-0,19
19,387;-0,04;0,06;0,01
19,389;-0,04;0,06;0,01
19,392;0,02;0,08;0,10
19,410;0,05;0,08;0,08
19,414;0,03;0,05;0,09
19,493;-0,05;-0,03;0,26
19,495;-0,19;-0,07;0,34
19,497;-0,22;-0,07;0,06
19,498;-0,26;-0,06;-0,11
19,499;-0,28;-0,08;-0,12
19,501;-0,17;-0,02;-0,11
19,502;-0,20;-0,02;-0,03
19,504;-0,21;-0,03;-0,01
19,506;-0,19;-0,07;-0,09
19,512;-0,12;-0,03;-0,07
19,525;-0,06;-0,07;0,28
19,577;-0,01;0,05;0,35
19,580;0,05;0,13;0,10
19,582;0,13;0,17;-0,05
19,584;0,16;0,16;-0,09
19,586;0,15;0,15;-0,05
19,588;0,16;0,15;0,11
19,592;0,15;0,06;0,24
19,612;0,18;0,07;0,17
19,619;0,13;0,04;0,11
19,621;0,12;-0,04;0,20
19,681;0,07;-0,09;0,49
19,683;0,13;-0,06;0,40
19,684;0,15;0,04;0,11
19,686;0,11;0,06;0,01
19,687;0,05;0,05;-0,01
19,688;0,04;0,08;-0,03
19,691;0,04;0,10;-0,07
19,702;0,01;0,08;-0,07
19,718;-0,02;0,02;-0,07
19,734;-0,10;-0,02;0,04
19,738;-0,10;-0,04;0,06
19,743;-0,18;-0,06;-0,05
19,782;-0,21;-0,09;-0,06
19,785;-0,14;-0,13;0,09
19,786;-0,05;-0,04;0,06
19,787;-0,09;-0,01;0,01
19,792;-0,18;-0,07;0,03
19,805;-0,16;-0,09;0,00
19,807;-0,16;-0,09;0,00
19,811;-0,15;-0,12;-0,03
19,828;-0,08;-0,08;0,19
19,832;-0,02;-0,08;0,31
19,882;0,04;-0,07;0,30
19,884;0,03;-0,05;0,27
19,886;-0,01;-0,03;0,13
19,887;0,04;0,00;0,01
19,888;0,12;0,07;0,00
19,891;0,16;0,09;-0,00
19,902;0,12;0,09;-0,01
19,911;0,03;0,08;0,09
19,926;0,03;0,07;0,06
19,932;0,04;0,09;-0,03
19,976;0,07;0,10;0,03
19,979;0,05;0,05;0,34
19,980;0,10;0,03;0,38
19,982;0,19;0,12;0,19
19,983;0,12;0,09;-0,03
19,991;0,07;0,09;-0,15
20,001;0,10;0,14;-0,21
20,022;0,11;0,08;-0,19
20,025;0,10;0,07;-0,19
20,032;-0,13;-0,09;0,15
20,080;-0,17;-0,09;0,25
20,082;-0,13;-0,01;0,02
20,084;-0,14;0,03;-0,34
20,086;-0,18;0,06;-0,59
20,088;-0,14;0,08;-0,69
20,094;-0,11;0,10;-0,48
20,102;0,04;0,00;-0,01
20,116;0,17;-0,09;0,51
20,170;0,06;-0,21;0,85
20,172;0,06;-0,29;0,99
20,173;0,02;-0,15;0,44
20,175;0,04;-0,04;-0,14
20,176;0,07;0,06;-0,30
20,177;0,06;0,06;-0,30
20,180;-0,07;0,13;-0,40
20,191;-0,22;-0,04;-0,28
20,201;-0,14;-0,04;-0,16
20,212;-0,07;-0,11;0,18
20,272;-0,05;-0,16;0,29
20,275;-0,06;-0,25;0,53
20,276;-0,04;-0,29;0,61
20,277;0,07;-0,16;0,31
20,278;0,09;-0,08;-0,04
20,279;0,03;-0,01;-0,30
20,282;-0,05;0,01;-0,55
20,292;-0,15;-0,06;-0,55
20,301;-0,17;-0,09;-0,33
20,317;-0,19;-0,18;-0,04
20,394;-0,22;-0,22;0,11
20,396;-0,22;-0,22;0,11
20,397;-0,30;-0,32;0,23
20,398;-0,36;-0,34;0,19
20,399;-0,32;-0,23;-0,01
20,401;-0,18;-0,17;0,03
20,402;-0,11;-0,01;-0,18
20,403;-0,06;0,08;-0,23
20,405;0,10;0,10;-0,12
20,406;0,26;0,17;-0,02
20,412;0,36;0,15;0,21
20,420;0,36;0,07;0,57
20,431;0,38;-0,02;0,74
20,475;0,52;0,03;0,86
20,478;0,65;0,13;0,73
20,480;0,52;0,12;0,38
20,482;0,25;0,12;0,12
20,484;0,06;0,02;0,12
20,492;0,01;-0,09;0,32
20,501;0,03;-0,09;0,48
20,522;-0,06;-0,06;0,32
20,525;-0,04;-0,06;0,31
20,532;-0,08;-0,05;0,20
20,589;-0,16;-0,02;-0,10
20,591;-0,13;0,08;-0,29
20,592;-0,03;0,16;-0,32
20,595;-0,04;0,13;-0,28
20,597;-0,12;0,06;-0,17
20,598;-0,11;0,02;0,08
20,601;0,04;-0,00;0,33
20,612;0,11;0,03;0,35
20,620;0,10;0,10;0,17
20,632;0,01;0,12;-0,05
20,682;-0,06;0,10;-0,05
20,684;-0,01;0,09;-0,11
20,686;-0,01;0,08;0,07
20,688;0,03;-0,01;0,34
20,693;0,03;-0,01;0,34
20,700;-0,03;-0,06;0,57
20,702;-0,07;-0,04;0,53
20,713;-0,08;0,02;0,44
20,721;-0,06;0,06;0,25
20,734;-0,01;0,13;0,29
20,788;-0,12;0,08;0,43
20,791;-0,10;0,10;0,37
20,793;-0,09;0,14;0,34
20,794;-0,06;0,15;0,09
20,795;-0,03;0,18;0,01
20,796;-0,03;0,16;0,03
20,801;-0,04;0,11;0,03
20,811;-0,07;0,06;-0,02
20,822;-0,03;0,06;-0,02
20,836;0,05;0,04;-0,03
20,841;0,07;0,04;-0,10
20,893;0,04;-0,02;-0,09
20,897;-0,01;-0,06;-0,01
20,900;0,00;-0,07;0,00
20,903;0,03;-0,04;-0,02
20,906;0,01;-0,03;-0,01
20,909;0,05;-0,06;0,03
20,915;0,00;-0,04;0,17
20,922;-0,07;-0,12;0,26
20,937;-0,04;-0,12;0,17
20,941;-0,06;-0,16;0,28
20,987;-0,16;-0,22;0,36
20,989;-0,15;-0,18;0,35
20,991;-0,06;-0,11;0,18
20,992;0,02;-0,06;0,05
20,994;0,02;-0,00;-0,00
21,001;-0,00;0,01;-0,10
21,019;-0,01;0,01;-0,11
21,022;0,00;0,00;-0,07
21,078;0,10;0,05;-0,05
21,080;0,06;0,02;0,07
21,081;-0,06;-0,04;0,22
21,082;-0,09;-0,01;0,15
21,084;-0,04;0,08;-0,07
21,085;0,02;0,10;-0,09
21,091;-0,00;0,10;-0,06
21,101;0,00;0,09;0,01
21,124;-0,03;0,04;-0,00
21,127;-0,01;0,04;-0,02
21,174;-0,02;0,06;-0,08
21,177;-0,08;0,01;-0,03
21,178;-0,17;-0,03;0,07
21,181;-0,10;-0,01;0,14
21,182;-0,04;0,00;0,29
21,183;0,03;0,01;0,23
21,191;0,03;0,04;0,05
21,202;0,04;0,04;0,09
21,255;0,06;0,02;0,09
21,258;0,06;0,02;0,03
21,260;0,06;0,04;0,08
21,262;0,07;0,05;0,02
21,265;0,14;0,07;0,03
21,267;0,13;0,07;0,12
21,273;0,06;0,06;0,15
21,281;-0,00;0,06;0,22
21,292;-0,01;0,06;0,14
21,307;-0,01;0,09;0,03
21,315;-0,00;0,07;0,12
21,375;-0,02;0,01;0,26
21,379;-0,05;-0,02;0,30
21,380;0,01;0,08;0,05
21,381;0,06;0,10;-0,02
21,382;-0,09;0,02;-0,01
21,384;-0,10;-0,02;-0,04
21,385;-0,08;-0,00;0,01
21,391;-0,04;-0,03;-0,02
21,400;-0,04;-0,01;0,01
21,424;-0,04;-0,00;-0,09
21,426;-0,04;-0,03;0,07
21,481;-0,03;-0,00;0,10
21,486;0,09;0,06;-0,10
21,489;-0,00;0,06;-0,09
21,492;-0,07;-0,03;-0,00
21,495;-0,05;-0,01;-0,07
21,497;-0,05;-0,01;-0,07
21,500;-0,08;-0,05;0,18
21,502;-0,07;-0,04;0,25
21,529;0,09;-0,01;0,33
21,532;0,09;-0,01;0,33
21,534;0,02;0,02;0,36
21,536;-0,04;0,01;0,05
21,538;-0,04;0,01;0,05
21,541;-0,08;0,03;-0,20
21,599;-0,06;0,02;-0,13
21,601;-0,01;0,04;0,00
21,603;0,00;0,04;0,00
21,604;-0,06;-0,05;0,13
21,605;-0,13;-0,15;0,38
21,607;-0,11;-0,19;0,59
21,612;-0,01;-0,12;0,56
21,621;0,19;-0,04;0,27
21,643;0,14;0,09;0,09
21,647;0,06;0,05;0,01
21,709;0,07;0,01;-0,05
21,712;0,27;0,14;0,05
21,718;0,19;0,11;0,04
21,721;0,08;0,01;0,16
21,722;0,05;0,02;0,26
21,723;-0,07;0,04;0,02
21,725;-0,16;0,06;-0,18
21,726;-0,15;0,08;-0,33
21,733;-0,08;0,11;-0,40
21,741;-0,09;0,07;-0,35
21,755;-0,15;-0,02;-0,15
21,760;-0,12;-0,06;0,07
21,808;0,06;-0,02;0,14
21,812;0,13;-0,02;0,18
21,815;0,06;-0,05;0,23
21,818;-0,03;-0,11;0,23
21,820;-0,01;-0,04;0,23
21,821;0,09;-0,04;0,17
21,844;0,03;-0,05;0,14
21,847;-0,15;-0,11;0,18
21,913;-0,23;-0,09;0,25
21,915;-0,05;-0,08;0,28
21,917;-0,04;0,01;0,23
21,918;0,09;0,10;0,11
21,920;0,20;0,22;0,12
21,921;0,26;0,33;0,14
21,922;0,18;0,32;0,06
21,924;0,18;0,27;0,09
21,931;0,18;0,22;0,24
21,941;0,03;0,17;0,46
21,987;-0,07;0,07;0,42
21,989;-0,12;-0,02;0,57
21,991;-0,26;-0,10;0,40
21,992;-0,25;0,01;0,21
21,993;-0,09;0,15;-0,26
22,006;-0,00;0,24;-0,59
22,009;-0,00;0,24;-0,59
22,013;-0,15;0,17;-0,43
22,032;-0,12;0,11;-0,37
22,043;-0,01;0,09;-0,01
22,045;0,01;0,10;0,12
22,112;0,15;0,09;0,19
22,115;0,21;0,11;0,01
22,116;0,18;0,06;0,01
22,117;0,09;-0,06;-0,24
22,118;0,22;-0,03;-0,12
22,120;0,24;-0,02;0,35
22,121;0,30;-0,06;0,21
22,123;0,28;-0,06;0,21
22,131;0,06;0,05;-0,43
22,146;0,15;0,17;-0,54
22,203;0,24;0,18;-0,37
22,205;0,24;0,18;-0,37
22,206;0,13;0,18;-0,11
22,207;0,14;0,11;-0,26
22,210;0,14;0,11;-0,19
22,211;0,18;0,04;0,10
22,213;0,02;0,03;0,15
22,214;-0,02;-0,10;-0,01
22,221;0,08;-0,00;-0,01
22,231;0,11;0,01;0,04
22,242;0,06;-0,02;0,05
22,294;-0,05;-0,12;0,02
22,298;-0,11;-0,14;-0,04
22,302;-0,15;0,00;-0,28
22,305;-0,18;0,02;-0,49
22,307;-0,18;0,02;-0,64
22,309;-0,13;-0,07;-0,34
22,314;-0,19;-0,19;0,11
22,330;-0,03;-0,17;0,39
22,333;0,12;-0,11;0,45
22,401;0,24;0,03;0,34
22,404;0,24;0,03;0,34
22,405;0,11;0,08;-0,02
22,406;0,08;0,07;-0,15
22,407;0,09;0,12;-0,23
22,408;0,07;0,19;-0,47
22,409;0,01;0,24;-0,67
22,411;-0,03;0,32;-0,87
22,412;-0,30;0,30;-0,85
22,422;-0,37;0,33;-1,39
22,430;0,03;0,49;0,30
22,441;0,15;0,27;1,92
22,451;0,31;0,50;2,02
22,490;0,21;0,59;1,57
22,491;0,07;0,33;1,43
22,492;0,08;0,37;1,27
22,492;0,04;0,18;1,07
22,503;-0,19;0,01;0,59
