0,0020;-0,0009;0,0262;-0,0354;-0,0154;0,0060;-0,0027;
0,0070;-0,0009;0,0262;-0,0354;-0,0154;0,0060;-0,0027;
0,0790;-0,0009;0,0262;-0,0354;0,0358;-0,0014;0,0027;
0,0790;-0,0239;0,0396;0,0914;0,0358;-0,0014;0,0027;
0,1000;-0,0239;0,0396;0,0914;0,0358;-0,0014;0,0027;
0,1080;-0,0239;0,0396;0,0914;0,0358;-0,0014;0,0027;
0,1800;-0,0239;0,0396;0,0914;0,0134;0,0028;0,0037;
0,1800;-0,0120;0,0163;0,0602;0,0134;0,0028;0,0037;
0,2000;-0,0120;0,0163;0,0602;0,0134;0,0028;0,0037;
0,2090;-0,0120;0,0163;0,0602;0,0134;0,0028;0,0037;
0,2810;-0,0014;0,0098;-0,1064;0,0134;0,0028;0,0037;
0,2810;-0,0014;0,0098;-0,1064;-0,0154;0,0049;0,0037;
0,3000;-0,0014;0,0098;-0,1064;-0,0154;0,0049;0,0037;
0,3090;-0,0014;0,0098;-0,1064;-0,0154;0,0049;0,0037;
0,3810;-0,0083;-0,0078;-0,0616;-0,0154;0,0049;0,0037;
0,3810;-0,0083;-0,0078;-0,0616;-0,0207;-0,0025;0,0005;
0,4000;-0,0083;-0,0078;-0,0616;-0,0207;-0,0025;0,0005;
0,4100;-0,0083;-0,0078;-0,0616;-0,0207;-0,0025;0,0005;
0,4810;0,0189;0,0106;0,0341;-0,0207;-0,0025;0,0005;
0,4810;0,0189;0,0106;0,0341;0,0145;-0,0014;-0,0059;
0,5010;0,0189;0,0106;0,0341;0,0145;-0,0014;-0,0059;
0,5110;0,0189;0,0106;0,0341;0,0145;-0,0014;-0,0059;
0,5810;0,0080;0,0152;0,0618;0,0145;-0,0014;-0,0059;
0,5810;0,0080;0,0152;0,0618;0,0155;-0,0014;-0,0037;
0,6010;0,0080;0,0152;0,0618;0,0155;-0,0014;-0,0037;
0,6110;0,0080;0,0152;0,0618;0,0155;-0,0014;-0,0037;
0,6820;-0,0328;-0,0036;-0,0817;0,0155;-0,0014;-0,0037;
0,6820;-0,0328;-0,0036;-0,0817;-0,0164;0,0007;0,0037;
0,7010;-0,0328;-0,0036;-0,0817;-0,0164;0,0007;0,0037;
0,7120;-0,0328;-0,0036;-0,0817;-0,0164;0,0007;0,0037;
0,7540;-0,0328;-0,0036;-0,0817;-0,0164;0,0007;0,0037;
0,7820;-0,0224;-0,0147;-0,0585;-0,0164;0,0007;0,0037;
0,7820;-0,0224;-0,0147;-0,0585;-0,0068;0,0039;0,0027;
0,8020;-0,0224;-0,0147;-0,0585;-0,0068;0,0039;0,0027;
0,8140;-0,0224;-0,0147;-0,0585;-0,0068;0,0039;0,0027;
0,8830;0,0170;0,0057;0,0614;-0,0068;0,0039;0,0027;
0,8830;0,0170;0,0057;0,0614;0,0155;-0,0004;-0,0005;
0,9020;0,0170;0,0057;0,0614;0,0155;-0,0004;-0,0005;
0,9140;0,0170;0,0057;0,0614;0,0155;-0,0004;-0,0005;
0,9830;0,0104;0,0148;0,0192;0,0155;-0,0004;-0,0005;
0,9840;0,0104;0,0148;0,0192;0,0049;-0,0036;-0,0016;
1,0040;0,0104;0,0148;0,0192;0,0049;-0,0036;-0,0016;
1,0150;0,0104;0,0148;0,0192;0,0049;-0,0036;-0,0016;
1,0860;0,0015;0,0191;-0,0504;0,0049;-0,0036;-0,0016;
1,0870;0,0015;0,0191;-0,0504;-0,0100;-0,0004;-0,0016;
1,1050;0,0015;0,0191;-0,0504;-0,0100;-0,0004;-0,0016;
1,1170;0,0015;0,0191;-0,0504;-0,0100;-0,0004;-0,0016;
1,1880;0,0015;0,0191;-0,0504;-0,0036;-0,0004;-0,0005;
1,1890;-0,0081;0,0015;-0,0220;-0,0036;-0,0004;-0,0005;
1,2070;-0,0081;0,0015;-0,0220;-0,0036;-0,0004;-0,0005;
1,2200;-0,0081;0,0015;-0,0220;-0,0036;-0,0004;-0,0005;
1,2880;-0,0214;0,0133;0,0495;-0,0036;-0,0004;-0,0005;
1,2880;-0,0214;0,0133;0,0495;0,0060;0,0007;0,0016;
1,3080;-0,0214;0,0133;0,0495;0,0060;0,0007;0,0016;
1,3210;-0,0214;0,0133;0,0495;0,0060;0,0007;0,0016;
1,3870;-0,0214;0,0133;0,0495;0,0049;0,0039;-0,0005;
1,3880;0,0198;-0,0041;0,0284;0,0049;0,0039;-0,0005;
1,4070;0,0198;-0,0041;0,0284;0,0049;0,0039;-0,0005;
1,4220;0,0198;-0,0041;0,0284;0,0049;0,0039;-0,0005;
1,4860;0,0013;-0,0171;-0,0179;0,0049;0,0039;-0,0005;
1,4870;0,0013;-0,0171;-0,0179;-0,0015;-0,0014;0,0005;
1,5070;0,0013;-0,0171;-0,0179;-0,0015;-0,0014;0,0005;
1,5230;0,0013;-0,0171;-0,0179;-0,0015;-0,0014;0,0005;
1,5870;0,0013;-0,0171;-0,0179;-0,0068;-0,0014;0,0005;
1,5880;-0,0061;-0,0053;-0,0021;-0,0068;-0,0014;0,0005;
1,6070;-0,0061;-0,0053;-0,0021;-0,0068;-0,0014;0,0005;
1,6210;-0,0061;-0,0053;-0,0021;-0,0068;-0,0014;0,0005;
1,6880;-0,0061;-0,0053;-0,0021;-0,0015;0,0007;-0,0005;
1,6890;0,0071;-0,0075;0,0325;-0,0015;0,0007;-0,0005;
1,7070;0,0071;-0,0075;0,0325;-0,0015;0,0007;-0,0005;
1,7210;0,0071;-0,0075;0,0325;-0,0015;0,0007;-0,0005;
1,7860;0,0071;-0,0075;0,0325;0,0081;-0,0004;0,0005;
1,7860;0,0031;0,0016;0,0214;0,0081;-0,0004;0,0005;
1,8050;0,0031;0,0016;0,0214;0,0081;-0,0004;0,0005;
1,8200;0,0031;0,0016;0,0214;0,0081;-0,0004;0,0005;
1,8860;0,0031;0,0016;0,0214;-0,0015;0,0017;0,0005;
1,8860;0,0029;0,0057;-0,0140;-0,0015;0,0017;0,0005;
1,9050;0,0029;0,0057;-0,0140;-0,0015;0,0017;0,0005;
1,9200;0,0029;0,0057;-0,0140;-0,0015;0,0017;0,0005;
1,9860;0,0029;0,0057;-0,0140;-0,0090;0,0007;-0,0005;
1,9860;0,0010;-0,0297;-0,0250;-0,0090;0,0007;-0,0005;
2,0060;0,0010;-0,0297;-0,0250;-0,0090;0,0007;-0,0005;
2,0210;0,0010;-0,0297;-0,0250;-0,0090;0,0007;-0,0005;
2,0860;0,0010;-0,0297;-0,0250;0,0038;-0,0025;-0,0005;
2,0860;-0,0048;-0,0045;0,0090;0,0038;-0,0025;-0,0005;
2,1060;-0,0048;-0,0045;0,0090;0,0038;-0,0025;-0,0005;
2,1220;-0,0048;-0,0045;0,0090;0,0038;-0,0025;-0,0005;
2,1870;-0,0048;-0,0045;0,0090;0,0049;-0,0014;-0,0005;
2,1900;-0,0014;0,0053;0,0097;0,0049;-0,0014;-0,0005;
2,2960;-0,0014;0,0053;0,0097;-0,0026;0,0007;0,0005;
2,2960;-0,0016;0,0022;0,0086;-0,0026;0,0007;0,0005;
2,3040;-0,0016;0,0022;0,0086;-0,0026;0,0007;0,0005;
2,3490;-0,0016;0,0022;0,0086;-0,0026;0,0007;0,0005;
2,4020;-2,7286;-2,2632;-4,0644;-0,0026;0,0007;0,0005;
2,4020;-2,7286;-2,2632;-4,0644;-0,0015;0,0007;0,0005;
2,4270;-2,7286;-2,2632;-4,0644;-0,0015;0,0007;0,0005;
2,4500;-2,7286;-2,2632;-4,0644;-0,0015;0,0007;0,0005;
2,5020;0,0912;0,0734;0,1246;-0,0015;0,0007;0,0005;
2,5030;0,0912;0,0734;0,1246;0,0017;0,0017;-0,0005;
2,5270;0,0912;0,0734;0,1246;0,0017;0,0017;-0,0005;
2,5500;0,0912;0,0734;0,1246;0,0017;0,0017;-0,0005;
2,6030;0,0912;0,0734;0,1246;0,0006;-0,0004;-0,0005;
2,6030;0,0437;0,0535;0,0676;0,0006;-0,0004;-0,0005;
2,6260;0,0437;0,0535;0,0676;0,0006;-0,0004;-0,0005;
2,6270;0,0437;0,0535;0,0676;0,0006;-0,0004;-0,0005;
2,6500;0,0437;0,0535;0,0676;0,0006;-0,0004;-0,0005;
2,7030;0,0718;0,0859;0,0788;0,0006;-0,0004;-0,0005;
2,7030;0,0718;0,0859;0,0788;-0,0026;-0,0025;0,0005;
2,7280;0,0718;0,0859;0,0788;-0,0026;-0,0025;0,0005;
2,7510;0,0718;0,0859;0,0788;-0,0026;-0,0025;0,0005;
2,8030;0,0718;0,0859;0,0788;0,0006;-0,0004;-0,0005;
2,8040;0,0983;0,0821;0,1128;0,0006;-0,0004;-0,0005;
2,8290;0,0983;0,0821;0,1128;0,0006;-0,0004;-0,0005;
2,8510;0,0983;0,0821;0,1128;0,0006;-0,0004;-0,0005;
2,9010;0,0983;0,0821;0,1128;0,0006;-0,0004;0,0005;
2,9020;0,0604;0,0609;0,0669;0,0006;-0,0004;0,0005;
3,0080;0,0505;0,0496;0,0560;0,0006;-0,0004;0,0005;
3,0090;0,0505;0,0496;0,0560;-0,0015;-0,0004;-0,0005;
3,0190;0,0505;0,0496;0,0560;-0,0015;-0,0004;-0,0005;
3,1020;0,0505;0,0496;0,0560;-0,0015;-0,0004;-0,0005;
3,1220;0,0505;0,0496;0,0560;0,0028;0,0007;-0,0016;
3,1230;0,0398;0,0187;0,0586;0,0028;0,0007;-0,0016;
3,1320;0,0398;0,0187;0,0586;0,0028;0,0007;-0,0016;
3,2020;0,0398;0,0187;0,0586;0,0028;0,0007;-0,0016;
3,2250;0,0398;0,0187;0,0586;-0,0026;-0,0004;0,0016;
3,2370;0,0417;0,0345;0,0356;-0,0026;-0,0004;0,0016;
3,2400;0,0417;0,0345;0,0356;-0,0026;-0,0004;0,0016;
3,3040;0,0417;0,0345;0,0356;-0,0026;-0,0004;0,0016;
3,3250;0,0417;0,0345;0,0356;-0,0004;-0,0004;0,0016;
3,3250;0,0345;0,0098;0,0133;-0,0004;-0,0004;0,0016;
3,3330;0,0345;0,0098;0,0133;-0,0004;-0,0004;0,0016;
3,4040;0,0345;0,0098;0,0133;-0,0004;-0,0004;0,0016;
3,4250;0,0154;0,0296;0,0395;-0,0004;-0,0004;0,0016;
3,4260;0,0154;0,0296;0,0395;0,0028;0,0007;-0,0005;
3,4340;0,0154;0,0296;0,0395;0,0028;0,0007;-0,0005;
3,5060;0,0154;0,0296;0,0395;0,0028;0,0007;-0,0005;
3,5260;0,0231;-0,0129;0,0359;0,0028;0,0007;-0,0005;
3,5270;0,0231;-0,0129;0,0359;-0,0004;0,0007;0,0005;
3,5370;0,0231;-0,0129;0,0359;-0,0004;0,0007;0,0005;
3,6040;0,0231;-0,0129;0,0359;-0,0004;0,0007;0,0005;
3,6240;0,0231;-0,0129;0,0359;-0,0026;0,0017;-0,0005;
3,6250;0,0019;0,0053;0,0170;-0,0026;0,0017;-0,0005;
3,6370;0,0019;0,0053;0,0170;-0,0026;0,0017;-0,0005;
3,7070;0,0019;0,0053;0,0170;-0,0026;0,0017;-0,0005;
3,7270;0,0019;0,0053;0,0170;-0,0004;-0,0004;-0,0005;
3,7280;-0,0186;0,0058;0,0569;-0,0004;-0,0004;-0,0005;
3,7380;-0,0186;0,0058;0,0569;-0,0004;-0,0004;-0,0005;
3,8070;-0,0186;0,0058;0,0569;-0,0004;-0,0004;-0,0005;
3,8270;-0,0186;0,0058;0,0569;-0,0004;-0,0014;0,0005;
3,8280;-0,0019;0,0207;0,0141;-0,0004;-0,0014;0,0005;
3,8370;-0,0019;0,0207;0,0141;-0,0004;-0,0014;0,0005;
3,9970;-0,0019;0,0207;0,0141;-0,0004;0,0007;-0,0005;
3,9980;-0,0026;0,0168;0,0120;-0,0004;0,0007;-0,0005;
4,0060;-0,0026;0,0168;0,0120;-0,0004;0,0007;-0,0005;
4,0480;-0,0026;0,0168;0,0120;-0,0004;0,0007;-0,0005;
4,0950;-3,2664;-1,5137;-2,5329;-0,0004;0,0007;-0,0005;
4,0960;-3,2664;-1,5137;-2,5329;0,0017;0,0007;-0,0005;
4,1410;-3,2664;-1,5137;-2,5329;0,0017;0,0007;-0,0005;
4,1480;-3,2664;-1,5137;-2,5329;0,0017;0,0007;-0,0005;
4,1980;0,1166;0,0285;0,0474;0,0017;0,0007;-0,0005;
4,1980;0,1166;0,0285;0,0474;-0,0026;0,0007;0,0005;
4,2410;0,1166;0,0285;0,0474;-0,0026;0,0007;0,0005;
4,2450;0,1166;0,0285;0,0474;-0,0026;0,0007;0,0005;
4,2980;0,0546;0,0284;0,0825;-0,0026;0,0007;0,0005;
4,2990;0,0546;0,0284;0,0825;-0,0004;-0,0004;0,0005;
4,3430;0,0546;0,0284;0,0825;-0,0004;-0,0004;0,0005;
4,3460;0,0546;0,0284;0,0825;-0,0004;-0,0004;0,0005;
4,3990;0,0546;0,0284;0,0825;0,0006;-0,0014;0,0005;
4,3990;0,0979;0,0457;0,0812;0,0006;-0,0014;0,0005;
4,4430;0,0979;0,0457;0,0812;0,0006;-0,0014;0,0005;
4,4460;0,0979;0,0457;0,0812;0,0006;-0,0014;0,0005;
4,4990;0,0979;0,0457;0,0812;-0,0015;-0,0004;0,0005;
4,5000;0,0609;0,0455;0,0163;-0,0015;-0,0004;0,0005;
4,5440;0,0609;0,0455;0,0163;-0,0015;-0,0004;0,0005;
4,5460;0,0609;0,0455;0,0163;-0,0015;-0,0004;0,0005;
4,5960;0,0652;0,0235;0,1125;-0,0015;-0,0004;0,0005;
4,5960;0,0652;0,0235;0,1125;-0,0004;0,0007;0,0005;
4,6110;0,0652;0,0235;0,1125;-0,0004;0,0007;0,0005;
4,6430;0,0652;0,0235;0,1125;-0,0004;0,0007;0,0005;
4,6470;0,0652;0,0235;0,1125;-0,0004;0,0007;0,0005;
4,7000;0,0652;0,0235;0,1125;0,0028;0,0017;-0,0005;
4,7000;0,0599;0,0079;0,0637;0,0028;0,0017;-0,0005;
4,7450;0,0599;0,0079;0,0637;0,0028;0,0017;-0,0005;
4,7470;0,0599;0,0079;0,0637;0,0028;0,0017;-0,0005;
4,8010;0,0599;0,0079;0,0637;0,0006;0,0007;0,0005;
4,8020;0,0455;0,0449;0,0301;0,0006;0,0007;0,0005;
4,9080;0,0392;0,0361;0,0251;0,0006;0,0007;0,0005;
4,9090;0,0392;0,0361;0,0251;-0,0015;-0,0014;0,0005;
4,9130;0,0392;0,0361;0,0251;-0,0015;-0,0014;0,0005;
5,0000;0,0392;0,0361;0,0251;-0,0015;-0,0014;0,0005;
5,0210;0,0392;0,0361;0,0251;-0,0004;-0,0004;-0,0005;
5,0210;0,0513;0,0032;0,0449;-0,0004;-0,0004;-0,0005;
5,0470;0,0513;0,0032;0,0449;-0,0004;-0,0004;-0,0005;
5,0990;0,0513;0,0032;0,0449;-0,0004;-0,0004;-0,0005;
5,1210;0,0513;0,0032;0,0449;-0,0015;0,0007;-0,0005;
5,1210;0,0258;0,0064;0,0317;-0,0015;0,0007;-0,0005;
5,1470;0,0258;0,0064;0,0317;-0,0015;0,0007;-0,0005;
5,2000;0,0258;0,0064;0,0317;-0,0015;0,0007;-0,0005;
5,2210;0,0326;0,0058;0,0107;-0,0015;0,0007;-0,0005;
5,2220;0,0326;0,0058;0,0107;0,0017;0,0007;0,0005;
5,2480;0,0326;0,0058;0,0107;0,0017;0,0007;0,0005;
5,3020;0,0326;0,0058;0,0107;0,0017;0,0007;0,0005;
5,3200;0,0069;0,0141;0,0186;0,0017;0,0007;0,0005;
5,3210;0,0069;0,0141;0,0186;-0,0015;0,0017;-0,0005;
5,3470;0,0069;0,0141;0,0186;-0,0015;0,0017;-0,0005;
5,4000;0,0069;0,0141;0,0186;-0,0015;0,0017;-0,0005;
5,4200;0,0069;0,0141;0,0186;-0,0004;-0,0004;0,0005;
5,4210;0,0094;0,0042;0,0059;-0,0004;-0,0004;0,0005;
5,4470;0,0094;0,0042;0,0059;-0,0004;-0,0004;0,0005;
5,5020;0,0094;0,0042;0,0059;-0,0004;-0,0004;0,0005;
5,5230;0,0062;-0,0070;0,0019;-0,0004;-0,0004;0,0005;
5,5240;0,0062;-0,0070;0,0019;-0,0026;-0,0014;0,0005;
5,5490;0,0062;-0,0070;0,0019;-0,0026;-0,0014;0,0005;
5,6010;0,0062;-0,0070;0,0019;-0,0026;-0,0014;0,0005;
5,6230;0,0062;-0,0070;0,0019;0,0006;-0,0004;-0,0005;
5,6240;0,0106;0,0055;0,0170;0,0006;-0,0004;-0,0005;
5,6490;0,0106;0,0055;0,0170;0,0006;-0,0004;-0,0005;
5,7010;0,0106;0,0055;0,0170;0,0006;-0,0004;-0,0005;
5,7240;-0,0097;0,0059;0,0347;0,0006;-0,0004;-0,0005;
5,7240;-0,0097;0,0059;0,0347;-0,0015;-0,0004;-0,0005;
5,7500;-0,0097;0,0059;0,0347;-0,0015;-0,0004;-0,0005;
5,8920;-0,0075;0,0056;0,0286;-0,0015;-0,0004;-0,0005;
5,8930;-0,0075;0,0056;0,0286;0,0006;-0,0004;0,0005;
5,9020;-0,0075;0,0056;0,0286;0,0006;-0,0004;0,0005;
5,9430;-0,0075;0,0056;0,0286;0,0006;-0,0004;0,0005;
5,9660;-0,0075;0,0056;0,0286;0,0006;-0,0004;0,0005;
5,9900;-0,0075;0,0056;0,0286;0,0006;-0,0014;-0,0005;
5,9900;-0,0038;-0,0041;-0,0151;0,0006;-0,0014;-0,0005;
6,0440;-0,0038;-0,0041;-0,0151;0,0006;-0,0014;-0,0005;
6,0520;-0,0038;-0,0041;-0,0151;0,0006;-0,0014;-0,0005;
6,0920;-0,0038;-0,0041;-0,0151;-0,0228;0,0103;-0,0219;
6,0920;0,0175;0,0149;0,0083;-0,0228;0,0103;-0,0219;
6,1440;0,0175;0,0149;0,0083;-0,0228;0,0103;-0,0219;
6,1540;0,0175;0,0149;0,0083;-0,0228;0,0103;-0,0219;
6,1920;0,0175;0,0149;0,0083;0,0187;-0,0164;-0,0911;
6,1930;-0,0701;-0,1649;0,8458;0,0187;-0,0164;-0,0911;
6,2450;-0,0701;-0,1649;0,8458;0,0187;-0,0164;-0,0911;
6,2550;-0,0701;-0,1649;0,8458;0,0187;-0,0164;-0,0911;
6,2930;-0,0701;-0,1649;0,8458;-0,0452;-0,0334;-0,1550;
6,2930;-0,0590;-0,0643;0,2992;-0,0452;-0,0334;-0,1550;
6,3460;-0,0590;-0,0643;0,2992;-0,0452;-0,0334;-0,1550;
6,3560;-0,0590;-0,0643;0,2992;-0,0452;-0,0334;-0,1550;
6,3930;-0,0590;-0,0643;0,2992;-0,0665;-0,0419;-0,2211;
6,3940;0,0803;-0,1025;0,2060;-0,0665;-0,0419;-0,2211;
6,4460;0,0803;-0,1025;0,2060;-0,0665;-0,0419;-0,2211;
6,4570;0,0803;-0,1025;0,2060;-0,0665;-0,0419;-0,2211;
6,4960;0,0803;-0,1025;0,2060;-0,0505;-0,0547;-0,2924;
6,4960;0,0979;-0,1221;0,3238;-0,0505;-0,0547;-0,2924;
6,5460;0,0979;-0,1221;0,3238;-0,0505;-0,0547;-0,2924;
6,5570;0,0979;-0,1221;0,3238;-0,0505;-0,0547;-0,2924;
6,5960;0,2214;-0,0865;0,1785;-0,0505;-0,0547;-0,2924;
6,5970;0,2214;-0,0865;0,1785;-0,0686;-0,0718;-0,3595;
6,6460;0,2214;-0,0865;0,1785;-0,0686;-0,0718;-0,3595;
6,6590;0,2214;-0,0865;0,1785;-0,0686;-0,0718;-0,3595;
6,6960;0,2214;-0,0865;0,1785;-0,0942;-0,0835;-0,4309;
6,6960;0,1863;-0,1376;-0,1102;-0,0942;-0,0835;-0,4309;
6,7470;0,1863;-0,1376;-0,1102;-0,0942;-0,0835;-0,4309;
6,8510;0,1863;-0,1376;-0,1102;-0,0942;-0,0835;-0,4309;
6,8510;0,1863;-0,1376;-0,1102;-0,0942;-0,0835;-0,4309;
6,8520;0,2409;-0,1784;-0,1712;-0,0942;-0,0835;-0,4309;
6,8520;0,2409;-0,1784;-0,1712;-0,1187;-0,1027;-0,5364;
6,9450;0,2409;-0,1784;-0,1712;-0,1187;-0,1027;-0,5364;
6,9580;0,2409;-0,1784;-0,1712;-0,1187;-0,1027;-0,5364;
6,9650;0,2409;-0,1784;-0,1712;-0,1368;-0,1144;-0,6322;
6,9660;0,2763;-0,2257;-0,0557;-0,1368;-0,1144;-0,6322;
7,0470;0,2763;-0,2257;-0,0557;-0,1368;-0,1144;-0,6322;
7,0610;0,2763;-0,2257;-0,0557;-0,1368;-0,1144;-0,6322;
7,0670;0,2763;-0,2257;-0,0557;-0,1474;-0,1261;-0,7068;
7,0670;0,3036;-0,2592;-0,0572;-0,1474;-0,1261;-0,7068;
7,1480;0,3036;-0,2592;-0,0572;-0,1474;-0,1261;-0,7068;
7,1610;0,3036;-0,2592;-0,0572;-0,1474;-0,1261;-0,7068;
7,1660;0,2707;-0,2671;-0,0851;-0,1474;-0,1261;-0,7068;
7,1670;0,2707;-0,2671;-0,0851;-0,1741;-0,1421;-0,7803;
7,2460;0,2707;-0,2671;-0,0851;-0,1741;-0,1421;-0,7803;
7,2610;0,2707;-0,2671;-0,0851;-0,1741;-0,1421;-0,7803;
7,2670;0,2707;-0,2671;-0,0851;-0,1954;-0,1538;-0,8506;
7,2680;0,2353;-0,3167;-0,0018;-0,1954;-0,1538;-0,8506;
7,3460;0,2353;-0,3167;-0,0018;-0,1954;-0,1538;-0,8506;
7,3620;0,2353;-0,3167;-0,0018;-0,1954;-0,1538;-0,8506;
7,3660;0,1997;-0,3032;0,0027;-0,1954;-0,1538;-0,8506;
7,3660;0,1997;-0,3032;0,0027;-0,1932;-0,1708;-0,9273;
7,4480;0,1997;-0,3032;0,0027;-0,1932;-0,1708;-0,9273;
7,4640;0,1997;-0,3032;0,0027;-0,1932;-0,1708;-0,9273;
7,4670;0,1794;-0,3328;0,0142;-0,1932;-0,1708;-0,9273;
7,4670;0,1794;-0,3328;0,0142;-0,2082;-0,1847;-1,0008;
7,5480;0,1794;-0,3328;0,0142;-0,2082;-0,1847;-1,0008;
7,5650;0,1794;-0,3328;0,0142;-0,2082;-0,1847;-1,0008;
7,5680;0,1506;-0,3806;-0,0100;-0,2082;-0,1847;-1,0008;
7,5680;0,1506;-0,3806;-0,0100;-0,2422;-0,2092;-1,0701;
7,6480;0,1506;-0,3806;-0,0100;-0,2422;-0,2092;-1,0701;
7,6660;0,1506;-0,3806;-0,0100;-0,2422;-0,2092;-1,0701;
7,6680;0,1713;-0,4211;0,0788;-0,2422;-0,2092;-1,0701;
7,6680;0,1713;-0,4211;0,0788;-0,2529;-0,2379;-1,1425;
7,7480;0,1713;-0,4211;0,0788;-0,2529;-0,2379;-1,1425;
7,7650;0,1713;-0,4211;0,0788;-0,2529;-0,2379;-1,1425;
7,7690;0,1494;-0,4461;0,0722;-0,2529;-0,2379;-1,1425;
7,7690;0,1494;-0,4461;0,0722;-0,2785;-0,2582;-1,2203;
7,8480;0,1494;-0,4461;0,0722;-0,2785;-0,2582;-1,2203;
7,8670;0,1494;-0,4461;0,0722;-0,2785;-0,2582;-1,2203;
7,8680;0,1408;-0,5022;0,1542;-0,2785;-0,2582;-1,2203;
7,8680;0,1408;-0,5022;0,1542;-0,2646;-0,2422;-1,2970;
7,9470;0,1408;-0,5022;0,1542;-0,2646;-0,2422;-1,2970;
7,9670;0,1408;-0,5022;0,1542;-0,2646;-0,2422;-1,2970;
7,9690;0,1408;-0,5022;0,1542;-0,2582;-0,2710;-1,3715;
7,9700;0,0820;-0,4902;0,1462;-0,2582;-0,2710;-1,3715;
8,0490;0,0820;-0,4902;0,1462;-0,2582;-0,2710;-1,3715;
8,0680;0,0820;-0,4902;0,1462;-0,2582;-0,2710;-1,3715;
8,0700;0,0258;-0,5259;-0,0146;-0,2582;-0,2710;-1,3715;
8,0700;0,0258;-0,5259;-0,0146;-0,2795;-0,2816;-1,4429;
8,1500;0,0258;-0,5259;-0,0146;-0,2795;-0,2816;-1,4429;
8,1680;0,0258;-0,5259;-0,0146;-0,2795;-0,2816;-1,4429;
8,1690;0,0258;-0,5259;-0,0146;-0,3477;-0,2933;-1,5132;
8,1700;-0,0349;-0,6951;0,0567;-0,3477;-0,2933;-1,5132;
8,2500;-0,0349;-0,6951;0,0567;-0,3477;-0,2933;-1,5132;
8,2680;-0,0349;-0,6951;0,0567;-0,3477;-0,2933;-1,5132;
8,2700;-0,0349;-0,6951;0,0567;-0,3200;-0,2891;-1,5889;
8,2710;0,0558;-0,7978;0,1955;-0,3200;-0,2891;-1,5889;
8,3500;0,0558;-0,7978;0,1955;-0,3200;-0,2891;-1,5889;
8,3690;0,0558;-0,7978;0,1955;-0,3200;-0,2891;-1,5889;
8,3710;-0,0463;-1,0402;0,3362;-0,3200;-0,2891;-1,5889;
8,3710;-0,0463;-1,0402;0,3362;-0,3456;-0,3775;-1,6592;
8,4510;-0,0463;-1,0402;0,3362;-0,3456;-0,3775;-1,6592;
8,4690;-0,0463;-1,0402;0,3362;-0,3456;-0,3775;-1,6592;
8,4700;-0,0678;-1,0874;0,1877;-0,3456;-0,3775;-1,6592;
8,4700;-0,0678;-1,0874;0,1877;-0,3072;-0,4084;-1,7241;
8,5520;-0,0678;-1,0874;0,1877;-0,3072;-0,4084;-1,7241;
8,5700;-0,0678;-1,0874;0,1877;-0,3072;-0,4084;-1,7241;
8,5710;0,1073;-1,2759;0,0953;-0,3072;-0,4084;-1,7241;
8,5710;0,1073;-1,2759;0,0953;-0,4020;-0,4212;-1,7944;
8,6520;0,1073;-1,2759;0,0953;-0,4020;-0,4212;-1,7944;
8,6700;0,1073;-1,2759;0,0953;-0,4020;-0,4212;-1,7944;
8,6710;0,1966;-1,4277;0,2692;-0,4020;-0,4212;-1,7944;
8,6720;0,1966;-1,4277;0,2692;-0,4052;-0,4222;-1,8712;
8,7190;0,1966;-1,4277;0,2692;-0,4052;-0,4222;-1,8712;
8,7510;0,1966;-1,4277;0,2692;-0,4052;-0,4222;-1,8712;
8,7710;0,1966;-1,4277;0,2692;-0,4052;-0,4222;-1,8712;
8,7720;0,1832;-1,5397;0,4602;-0,4052;-0,4222;-1,8712;
8,7720;0,1832;-1,5397;0,4602;-0,3413;-0,4158;-1,9500;
8,8520;0,1832;-1,5397;0,4602;-0,3413;-0,4158;-1,9500;
8,8720;0,1832;-1,5397;0,4602;-0,3413;-0,4158;-1,9500;
8,8720;0,1832;-1,5397;0,4602;-0,3594;-0,4180;-2,0331;
8,8730;0,1616;-1,6871;0,3934;-0,3594;-0,4180;-2,0331;
8,9530;0,1616;-1,6871;0,3934;-0,3594;-0,4180;-2,0331;
8,9730;0,1616;-1,6871;0,3934;-0,3594;-0,4180;-2,0331;
8,9740;0,1616;-1,6871;0,3934;-0,4084;-0,3924;-2,1087;
8,9740;0,2325;-1,7918;0,1151;-0,4084;-0,3924;-2,1087;
9,0540;0,2325;-1,7918;0,1151;-0,4084;-0,3924;-2,1087;
9,0730;0,2325;-1,7918;0,1151;-0,5054;-0,4073;-2,1779;
9,0740;0,2325;-1,7918;0,1151;-0,5054;-0,4073;-2,1779;
9,0740;0,1422;-2,0939;0,1021;-0,5054;-0,4073;-2,1779;
9,1530;0,1422;-2,0939;0,1021;-0,5054;-0,4073;-2,1779;
9,1740;0,1422;-2,0939;0,1021;-0,5203;-0,3999;-2,2536;
9,1740;0,1422;-2,0939;0,1021;-0,5203;-0,3999;-2,2536;
9,1740;0,3414;-2,2063;0,3187;-0,5203;-0,3999;-2,2536;
9,2530;0,3414;-2,2063;0,3187;-0,5203;-0,3999;-2,2536;
9,2740;0,3414;-2,2063;0,3187;-0,4937;-0,3967;-2,3324;
9,2740;0,3414;-2,2063;0,3187;-0,4937;-0,3967;-2,3324;
9,2750;0,3109;-2,3596;0,4408;-0,4937;-0,3967;-2,3324;
9,3420;0,3109;-2,3596;0,4408;-0,4937;-0,3967;-2,3324;
9,3560;0,3109;-2,3596;0,4408;-0,4937;-0,3967;-2,3324;
9,3750;0,3109;-2,3596;0,4408;-0,4766;-0,4467;-2,4017;
9,3750;0,3109;-2,3596;0,4408;-0,4766;-0,4467;-2,4017;
9,3750;0,3216;-2,4512;0,5160;-0,4766;-0,4467;-2,4017;
9,4540;0,3216;-2,4512;0,5160;-0,4766;-0,4467;-2,4017;
9,4740;0,4740;-2,4768;0,3804;-0,4766;-0,4467;-2,4017;
9,4750;0,4740;-2,4768;0,3804;-0,4947;-0,4542;-2,4741;
9,4750;0,4740;-2,4768;0,3804;-0,4947;-0,4542;-2,4741;
9,5560;0,4740;-2,4768;0,3804;-0,4947;-0,4542;-2,4741;
9,5760;0,4740;-2,4768;0,3804;-0,5448;-0,4968;-2,5348;
9,5760;0,3861;-2,6332;0,2446;-0,5448;-0,4968;-2,5348;
9,5760;0,3861;-2,6332;0,2446;-0,5448;-0,4968;-2,5348;
9,5890;0,3861;-2,6332;0,2446;-0,5448;-0,4968;-2,5348;
9,6570;0,3861;-2,6332;0,2446;-0,5448;-0,4968;-2,5348;
9,6760;0,3861;-2,6332;0,2446;-0,6289;-0,5639;-2,5966;
9,6760;0,3861;-2,6332;0,2446;-0,6289;-0,5639;-2,5966;
9,6890;0,4584;-2,8058;0,2996;-0,6289;-0,5639;-2,5966;
9,7570;0,4584;-2,8058;0,2996;-0,6289;-0,5639;-2,5966;
9,7770;0,6756;-2,7728;0,6394;-0,6289;-0,5639;-2,5966;
9,7770;0,6756;-2,7728;0,6394;-0,5810;-0,5874;-2,6733;
9,7780;0,6756;-2,7728;0,6394;-0,5810;-0,5874;-2,6733;
9,8580;0,6756;-2,7728;0,6394;-0,5810;-0,5874;-2,6733;
9,8780;0,6756;-2,7728;0,6394;-0,5331;-0,6023;-2,7553;
9,8790;0,5682;-2,7591;0,6573;-0,5331;-0,6023;-2,7553;
9,8790;0,5682;-2,7591;0,6573;-0,5331;-0,6023;-2,7553;
9,9580;0,5682;-2,7591;0,6573;-0,5331;-0,6023;-2,7553;
9,9790;0,5682;-2,7591;0,6573;-0,5682;-0,6055;-2,8373;
9,9790;0,4989;-2,8690;0,4995;-0,5682;-0,6055;-2,8373;
9,9800;0,4989;-2,8690;0,4995;-0,5682;-0,6055;-2,8373;
10,0590;0,4989;-2,8690;0,4995;-0,5682;-0,6055;-2,8373;
10,0790;0,3689;-3,0262;0,4892;-0,5682;-0,6055;-2,8373;
10,0800;0,3689;-3,0262;0,4892;-0,5672;-0,5426;-2,9258;
10,0800;0,3689;-3,0262;0,4892;-0,5672;-0,5426;-2,9258;
10,1590;0,3689;-3,0262;0,4892;-0,5672;-0,5426;-2,9258;
10,1800;0,3689;-3,0262;0,4892;-0,6044;-0,5575;-3,0025;
10,1800;0,1650;-3,1454;0,3394;-0,6044;-0,5575;-3,0025;
10,1810;0,1650;-3,1454;0,3394;-0,6044;-0,5575;-3,0025;
10,2090;0,1650;-3,1454;0,3394;-0,6044;-0,5575;-3,0025;
10,2600;0,1650;-3,1454;0,3394;-0,6044;-0,5575;-3,0025;
10,2800;0,1379;-3,5301;0,2892;-0,6044;-0,5575;-3,0025;
10,2800;0,1379;-3,5301;0,2892;-0,7557;-0,5639;-3,0813;
10,2810;0,1379;-3,5301;0,2892;-0,7557;-0,5639;-3,0813;
10,3600;0,1379;-3,5301;0,2892;-0,7557;-0,5639;-3,0813;
10,3800;0,0207;-3,6820;0,8526;-0,7557;-0,5639;-3,0813;
10,3800;0,0207;-3,6820;0,8526;-0,6620;-0,5479;-3,1591;
10,3810;0,0207;-3,6820;0,8526;-0,6620;-0,5479;-3,1591;
10,4600;0,0207;-3,6820;0,8526;-0,6620;-0,5479;-3,1591;
10,4800;-0,0251;-3,9146;0,8017;-0,6620;-0,5479;-3,1591;
10,4800;-0,0251;-3,9146;0,8017;-0,6268;-0,5671;-3,2453;
10,4820;-0,0251;-3,9146;0,8017;-0,6268;-0,5671;-3,2453;
10,5600;-0,0251;-3,9146;0,8017;-0,6268;-0,5671;-3,2453;
10,5800;-0,0558;-4,1566;0,5482;-0,6268;-0,5671;-3,2453;
10,5810;-0,0558;-4,1566;0,5482;-0,7088;-0,5959;-3,3188;
10,5830;-0,0558;-4,1566;0,5482;-0,7088;-0,5959;-3,3188;
10,6600;-0,0558;-4,1566;0,5482;-0,7088;-0,5959;-3,3188;
10,6800;-0,0558;-4,1566;0,5482;-0,8122;-0,6364;-3,3817;
10,6810;-0,1145;-4,5514;0,6566;-0,8122;-0,6364;-3,3817;
10,6840;-0,1145;-4,5514;0,6566;-0,8122;-0,6364;-3,3817;
10,7610;-0,1145;-4,5514;0,6566;-0,8122;-0,6364;-3,3817;
10,7810;0,0072;-4,8254;1,0145;-0,8122;-0,6364;-3,3817;
10,7820;0,0072;-4,8254;1,0145;-0,7738;-0,5948;-3,4680;
10,7860;0,0072;-4,8254;1,0145;-0,7738;-0,5948;-3,4680;
10,8610;0,0072;-4,8254;1,0145;-0,7738;-0,5948;-3,4680;
10,8810;0,0072;-4,8254;1,0145;-0,6843;-0,6470;-3,5447;
10,8820;-0,0751;-4,9313;1,0686;-0,6843;-0,6470;-3,5447;
10,8850;-0,0751;-4,9313;1,0686;-0,6843;-0,6470;-3,5447;
10,9580;-0,0751;-4,9313;1,0686;-0,6843;-0,6470;-3,5447;
10,9590;-0,0751;-4,9313;1,0686;-0,6843;-0,6470;-3,5447;
10,9800;-0,0011;-5,2944;0,8247;-0,6843;-0,6470;-3,5447;
10,9800;-0,0011;-5,2944;0,8247;-0,7877;-0,6651;-3,6182;
10,9880;-0,0011;-5,2944;0,8247;-0,7877;-0,6651;-3,6182;
11,0620;-0,0011;-5,2944;0,8247;-0,7877;-0,6651;-3,6182;
11,0820;0,0947;-5,5405;0,9760;-0,7877;-0,6651;-3,6182;
11,0830;0,0947;-5,5405;0,9760;-0,7834;-0,6502;-3,6981;
11,0870;0,0947;-5,5405;0,9760;-0,7834;-0,6502;-3,6981;
11,1610;0,0947;-5,5405;0,9760;-0,7834;-0,6502;-3,6981;
11,1800;0,0947;-5,5405;0,9760;-0,7568;-0,6609;-3,7748;
11,1800;0,0684;-5,7558;1,0070;-0,7568;-0,6609;-3,7748;
11,1870;0,0684;-5,7558;1,0070;-0,7568;-0,6609;-3,7748;
11,2620;0,0684;-5,7558;1,0070;-0,7568;-0,6609;-3,7748;
11,2820;0,0684;-5,7558;1,0070;-0,8281;-0,6555;-3,8504;
11,2830;0,1977;-5,9930;0,8214;-0,8281;-0,6555;-3,8504;
11,2880;0,1977;-5,9930;0,8214;-0,8281;-0,6555;-3,8504;
11,3300;0,1977;-5,9930;0,8214;-0,8281;-0,6555;-3,8504;
11,3640;0,1977;-5,9930;0,8214;-0,8281;-0,6555;-3,8504;
11,3830;0,1569;-6,3535;0,9087;-0,8281;-0,6555;-3,8504;
11,3840;0,1569;-6,3535;0,9087;-0,8995;-0,6790;-3,9229;
11,3890;0,1569;-6,3535;0,9087;-0,8995;-0,6790;-3,9229;
11,4640;0,1569;-6,3535;0,9087;-0,8995;-0,6790;-3,9229;
11,4840;0,2276;-6,4106;1,1731;-0,8995;-0,6790;-3,9229;
11,4840;0,2276;-6,4106;1,1731;-0,8505;-0,6779;-4,0070;
11,4910;0,2276;-6,4106;1,1731;-0,8505;-0,6779;-4,0070;
11,5640;0,2276;-6,4106;1,1731;-0,8505;-0,6779;-4,0070;
11,5810;0,2276;-6,4106;1,1731;-0,8505;-0,6779;-4,0070;
11,5820;0,3497;-6,5090;1,2676;-0,8505;-0,6779;-4,0070;
11,5820;0,3497;-6,5090;1,2676;-0,8154;-0,7386;-4,0816;
11,5910;0,3497;-6,5090;1,2676;-0,8154;-0,7386;-4,0816;
11,6640;0,3497;-6,5090;1,2676;-0,8154;-0,7386;-4,0816;
11,6850;0,2181;-6,6396;1,1057;-0,8154;-0,7386;-4,0816;
11,6850;0,2181;-6,6396;1,1057;-0,8654;-0,7727;-4,1583;
11,6910;0,2181;-6,6396;1,1057;-0,8654;-0,7727;-4,1583;
11,7640;0,2181;-6,6396;1,1057;-0,8654;-0,7727;-4,1583;
11,7840;0,1751;-7,0214;1,1526;-0,8654;-0,7727;-4,1583;
11,7850;0,1751;-7,0214;1,1526;-0,9198;-0,7375;-4,2467;
11,7920;0,1751;-7,0214;1,1526;-0,9198;-0,7375;-4,2467;
11,8640;0,1751;-7,0214;1,1526;-0,9198;-0,7375;-4,2467;
11,8850;0,1751;-7,0214;1,1526;-0,8974;-0,7237;-4,3266;
11,8850;0,0095;-7,2665;1,3059;-0,8974;-0,7237;-4,3266;
11,8950;0,0095;-7,2665;1,3059;-0,8974;-0,7237;-4,3266;
11,9610;0,0095;-7,2665;1,3059;-0,8974;-0,7237;-4,3266;
11,9810;0,0095;-7,2665;1,3059;-0,9261;-0,7258;-4,4075;
11,9810;-0,0942;-7,5558;1,2017;-0,9261;-0,7258;-4,4075;
11,9920;-0,0942;-7,5558;1,2017;-0,9261;-0,7258;-4,4075;
12,0650;-0,0942;-7,5558;1,2017;-0,9261;-0,7258;-4,4075;
12,0850;-0,0942;-7,5558;1,2017;-0,9805;-0,7429;-4,4853;
12,0860;-0,1882;-7,9901;1,2498;-0,9805;-0,7429;-4,4853;
12,1110;-0,1882;-7,9901;1,2498;-0,9805;-0,7429;-4,4853;
12,1650;-0,1882;-7,9901;1,2498;-0,9805;-0,7429;-4,4853;
12,1840;-0,1882;-7,9901;1,2498;-0,9666;-0,7461;-4,5609;
12,1840;-0,1508;-8,2508;1,4379;-0,9666;-0,7461;-4,5609;
12,1970;-0,1508;-8,2508;1,4379;-0,9666;-0,7461;-4,5609;
12,2640;-0,1508;-8,2508;1,4379;-0,9666;-0,7461;-4,5609;
12,2840;-0,1508;-8,2508;1,4379;-0,9794;-0,7780;-4,6323;
12,2840;-0,2200;-8,6118;1,4035;-0,9794;-0,7780;-4,6323;
12,2970;-0,2200;-8,6118;1,4035;-0,9794;-0,7780;-4,6323;
12,3660;-0,2200;-8,6118;1,4035;-0,9794;-0,7780;-4,6323;
12,3870;-0,2200;-8,6118;1,4035;-1,0604;-0,7972;-4,7069;
12,3870;-0,1614;-8,9715;1,3754;-1,0604;-0,7972;-4,7069;
12,3980;-0,1614;-8,9715;1,3754;-1,0604;-0,7972;-4,7069;
12,4670;-0,1614;-8,9715;1,3754;-1,0604;-0,7972;-4,7069;
12,4870;0,0809;-9,3133;1,8507;-1,0604;-0,7972;-4,7069;
12,4870;0,0809;-9,3133;1,8507;-1,0124;-0,7876;-4,7900;
12,4990;0,0809;-9,3133;1,8507;-1,0124;-0,7876;-4,7900;
12,5680;0,0809;-9,3133;1,8507;-1,0124;-0,7876;-4,7900;
12,5880;-0,1184;-9,4388;1,6367;-1,0124;-0,7876;-4,7900;
12,5890;-0,1184;-9,4388;1,6367;-0,9336;-0,7844;-4,8784;
12,6000;-0,1184;-9,4388;1,6367;-0,9336;-0,7844;-4,8784;
12,6690;-0,1184;-9,4388;1,6367;-0,9336;-0,7844;-4,8784;
12,6880;-0,1668;-9,7899;1,4538;-0,9336;-0,7844;-4,8784;
12,6890;-0,1668;-9,7899;1,4538;-0,9783;-0,8111;-4,9551;
12,6970;-0,1668;-9,7899;1,4538;-0,9783;-0,8111;-4,9551;
12,6980;-0,1668;-9,7899;1,4538;-0,9783;-0,8111;-4,9551;
12,7680;-0,1668;-9,7899;1,4538;-0,9783;-0,8111;-4,9551;
12,7860;-0,1401;-10,0871;1,2656;-0,9783;-0,8111;-4,9551;
12,7860;-0,1401;-10,0871;1,2656;-1,1179;-0,8356;-5,0211;
12,8010;-0,1401;-10,0871;1,2656;-1,1179;-0,8356;-5,0211;
12,8670;-0,1401;-10,0871;1,2656;-1,1179;-0,8356;-5,0211;
12,8880;0,0011;-10,4900;1,6617;-1,1179;-0,8356;-5,0211;
12,8880;0,0011;-10,4900;1,6617;-1,1488;-0,8483;-5,1000;
12,9020;0,0011;-10,4900;1,6617;-1,1488;-0,8483;-5,1000;
12,9460;0,0011;-10,4900;1,6617;-1,1488;-0,8483;-5,1000;
12,9660;0,0011;-10,4900;1,6617;-1,1488;-0,8483;-5,1000;
12,9870;-0,0303;-10,5953;1,8837;-1,1488;-0,8483;-5,1000;
12,9870;-0,0303;-10,5953;1,8837;-1,0945;-0,8654;-5,1841;
13,0030;-0,0303;-10,5953;1,8837;-1,0945;-0,8654;-5,1841;
13,0680;-0,0303;-10,5953;1,8837;-1,0945;-0,8654;-5,1841;
13,0870;-0,0303;-10,5953;1,8837;-1,0764;-0,8505;-5,2704;
13,0880;-0,1253;-10,9557;1,8878;-1,0764;-0,8505;-5,2704;
13,1040;-0,1253;-10,9557;1,8878;-1,0764;-0,8505;-5,2704;
13,1670;-0,1253;-10,9557;1,8878;-1,0764;-0,8505;-5,2704;
13,1880;-0,2835;-11,2793;1,7235;-1,0764;-0,8505;-5,2704;
13,1890;-0,2835;-11,2793;1,7235;-1,1040;-0,8696;-5,3482;
13,2040;-0,2835;-11,2793;1,7235;-1,1040;-0,8696;-5,3482;
13,2680;-0,2835;-11,2793;1,7235;-1,1040;-0,8696;-5,3482;
13,2880;-0,2835;-11,2793;1,7235;-1,1946;-0,8579;-5,4259;
13,2880;-0,2920;-11,7505;1,6704;-1,1946;-0,8579;-5,4259;
13,3040;-0,2920;-11,7505;1,6704;-1,1946;-0,8579;-5,4259;
13,3670;-0,2920;-11,7505;1,6704;-1,1946;-0,8579;-5,4259;
13,3870;-0,2920;-11,7505;1,6704;-1,1754;-0,8398;-5,5016;
13,3880;-0,3346;-12,1599;1,9133;-1,1754;-0,8398;-5,5016;
13,4060;-0,3346;-12,1599;1,9133;-1,1754;-0,8398;-5,5016;
13,4680;-0,3346;-12,1599;1,9133;-1,1754;-0,8398;-5,5016;
13,4880;-0,3346;-12,1599;1,9133;-1,1818;-0,8760;-5,5751;
13,4890;-0,3382;-12,5243;1,9365;-1,1818;-0,8760;-5,5751;
13,5060;-0,3382;-12,5243;1,9365;-1,1818;-0,8760;-5,5751;
13,5690;-0,3382;-12,5243;1,9365;-1,1818;-0,8760;-5,5751;
13,5880;-0,2222;-12,9621;1,8310;-1,1818;-0,8760;-5,5751;
13,5880;-0,2222;-12,9621;1,8310;-1,2734;-0,8878;-5,6465;
13,6060;-0,2222;-12,9621;1,8310;-1,2734;-0,8878;-5,6465;
13,6690;-0,2222;-12,9621;1,8310;-1,2734;-0,8878;-5,6465;
13,6890;-0,0975;-13,3218;2,1947;-1,2734;-0,8878;-5,6465;
13,6900;-0,0975;-13,3218;2,1947;-1,2478;-0,8569;-5,7295;
13,7080;-0,0975;-13,3218;2,1947;-1,2478;-0,8569;-5,7295;
13,7690;-0,0975;-13,3218;2,1947;-1,2478;-0,8569;-5,7295;
13,7900;-0,0975;-13,3218;2,1947;-1,1882;-0,8760;-5,8148;
13,7900;-0,1977;-13,5660;2,2158;-1,1882;-0,8760;-5,8148;
13,8080;-0,1977;-13,5660;2,2158;-1,1882;-0,8760;-5,8148;
13,8160;-0,1977;-13,5660;2,2158;-1,1882;-0,8760;-5,8148;
13,8700;-0,1977;-13,5660;2,2158;-1,1882;-0,8760;-5,8148;
13,8900;-0,1595;-13,8862;1,9356;-1,1882;-0,8760;-5,8148;
13,8910;-0,1595;-13,8862;1,9356;-1,2638;-0,9144;-5,8872;
13,9080;-0,1595;-13,8862;1,9356;-1,2638;-0,9144;-5,8872;
13,9700;-0,1595;-13,8862;1,9356;-1,2638;-0,9144;-5,8872;
13,9910;-0,1595;-13,8862;1,9356;-1,3757;-0,9155;-5,9596;
13,9910;-0,2198;-14,3085;1,9623;-1,3757;-0,9155;-5,9596;
14,0070;-0,2198;-14,3085;1,9623;-1,3757;-0,9155;-5,9596;
14,0670;-0,2198;-14,3085;1,9623;-1,3757;-0,9155;-5,9596;
14,0710;-0,2198;-14,3085;1,9623;-1,3757;-0,9155;-5,9596;
14,0910;-0,2285;-14,6710;2,4444;-1,3757;-0,9155;-5,9596;
14,0920;-0,2285;-14,6710;2,4444;-1,2947;-0,8867;-6,0534;
14,1080;-0,2285;-14,6710;2,4444;-1,2947;-0,8867;-6,0534;
14,1710;-0,2285;-14,6710;2,4444;-1,2947;-0,8867;-6,0534;
14,1890;-0,2285;-14,6710;2,4444;-1,2947;-0,8867;-6,0534;
14,1900;-0,3026;-15,0119;2,3443;-1,2947;-0,8867;-6,0534;
14,1910;-0,3026;-15,0119;2,3443;-1,2404;-0,8941;-6,1375;
14,2090;-0,3026;-15,0119;2,3443;-1,2404;-0,8941;-6,1375;
14,2710;-0,3026;-15,0119;2,3443;-1,2404;-0,8941;-6,1375;
14,2910;-0,3026;-15,0119;2,3443;-1,3672;-0,9155;-6,2089;
14,2920;-0,4813;-15,5419;2,0568;-1,3672;-0,9155;-6,2089;
14,3100;-0,4813;-15,5419;2,0568;-1,3672;-0,9155;-6,2089;
14,3710;-0,4813;-15,5419;2,0568;-1,3672;-0,9155;-6,2089;
14,3910;-0,4191;-16,1077;2,4095;-1,3672;-0,9155;-6,2089;
14,3910;-0,4191;-16,1077;2,4095;-1,3981;-0,9080;-6,2899;
14,4130;-0,4191;-16,1077;2,4095;-1,3981;-0,9080;-6,2899;
14,4720;-0,4191;-16,1077;2,4095;-1,3981;-0,9080;-6,2899;
14,4920;-0,4191;-16,1077;2,4095;-1,3224;-0,9314;-6,3623;
14,5040;-0,4478;-16,3653;2,6218;-1,3224;-0,9314;-6,3623;
14,5110;-0,4478;-16,3653;2,6218;-1,3224;-0,9314;-6,3623;
14,5720;-0,4478;-16,3653;2,6218;-1,3224;-0,9314;-6,3623;
14,5920;-0,4478;-16,3653;2,6218;-1,4364;-0,9943;-6,4305;
14,5920;-0,3095;-16,7805;2,3845;-1,4364;-0,9943;-6,4305;
14,6120;-0,3095;-16,7805;2,3845;-1,4364;-0,9943;-6,4305;
14,6730;-0,3095;-16,7805;2,3845;-1,4364;-0,9943;-6,4305;
14,6890;-0,3095;-16,7805;2,3845;-1,4364;-0,9943;-6,4305;
14,6920;-0,3095;-16,7805;2,3845;-1,4023;-0,8909;-6,5274;
14,6930;-0,3135;-17,2768;2,6446;-1,4023;-0,8909;-6,5274;
14,7140;-0,3135;-17,2768;2,6446;-1,4023;-0,8909;-6,5274;
14,7720;-0,3135;-17,2768;2,6446;-1,4023;-0,8909;-6,5274;
14,7930;-0,4814;-17,2922;2,7915;-1,4023;-0,8909;-6,5274;
14,7930;-0,4814;-17,2922;2,7915;-1,2670;-0,9953;-6,5967;
14,8110;-0,4814;-17,2922;2,7915;-1,2670;-0,9953;-6,5967;
14,8120;-0,4814;-17,2922;2,7915;-1,2670;-0,9953;-6,5967;
14,8720;-0,4814;-17,2922;2,7915;-1,2670;-0,9953;-6,5967;
14,8950;-0,2739;-17,9689;2,1649;-1,2670;-0,9953;-6,5967;
14,8960;-0,2739;-17,9689;2,1649;-1,5376;-1,0433;-6,6616;
14,9140;-0,2739;-17,9689;2,1649;-1,5376;-1,0433;-6,6616;
14,9740;-0,2739;-17,9689;2,1649;-1,5376;-1,0433;-6,6616;
14,9940;-0,2988;-18,4582;2,6706;-1,5376;-1,0433;-6,6616;
14,9950;-0,2988;-18,4582;2,6706;-1,6047;-0,9836;-6,7490;
15,0150;-0,2988;-18,4582;2,6706;-1,6047;-0,9836;-6,7490;
15,0600;-0,2988;-18,4582;2,6706;-1,6047;-0,9836;-6,7490;
15,0740;-0,2988;-18,4582;2,6706;-1,6047;-0,9836;-6,7490;
15,0950;-0,4708;-18,6366;3,2989;-1,6047;-0,9836;-6,7490;
15,0950;-0,4708;-18,6366;3,2989;-1,2894;-0,9314;-6,8449;
15,1180;-0,4708;-18,6366;3,2989;-1,2894;-0,9314;-6,8449;
15,1760;-0,4708;-18,6366;3,2989;-1,2894;-0,9314;-6,8449;
15,1870;-0,4708;-18,6366;3,2989;-1,2894;-0,9314;-6,8449;
15,1970;-0,4708;-18,6366;3,2989;-1,4002;-1,0571;-6,9120;
15,1970;-0,6769;-19,0404;2,5146;-1,4002;-1,0571;-6,9120;
15,2180;-0,6769;-19,0404;2,5146;-1,4002;-1,0571;-6,9120;
15,2760;-0,6769;-19,0404;2,5146;-1,4002;-1,0571;-6,9120;
15,2960;-0,6769;-19,0404;2,5146;-1,7208;-1,0252;-6,9716;
15,2970;-0,6261;-19,8729;2,2619;-1,7208;-1,0252;-6,9716;
15,3180;-0,6261;-19,8729;2,2619;-1,7208;-1,0252;-6,9716;
15,3770;-0,6261;-19,8729;2,2619;-1,7208;-1,0252;-6,9716;
15,3970;-0,6261;-19,8729;2,2619;-1,5152;-0,9538;-7,0547;
15,3970;-0,4392;-20,2819;3,2973;-1,5152;-0,9538;-7,0547;
15,4200;-0,4392;-20,2819;3,2973;-1,5152;-0,9538;-7,0547;
15,4780;-0,4392;-20,2819;3,2973;-1,5152;-0,9538;-7,0547;
15,4980;-0,4392;-20,2819;3,2973;-1,4087;-1,0230;-7,1378;
15,4990;-0,4269;-20,5255;3,1700;-1,4087;-1,0230;-7,1378;
15,5210;-0,4269;-20,5255;3,1700;-1,4087;-1,0230;-7,1378;
15,5620;-0,4269;-20,5255;3,1700;-1,4087;-1,0230;-7,1378;
15,5780;-0,4269;-20,5255;3,1700;-1,4087;-1,0230;-7,1378;
15,5990;-0,4269;-20,5255;3,1700;-1,6303;-1,0209;-7,2049;
15,6000;-0,5209;-21,0821;2,4932;-1,6303;-1,0209;-7,2049;
15,6180;-0,5209;-21,0821;2,4932;-1,6303;-1,0209;-7,2049;
15,6780;-0,5209;-21,0821;2,4932;-1,6303;-1,0209;-7,2049;
15,6800;-0,5209;-21,0821;2,4932;-1,6303;-1,0209;-7,2049;
15,6980;-0,5772;-21,5003;2,8642;-1,6303;-1,0209;-7,2049;
15,6980;-0,5772;-21,5003;2,8642;-1,6292;-0,9996;-7,2720;
15,7200;-0,5772;-21,5003;2,8642;-1,6292;-0,9996;-7,2720;
15,7790;-0,5772;-21,5003;2,8642;-1,6292;-0,9996;-7,2720;
15,7990;-0,4520;-21,8207;3,0340;-1,6292;-0,9996;-7,2720;
15,8000;-0,4520;-21,8207;3,0340;-1,5813;-1,0145;-7,3669;
15,8240;-0,4520;-21,8207;3,0340;-1,5813;-1,0145;-7,3669;
15,8790;-0,4520;-21,8207;3,0340;-1,5813;-1,0145;-7,3669;
15,9000;-0,4520;-21,8207;3,0340;-1,6313;-1,0081;-7,4478;
15,9000;-0,6209;-22,4165;2,9668;-1,6313;-1,0081;-7,4478;
15,9210;-0,6209;-22,4165;2,9668;-1,6313;-1,0081;-7,4478;
15,9300;-0,6209;-22,4165;2,9668;-1,6313;-1,0081;-7,4478;
15,9790;-0,6209;-22,4165;2,9668;-1,6313;-1,0081;-7,4478;
16,0000;-0,6209;-22,4165;2,9668;-1,5461;-1,0156;-7,5288;
16,0000;-0,7508;-22,7623;3,1418;-1,5461;-1,0156;-7,5288;
16,0250;-0,7508;-22,7623;3,1418;-1,5461;-1,0156;-7,5288;
16,0560;-0,7508;-22,7623;3,1418;-1,5461;-1,0156;-7,5288;
16,0800;-0,7508;-22,7623;3,1418;-1,5461;-1,0156;-7,5288;
16,1000;-0,7466;-23,4624;2,8445;-1,5461;-1,0156;-7,5288;
16,1000;-0,7466;-23,4624;2,8445;-1,6548;-1,0401;-7,6108;
16,1250;-0,7466;-23,4624;2,8445;-1,6548;-1,0401;-7,6108;
16,1780;-0,7466;-23,4624;2,8445;-1,6548;-1,0401;-7,6108;
16,1990;-0,8389;-24,1131;3,0181;-1,6548;-1,0401;-7,6108;
16,2000;-0,8389;-24,1131;3,0181;-1,7421;-1,0188;-7,6694;
16,2240;-0,8389;-24,1131;3,0181;-1,7421;-1,0188;-7,6694;
16,2800;-0,8389;-24,1131;3,0181;-1,7421;-1,0188;-7,6694;
16,3010;-0,8389;-24,1131;3,0181;-1,6335;-0,9911;-7,7546;
16,3010;-0,6249;-24,4588;3,4274;-1,6335;-0,9911;-7,7546;
16,3020;-0,6249;-24,4588;3,4274;-1,6335;-0,9911;-7,7546;
16,3270;-0,6249;-24,4588;3,4274;-1,6335;-0,9911;-7,7546;
16,3810;-0,6249;-24,4588;3,4274;-1,6335;-0,9911;-7,7546;
16,4010;-0,7862;-24,7962;3,2201;-1,6335;-0,9911;-7,7546;
16,4010;-0,7862;-24,7962;3,2201;-1,5547;-1,0273;-7,8356;
16,4280;-0,7862;-24,7962;3,2201;-1,5547;-1,0273;-7,8356;
16,4290;-0,7862;-24,7962;3,2201;-1,5547;-1,0273;-7,8356;
16,4810;-0,7862;-24,7962;3,2201;-1,5547;-1,0273;-7,8356;
16,5010;-0,7862;-24,7962;3,2201;-1,7911;-1,0752;-7,8856;
16,5020;-0,7454;-25,3247;2,7122;-1,7911;-1,0752;-7,8856;
16,5270;-0,7454;-25,3247;2,7122;-1,7911;-1,0752;-7,8856;
16,5810;-0,7454;-25,3247;2,7122;-1,7911;-1,0752;-7,8856;
16,6020;-0,7454;-25,3247;2,7122;-1,8838;-1,0412;-7,9698;
16,6020;-0,4891;-25,9412;3,1027;-1,8838;-1,0412;-7,9698;
16,6290;-0,4891;-25,9412;3,1027;-1,8838;-1,0412;-7,9698;
16,6760;-0,4891;-25,9412;3,1027;-1,8838;-1,0412;-7,9698;
16,6790;-0,4891;-25,9412;3,1027;-1,8838;-1,0412;-7,9698;
16,7000;-0,4891;-25,9412;3,1027;-1,6313;-0,9677;-8,0657;
16,7010;-0,6958;-26,1841;3,7816;-1,6313;-0,9677;-8,0657;
16,7260;-0,6958;-26,1841;3,7816;-1,6313;-0,9677;-8,0657;
16,7810;-0,6958;-26,1841;3,7816;-1,6313;-0,9677;-8,0657;
16,8020;-0,6958;-26,1841;3,7816;-1,6313;-0,9677;-8,0657;
16,8030;-0,6958;-26,1841;3,7816;-1,6260;-1,0603;-8,1317;
16,8030;-0,9268;-26,5452;3,2704;-1,6260;-1,0603;-8,1317;
16,8270;-0,9268;-26,5452;3,2704;-1,6260;-1,0603;-8,1317;
16,8820;-0,9268;-26,5452;3,2704;-1,6260;-1,0603;-8,1317;
16,9030;-0,9268;-26,5452;3,2704;-1,9413;-1,0774;-8,1999;
16,9040;-0,9645;-27,4745;2,7676;-1,9413;-1,0774;-8,1999;
16,9290;-0,9645;-27,4745;2,7676;-1,9413;-1,0774;-8,1999;
16,9810;-0,9645;-27,4745;2,7676;-1,9413;-1,0774;-8,1999;
16,9990;-0,9645;-27,4745;2,7676;-1,8668;-1,0060;-8,2681;
17,0000;-0,8351;-28,1702;3,5641;-1,8668;-1,0060;-8,2681;
17,0270;-0,8351;-28,1702;3,5641;-1,8668;-1,0060;-8,2681;
17,0830;-0,8351;-28,1702;3,5641;-1,8668;-1,0060;-8,2681;
17,1040;-0,8351;-28,1702;3,5641;-1,6899;-1,0241;-8,3565;
17,1040;-0,6623;-28,2843;3,7867;-1,6899;-1,0241;-8,3565;
17,1300;-0,6623;-28,2843;3,7867;-1,6899;-1,0241;-8,3565;
17,1760;-0,6623;-28,2843;3,7867;-1,6899;-1,0241;-8,3565;
17,1810;-0,6623;-28,2843;3,7867;-1,6899;-1,0241;-8,3565;
17,2040;-0,6623;-28,2843;3,7867;-1,7123;-1,0987;-8,4257;
17,2050;-0,8553;-28,6730;3,2483;-1,7123;-1,0987;-8,4257;
17,2310;-0,8553;-28,6730;3,2483;-1,7123;-1,0987;-8,4257;
17,2800;-0,8553;-28,6730;3,2483;-1,7123;-1,0987;-8,4257;
17,3030;-0,8553;-28,6730;3,2483;-2,1065;-1,1104;-8,4747;
17,3030;-0,8533;-29,4249;2,7809;-2,1065;-1,1104;-8,4747;
17,3300;-0,8533;-29,4249;2,7809;-2,1065;-1,1104;-8,4747;
17,3840;-0,8533;-29,4249;2,7809;-2,1065;-1,1104;-8,4747;
17,4040;-0,7645;-29,8438;3,9245;-2,1065;-1,1104;-8,4747;
17,4050;-0,7645;-29,8438;3,9245;-1,8764;-0,9836;-8,5780;
17,4310;-0,7645;-29,8438;3,9245;-1,8764;-0,9836;-8,5780;
17,4840;-0,7645;-29,8438;3,9245;-1,8764;-0,9836;-8,5780;
17,5050;-1,0863;-30,0381;3,8952;-1,8764;-0,9836;-8,5780;
17,5050;-1,0863;-30,0381;3,8952;-1,6484;-1,1061;-8,6611;
17,5330;-1,0863;-30,0381;3,8952;-1,6484;-1,1061;-8,6611;
17,5480;-1,0863;-30,0381;3,8952;-1,6484;-1,1061;-8,6611;
17,5850;-1,0863;-30,0381;3,8952;-1,6484;-1,1061;-8,6611;
17,6060;-1,1516;-30,8858;2,9528;-1,6484;-1,1061;-8,6611;
17,6060;-1,1516;-30,8858;2,9528;-1,9808;-1,1221;-8,7187;
17,6330;-1,1516;-30,8858;2,9528;-1,9808;-1,1221;-8,7187;
17,6830;-1,1516;-30,8858;2,9528;-1,9808;-1,1221;-8,7187;
17,7060;-1,1093;-31,7531;3,5170;-1,9808;-1,1221;-8,7187;
17,7070;-1,1093;-31,7531;3,5170;-1,9935;-1,0475;-8,7900;
17,7340;-1,1093;-31,7531;3,5170;-1,9935;-1,0475;-8,7900;
17,7860;-1,1093;-31,7531;3,5170;-1,9935;-1,0475;-8,7900;
17,8060;-1,1093;-31,7531;3,5170;-1,7869;-1,0348;-8,8689;
17,8070;-0,9149;-32,0337;3,8600;-1,7869;-1,0348;-8,8689;
17,8360;-0,9149;-32,0337;3,8600;-1,7869;-1,0348;-8,8689;
17,8860;-0,9149;-32,0337;3,8600;-1,7869;-1,0348;-8,8689;
17,9060;-0,9149;-32,0337;3,8600;-1,8923;-1,1221;-8,9253;
17,9310;-1,0230;-32,3479;3,3096;-1,8923;-1,1221;-8,9253;
17,9310;-1,0230;-32,3479;3,3096;-1,8923;-1,1221;-8,9253;
17,9340;-1,0230;-32,3479;3,3096;-1,8923;-1,1221;-8,9253;
17,9850;-1,0230;-32,3479;3,3096;-1,8923;-1,1221;-8,9253;
18,0080;-1,0230;-32,3479;3,3096;-2,1480;-1,0976;-8,9892;
18,0090;-0,9486;-33,0262;3,0859;-2,1480;-1,0976;-8,9892;
18,0380;-0,9486;-33,0262;3,0859;-2,1480;-1,0976;-8,9892;
18,0880;-0,9486;-33,0262;3,0859;-2,1480;-1,0976;-8,9892;
18,1070;-0,9486;-33,0262;3,0859;-1,9829;-0,9890;-9,0787;
18,1080;-0,9462;-33,4673;3,8085;-1,9829;-0,9890;-9,0787;
18,1370;-0,9462;-33,4673;3,8085;-1,9829;-0,9890;-9,0787;
18,1690;-0,9462;-33,4673;3,8085;-1,9829;-0,9890;-9,0787;
18,1840;-0,9462;-33,4673;3,8085;-1,9829;-0,9890;-9,0787;
18,2080;-1,6055;-33,5781;3,7499;-1,9829;-0,9890;-9,0787;
18,2080;-1,6055;-33,5781;3,7499;-1,7528;-1,0806;-9,0936;
18,2380;-1,6055;-33,5781;3,7499;-1,7528;-1,0806;-9,0936;
18,2880;-1,6055;-33,5781;3,7499;-1,7528;-1,0806;-9,0936;
18,3080;-1,6055;-33,5781;3,7499;-2,0436;-1,1434;-9,0862;
18,3080;-1,6262;-33,9773;3,1461;-2,0436;-1,1434;-9,0862;
18,3400;-1,6262;-33,9773;3,1461;-2,0436;-1,1434;-9,0862;
18,3880;-1,6262;-33,9773;3,1461;-2,0436;-1,1434;-9,0862;
18,4080;-1,6262;-33,9773;3,1461;-2,0574;-1,0742;-9,0755;
18,4080;-1,4504;-34,0988;3,4739;-2,0574;-1,0742;-9,0755;
18,4410;-1,4504;-34,0988;3,4739;-2,0574;-1,0742;-9,0755;
18,4880;-1,4504;-34,0988;3,4739;-2,0574;-1,0742;-9,0755;
18,5080;-1,2845;-33,9416;3,8071;-2,0574;-1,0742;-9,0755;
18,5080;-1,2845;-33,9416;3,8071;-1,8636;-1,0103;-9,0915;
18,5420;-1,2845;-33,9416;3,8071;-1,8636;-1,0103;-9,0915;
18,5430;-1,2845;-33,9416;3,8071;-1,8636;-1,0103;-9,0915;
18,5880;-1,2845;-33,9416;3,8071;-1,8636;-1,0103;-9,0915;
18,6080;-1,2845;-33,9416;3,8071;-1,9445;-1,1061;-9,0905;
18,6080;-1,3492;-33,9075;3,2390;-1,9445;-1,1061;-9,0905;
18,6400;-1,3492;-33,9075;3,2390;-1,9445;-1,1061;-9,0905;
18,6860;-1,3492;-33,9075;3,2390;-1,9445;-1,1061;-9,0905;
18,7070;-1,3492;-33,9075;3,2390;-2,0585;-1,0113;-9,0905;
18,7080;-1,3854;-34,0666;3,0878;-2,0585;-1,0113;-9,0905;
18,7430;-1,3854;-34,0666;3,0878;-2,0585;-1,0113;-9,0905;
18,7870;-1,3854;-34,0666;3,0878;-2,0585;-1,0113;-9,0905;
18,8070;-1,3854;-34,0666;3,0878;-1,8636;-1,0209;-9,1107;
18,8080;-1,5938;-33,9113;3,7029;-1,8636;-1,0209;-9,1107;
18,8420;-1,5938;-33,9113;3,7029;-1,8636;-1,0209;-9,1107;
18,8880;-1,5938;-33,9113;3,7029;-1,8636;-1,0209;-9,1107;
18,9080;-1,5938;-33,9113;3,7029;-1,8998;-1,0497;-9,1043;
18,9080;-1,4506;-33,9115;3,2281;-1,8998;-1,0497;-9,1043;
18,9160;-1,4506;-33,9115;3,2281;-1,8998;-1,0497;-9,1043;
18,9440;-1,4506;-33,9115;3,2281;-1,8998;-1,0497;-9,1043;
18,9890;-1,4506;-33,9115;3,2281;-1,8998;-1,0497;-9,1043;
19,0090;-1,4506;-33,9115;3,2281;-2,1214;-1,0965;-9,0851;
19,0100;-1,5543;-34,1573;2,8761;-2,1214;-1,0965;-9,0851;
19,0460;-1,5543;-34,1573;2,8761;-2,1214;-1,0965;-9,0851;
19,0860;-1,5543;-34,1573;2,8761;-2,1214;-1,0965;-9,0851;
19,1060;-1,3979;-34,2293;3,6147;-2,1214;-1,0965;-9,0851;
19,1060;-1,3979;-34,2293;3,6147;-2,0415;-1,0305;-9,0968;
19,1460;-1,3979;-34,2293;3,6147;-2,0415;-1,0305;-9,0968;
19,1900;-1,3979;-34,2293;3,6147;-2,0415;-1,0305;-9,0968;
19,2090;-1,3227;-33,8125;3,7168;-2,0415;-1,0305;-9,0968;
19,2100;-1,3227;-33,8125;3,7168;-1,8295;-1,0316;-9,1075;
19,2470;-1,3227;-33,8125;3,7168;-1,8295;-1,0316;-9,1075;
19,2890;-1,3227;-33,8125;3,7168;-1,8295;-1,0316;-9,1075;
19,2890;-1,3227;-33,8125;3,7168;-1,8295;-1,0316;-9,1075;
19,3100;-1,3227;-33,8125;3,7168;-1,8849;-1,0635;-9,1032;
19,3100;-1,5172;-33,7735;3,1107;-1,8849;-1,0635;-9,1032;
19,3480;-1,5172;-33,7735;3,1107;-1,8849;-1,0635;-9,1032;
19,3880;-1,5172;-33,7735;3,1107;-1,8849;-1,0635;-9,1032;
19,4090;-1,5172;-33,7735;3,1107;-2,1043;-1,1381;-9,0862;
19,4100;-1,6226;-34,2478;2,9436;-2,1043;-1,1381;-9,0862;
19,4470;-1,6226;-34,2478;2,9436;-2,1043;-1,1381;-9,0862;
19,4890;-1,6226;-34,2478;2,9436;-2,1043;-1,1381;-9,0862;
19,5100;-1,5487;-34,2269;3,4025;-2,1043;-1,1381;-9,0862;
19,5100;-1,5487;-34,2269;3,4025;-1,9605;-1,0135;-9,1128;
19,5390;-1,5487;-34,2269;3,4025;-1,9605;-1,0135;-9,1128;
19,5470;-1,5487;-34,2269;3,4025;-1,9605;-1,0135;-9,1128;
19,5900;-1,5487;-34,2269;3,4025;-1,9605;-1,0135;-9,1128;
19,6100;-1,3569;-33,8286;3,5643;-1,9605;-1,0135;-9,1128;
19,6110;-1,3569;-33,8286;3,5643;-1,7517;-1,1136;-9,1235;
19,6480;-1,3569;-33,8286;3,5643;-1,7517;-1,1136;-9,1235;
19,6910;-1,3569;-33,8286;3,5643;-1,7517;-1,1136;-9,1235;
19,7100;-1,6303;-34,2066;2,6279;-1,7517;-1,1136;-9,1235;
19,7100;-1,6303;-34,2066;2,6279;-2,1214;-1,1541;-9,1022;
19,7480;-1,6303;-34,2066;2,6279;-2,1214;-1,1541;-9,1022;
19,7910;-1,6303;-34,2066;2,6279;-2,1214;-1,1541;-9,1022;
19,8110;-1,4809;-34,2850;3,5432;-2,1214;-1,1541;-9,1022;
19,8110;-1,4809;-34,2850;3,5432;-2,0585;-0,9634;-9,1128;
19,8480;-1,4809;-34,2850;3,5432;-2,0585;-0,9634;-9,1128;
19,8910;-1,4809;-34,2850;3,5432;-2,0585;-0,9634;-9,1128;
19,9100;-1,4809;-34,2850;3,5432;-2,0585;-0,9634;-9,1128;
19,9110;-1,5098;-33,7936;3,6422;-2,0585;-0,9634;-9,1128;
19,9120;-1,5098;-33,7936;3,6422;-1,6878;-1,0539;-9,1320;
19,9500;-1,5098;-33,7936;3,6422;-1,6878;-1,0539;-9,1320;
19,9900;-1,5098;-33,7936;3,6422;-1,6878;-1,0539;-9,1320;
20,0120;-1,6247;-34,2445;2,4563;-1,6878;-1,0539;-9,1320;
20,0120;-1,6247;-34,2445;2,4563;-2,0926;-1,2031;-9,1011;
20,0510;-1,6247;-34,2445;2,4563;-2,0926;-1,2031;-9,1011;
20,0920;-1,6247;-34,2445;2,4563;-2,0926;-1,2031;-9,1011;
20,1120;-1,6247;-34,2445;2,4563;-2,4037;-0,8366;-9,1256;
20,1120;-1,6394;-34,6394;2,6553;-2,4037;-0,8366;-9,1256;
20,1510;-1,6394;-34,6394;2,6553;-2,4037;-0,8366;-9,1256;
20,1920;-1,6394;-34,6394;2,6553;-2,4037;-0,8366;-9,1256;
20,2140;-1,3852;-34,0701;4,2470;-2,4037;-0,8366;-9,1256;
20,2140;-1,3852;-34,0701;4,2470;-1,5621;-0,9890;-9,1512;
20,2500;-1,3852;-34,0701;4,2470;-1,5621;-0,9890;-9,1512;
20,2850;-1,3852;-34,0701;4,2470;-1,5621;-0,9890;-9,1512;
20,2930;-1,3852;-34,0701;4,2470;-1,5621;-0,9890;-9,1512;
20,3140;-1,3852;-34,0701;4,2470;-1,9903;-1,2766;-9,1245;
20,3140;-1,4058;-33,9584;2,4823;-1,9903;-1,2766;-9,1245;
20,3520;-1,4058;-33,9584;2,4823;-1,9903;-1,2766;-9,1245;
20,3930;-1,4058;-33,9584;2,4823;-1,9903;-1,2766;-9,1245;
20,4130;-1,6035;-34,5596;2,3916;-1,9903;-1,2766;-9,1245;
20,4130;-1,6035;-34,5596;2,3916;-2,4644;-0,9325;-9,1149;
20,4530;-1,6035;-34,5596;2,3916;-2,4644;-0,9325;-9,1149;
20,4930;-1,6035;-34,5596;2,3916;-2,4644;-0,9325;-9,1149;
20,5150;-1,6035;-34,5596;2,3916;-1,6857;-0,8792;-9,1469;
20,5200;-1,5148;-34,1145;4,2844;-1,6857;-0,8792;-9,1469;
20,5550;-1,5148;-34,1145;4,2844;-1,6857;-0,8792;-9,1469;
20,5930;-1,5148;-34,1145;4,2844;-1,6857;-0,8792;-9,1469;
20,6160;-1,6282;-33,9125;2,8867;-1,6857;-0,8792;-9,1469;
20,6160;-1,6282;-33,9125;2,8867;-1,7325;-1,1754;-9,1426;
20,6560;-1,6282;-33,9125;2,8867;-1,7325;-1,1754;-9,1426;
20,6570;-1,6282;-33,9125;2,8867;-1,7325;-1,1754;-9,1426;
20,6940;-1,6282;-33,9125;2,8867;-1,7325;-1,1754;-9,1426;
20,7150;-1,6282;-33,9125;2,8867;-2,1661;-1,1679;-9,0926;
20,7150;-1,8069;-34,5542;2,2640;-2,1661;-1,1679;-9,0926;
20,7550;-1,8069;-34,5542;2,2640;-2,1661;-1,1679;-9,0926;
20,7940;-1,8069;-34,5542;2,2640;-2,1661;-1,1679;-9,0926;
20,8140;-1,8069;-34,5542;2,2640;-2,1768;-0,8419;-9,1458;
20,8150;-1,5475;-34,6943;3,1736;-2,1768;-0,8419;-9,1458;
20,8580;-1,5475;-34,6943;3,1736;-2,1768;-0,8419;-9,1458;
20,8950;-1,5475;-34,6943;3,1736;-2,1768;-0,8419;-9,1458;
20,9060;-1,5475;-34,6943;3,1736;-2,1768;-0,8419;-9,1458;
20,9170;-1,4029;-34,2109;3,7692;-2,1768;-0,8419;-9,1458;
20,9170;-1,4029;-34,2109;3,7692;-1,6026;-0,8153;-9,1746;
20,9570;-1,4029;-34,2109;3,7692;-1,6026;-0,8153;-9,1746;
20,9950;-1,4029;-34,2109;3,7692;-1,6026;-0,8153;-9,1746;
21,0170;-1,7082;-34,2547;2,4455;-1,6026;-0,8153;-9,1746;
21,0180;-1,7082;-34,2547;2,4455;-1,8167;-1,2329;-9,1288;
21,0600;-1,7082;-34,2547;2,4455;-1,8167;-1,2329;-9,1288;
21,0960;-1,7082;-34,2547;2,4455;-1,8167;-1,2329;-9,1288;
21,1180;-1,7082;-34,2547;2,4455;-2,2950;-1,2169;-9,1118;
21,1180;-1,4905;-34,6900;2,1371;-2,2950;-1,2169;-9,1118;
21,1580;-1,4905;-34,6900;2,1371;-2,2950;-1,2169;-9,1118;
21,1960;-1,4905;-34,6900;2,1371;-2,2950;-1,2169;-9,1118;
21,2180;-1,4905;-34,6900;2,1371;-1,8902;-0,9005;-9,1341;
21,2180;-1,3979;-34,2038;3,5071;-1,8902;-0,9005;-9,1341;
21,2600;-1,3979;-34,2038;3,5071;-1,8902;-0,9005;-9,1341;
21,2800;-1,3979;-34,2038;3,5071;-1,8902;-0,9005;-9,1341;
21,2980;-1,3979;-34,2038;3,5071;-1,8902;-0,9005;-9,1341;
21,3180;-1,3979;-34,2038;3,5071;-1,8220;-1,0838;-9,1384;
21,3190;-1,7161;-33,8773;2,8832;-1,8220;-1,0838;-9,1384;
21,3600;-1,7161;-33,8773;2,8832;-1,8220;-1,0838;-9,1384;
21,3980;-1,7161;-33,8773;2,8832;-1,8220;-1,0838;-9,1384;
21,4160;-1,7161;-33,8773;2,8832;-2,2567;-1,0113;-9,1341;
21,4160;-1,7973;-34,4436;2,1526;-2,2567;-1,0113;-9,1341;
21,4610;-1,7973;-34,4436;2,1526;-2,2567;-1,0113;-9,1341;
21,4980;-1,7973;-34,4436;2,1526;-2,2567;-1,0113;-9,1341;
21,5190;-1,7973;-34,4436;2,1526;-1,9776;-0,9005;-9,1490;
21,5190;-1,7219;-34,8247;3,3489;-1,9776;-0,9005;-9,1490;
21,5280;-1,7219;-34,8247;3,3489;-1,9776;-0,9005;-9,1490;
21,5640;-1,7219;-34,8247;3,3489;-1,9776;-0,9005;-9,1490;
21,6000;-1,7219;-34,8247;3,3489;-1,9776;-0,9005;-9,1490;
21,6200;-1,7219;-34,8247;3,3489;-1,7752;-1,0934;-9,1565;
21,6200;-1,5113;-34,5092;3,2658;-1,7752;-1,0934;-9,1565;
21,6620;-1,5113;-34,5092;3,2658;-1,7752;-1,0934;-9,1565;
21,6980;-1,5113;-34,5092;3,2658;-1,7752;-1,0934;-9,1565;
21,7190;-1,5113;-34,5092;3,2658;-2,1608;-1,1786;-9,1267;
21,7200;-1,3375;-34,4805;2,2591;-2,1608;-1,1786;-9,1267;
21,7640;-1,3375;-34,4805;2,2591;-2,1608;-1,1786;-9,1267;
21,8000;-1,3375;-34,4805;2,2591;-2,1608;-1,1786;-9,1267;
21,8210;-1,3375;-34,4805;2,2591;-2,0127;-0,9730;-9,1395;
21,8210;-1,3494;-34,2522;3,0286;-2,0127;-0,9730;-9,1395;
21,8660;-1,3494;-34,2522;3,0286;-2,0127;-0,9730;-9,1395;
21,9010;-1,3494;-34,2522;3,0286;-2,0127;-0,9730;-9,1395;
21,9020;-1,3494;-34,2522;3,0286;-2,0127;-0,9730;-9,1395;
21,9210;-1,3494;-34,2522;3,0286;-1,7858;-1,0103;-9,1608;
21,9210;-1,6560;-33,9476;3,2625;-1,7858;-1,0103;-9,1608;
21,9650;-1,6560;-33,9476;3,2625;-1,7858;-1,0103;-9,1608;
21,9990;-1,6560;-33,9476;3,2625;-1,7858;-1,0103;-9,1608;
22,0170;-1,6560;-33,9476;3,2625;-2,0916;-1,1434;-9,1341;
22,0190;-1,8676;-34,3704;2,4279;-2,0916;-1,1434;-9,1341;
22,0660;-1,8676;-34,3704;2,4279;-2,0916;-1,1434;-9,1341;
22,1010;-1,8676;-34,3704;2,4279;-2,0916;-1,1434;-9,1341;
22,1220;-1,8676;-34,3704;2,4279;-2,1959;-0,9751;-9,1480;
22,1220;-1,6512;-34,8561;2,6803;-2,1959;-0,9751;-9,1480;
22,1680;-1,6512;-34,8561;2,6803;-2,1959;-0,9751;-9,1480;
22,1990;-1,6512;-34,8561;2,6803;-2,1959;-0,9751;-9,1480;
22,2220;-1,6512;-34,8561;2,6803;-1,7592;-0,9666;-9,1725;
22,2220;-1,3939;-34,5978;3,4675;-1,7592;-0,9666;-9,1725;
22,2660;-1,3939;-34,5978;3,4675;-1,7592;-0,9666;-9,1725;
22,2740;-1,3939;-34,5978;3,4675;-1,7592;-0,9666;-9,1725;
22,2980;-1,3939;-34,5978;3,4675;-1,7592;-0,9666;-9,1725;
22,3200;-1,3939;-34,5978;3,4675;-1,9861;-1,1477;-9,1544;
22,3200;-1,5032;-34,5387;2,5000;-1,9861;-1,1477;-9,1544;
22,3670;-1,5032;-34,5387;2,5000;-1,9861;-1,1477;-9,1544;
22,4030;-1,5032;-34,5387;2,5000;-1,9861;-1,1477;-9,1544;
22,4230;-1,5032;-34,5387;2,5000;-2,1906;-1,0678;-9,1405;
22,4240;-1,4314;-34,6313;2,4529;-2,1906;-1,0678;-9,1405;
22,4680;-1,4314;-34,6313;2,4529;-2,1906;-1,0678;-9,1405;
22,5020;-1,4314;-34,6313;2,4529;-2,1906;-1,0678;-9,1405;
22,5230;-1,4314;-34,6313;2,4529;-1,8806;-1,0166;-9,1576;
22,5230;-1,3913;-34,1694;3,3231;-1,8806;-1,0166;-9,1576;
22,5670;-1,3913;-34,1694;3,3231;-1,8806;-1,0166;-9,1576;
22,6010;-1,3913;-34,1694;3,3231;-1,8806;-1,0166;-9,1576;
22,6220;-1,3913;-34,1694;3,3231;-1,8668;-1,0955;-9,1533;
22,6230;-1,7149;-34,0216;2,7310;-1,8668;-1,0955;-9,1533;
22,6520;-1,7149;-34,0216;2,7310;-1,8668;-1,0955;-9,1533;
22,6690;-1,7149;-34,0216;2,7310;-1,8668;-1,0955;-9,1533;
22,7010;-1,7149;-34,0216;2,7310;-1,8668;-1,0955;-9,1533;
22,7230;-1,7149;-34,0216;2,7310;-2,2439;-1,1541;-9,1384;
22,7240;-1,8412;-34,6356;2,3375;-2,2439;-1,1541;-9,1384;
22,7700;-1,8412;-34,6356;2,3375;-2,2439;-1,1541;-9,1384;
22,8040;-1,8412;-34,6356;2,3375;-2,2439;-1,1541;-9,1384;
22,8240;-1,6027;-34,8793;3,4876;-2,2439;-1,1541;-9,1384;
22,8240;-1,6027;-34,8793;3,4876;-1,8977;-0,9240;-9,1735;
22,8700;-1,6027;-34,8793;3,4876;-1,8977;-0,9240;-9,1735;
22,8960;-1,6027;-34,8793;3,4876;-1,8977;-0,9240;-9,1735;
22,9010;-1,6027;-34,8793;3,4876;-1,8977;-0,9240;-9,1735;
22,9220;-1,5738;-34,3986;2,9521;-1,8977;-0,9240;-9,1735;
22,9220;-1,5738;-34,3986;2,9521;-1,6899;-1,1306;-9,1682;
22,9700;-1,5738;-34,3986;2,9521;-1,6899;-1,1306;-9,1682;
23,0040;-1,5738;-34,3986;2,9521;-1,6899;-1,1306;-9,1682;
23,0240;-1,3082;-34,8895;1,5940;-1,6899;-1,1306;-9,1682;
23,0250;-1,3082;-34,8895;1,5940;-2,3536;-1,1700;-9,1352;
23,0710;-1,3082;-34,8895;1,5940;-2,3536;-1,1700;-9,1352;
23,1050;-1,3082;-34,8895;1,5940;-2,3536;-1,1700;-9,1352;
23,1250;-1,3082;-34,8895;1,5940;-2,0649;-0,8387;-9,1597;
23,1250;-1,2919;-34,7339;3,3070;-2,0649;-0,8387;-9,1597;
23,1730;-1,2919;-34,7339;3,3070;-2,0649;-0,8387;-9,1597;
23,2040;-1,2919;-34,7339;3,3070;-2,0649;-0,8387;-9,1597;
23,2240;-1,2919;-34,7339;3,3070;-1,5877;-1,0657;-9,1895;
23,2250;-1,6525;-33,9189;3,6249;-1,5877;-1,0657;-9,1895;
23,2700;-1,6525;-33,9189;3,6249;-1,5877;-1,0657;-9,1895;
23,2720;-1,6525;-33,9189;3,6249;-1,5877;-1,0657;-9,1895;
23,3050;-1,6525;-33,9189;3,6249;-1,5877;-1,0657;-9,1895;
23,3260;-1,9302;-34,4178;1,8446;-1,5877;-1,0657;-9,1895;
23,3260;-1,9302;-34,4178;1,8446;-2,0990;-1,2212;-9,1469;
23,3730;-1,9302;-34,4178;1,8446;-2,0990;-1,2212;-9,1469;
23,4060;-1,9302;-34,4178;1,8446;-2,0990;-1,2212;-9,1469;
23,4260;-1,9302;-34,4178;1,8446;-2,5635;-0,9091;-9,1629;
23,4260;-1,3009;-35,2996;2,2991;-2,5635;-0,9091;-9,1629;
23,4750;-1,3009;-35,2996;2,2991;-2,5635;-0,9091;-9,1629;
23,5070;-1,3009;-35,2996;2,2991;-2,5635;-0,9091;-9,1629;
23,5210;-1,3009;-35,2996;2,2991;-2,5635;-0,9091;-9,1629;
23,5240;-1,5080;-34,7730;4,0413;-2,5635;-0,9091;-9,1629;
23,5240;-1,5080;-34,7730;4,0413;-1,5887;-0,7013;-9,2044;
23,5770;-1,5080;-34,7730;4,0413;-1,5887;-0,7013;-9,2044;
23,6070;-1,5080;-34,7730;4,0413;-1,5887;-0,7013;-9,2044;
23,6250;-1,5080;-34,7730;4,0413;-1,9403;-1,2766;-9,1693;
23,6260;-1,5648;-34,6222;2,2686;-1,9403;-1,2766;-9,1693;
23,6760;-1,5648;-34,6222;2,2686;-1,9403;-1,2766;-9,1693;
23,7080;-1,5648;-34,6222;2,2686;-1,9403;-1,2766;-9,1693;
23,7270;-1,3785;-34,9710;1,9832;-1,9403;-1,2766;-9,1693;
23,7530;-1,3785;-34,9710;1,9832;-2,2780;-1,0912;-9,1341;
23,7740;-1,3785;-34,9710;1,9832;-2,2780;-1,0912;-9,1341;
23,8060;-1,3785;-34,9710;1,9832;-2,2780;-1,0912;-9,1341;
23,8270;-1,6194;-34,0168;3,7165;-2,2780;-1,0912;-9,1341;
23,8280;-1,6194;-34,0168;3,7165;-1,7102;-1,0635;-9,1576;
23,8790;-1,6194;-34,0168;3,7165;-1,7102;-1,0635;-9,1576;
23,8910;-1,6194;-34,0168;3,7165;-1,7102;-1,0635;-9,1576;
23,9080;-1,6194;-34,0168;3,7165;-1,7102;-1,0635;-9,1576;
23,9280;-2,0399;-33,4406;2,5613;-1,7102;-1,0635;-9,1576;
23,9280;-2,0399;-33,4406;2,5613;-1,7112;-1,0955;-9,1224;
23,9800;-2,0399;-33,4406;2,5613;-1,7112;-1,0955;-9,1224;
24,0070;-2,0399;-33,4406;2,5613;-1,7112;-1,0955;-9,1224;
24,0270;-2,0399;-33,4406;2,5613;-2,2151;-1,1125;-9,0383;
24,0280;-2,3950;-34,1719;1,8235;-2,2151;-1,1125;-9,0383;
24,0800;-2,3950;-34,1719;1,8235;-2,2151;-1,1125;-9,0383;
24,1060;-2,3950;-34,1719;1,8235;-2,2151;-1,1125;-9,0383;
24,1270;-2,3950;-34,1719;1,8235;-2,1618;-0,9304;-9,0212;
24,1270;-1,7693;-34,3686;2,9950;-2,1618;-0,9304;-9,0212;
24,1800;-1,7693;-34,3686;2,9950;-2,1618;-0,9304;-9,0212;
24,2070;-1,7693;-34,3686;2,9950;-2,1618;-0,9304;-9,0212;
24,2280;-1,7693;-34,3686;2,9950;-1,6324;-1,1871;-8,9882;
24,2280;-1,4429;-33,4427;3,6333;-1,6324;-1,1871;-8,9882;
24,2650;-1,4429;-33,4427;3,6333;-1,6324;-1,1871;-8,9882;
24,2800;-1,4429;-33,4427;3,6333;-1,6324;-1,1871;-8,9882;
24,3060;-1,4429;-33,4427;3,6333;-1,6324;-1,1871;-8,9882;
24,3270;-1,4429;-33,4427;3,6333;-1,8636;-1,1274;-8,9424;
24,3280;-1,3336;-32,7490;1,9640;-1,8636;-1,1274;-8,9424;
24,3830;-1,3336;-32,7490;1,9640;-1,8636;-1,1274;-8,9424;
24,4070;-1,3336;-32,7490;1,9640;-1,8636;-1,1274;-8,9424;
24,4280;-1,4831;-32,5162;2,0807;-1,8636;-1,1274;-8,9424;
24,4280;-1,4831;-32,5162;2,0807;-2,1576;-1,1530;-8,8731;
24,4840;-1,4831;-32,5162;2,0807;-2,1576;-1,1530;-8,8731;
24,5080;-1,4831;-32,5162;2,0807;-2,1576;-1,1530;-8,8731;
24,5270;-1,4831;-32,5162;2,0807;-1,8700;-0,9762;-8,8433;
24,5280;-1,8796;-31,8980;2,9457;-1,8700;-0,9762;-8,8433;
24,5850;-1,8796;-31,8980;2,9457;-1,8700;-0,9762;-8,8433;
24,6080;-1,8796;-31,8980;2,9457;-1,8700;-0,9762;-8,8433;
24,6280;-1,8796;-31,8980;2,9457;-1,7613;-1,0294;-8,8082;
24,6280;-2,1954;-31,6341;2,7182;-1,7613;-1,0294;-8,8082;
24,6390;-2,1954;-31,6341;2,7182;-1,7613;-1,0294;-8,8082;
24,6830;-2,1954;-31,6341;2,7182;-1,7613;-1,0294;-8,8082;
24,7080;-2,1954;-31,6341;2,7182;-1,7613;-1,0294;-8,8082;
24,7280;-2,1773;-31,9659;2,2104;-1,7613;-1,0294;-8,8082;
24,7290;-2,1773;-31,9659;2,2104;-2,0394;-1,1093;-8,7538;
24,7860;-2,1773;-31,9659;2,2104;-2,0394;-1,1093;-8,7538;
24,8080;-2,1773;-31,9659;2,2104;-2,0394;-1,1093;-8,7538;
24,8290;-2,1773;-31,9659;2,2104;-1,8540;-0,9431;-8,7378;
24,8300;-1,7274;-32,0049;2,8715;-1,8540;-0,9431;-8,7378;
24,8850;-1,7274;-32,0049;2,8715;-1,8540;-0,9431;-8,7378;
24,8880;-1,7274;-32,0049;2,8715;-1,8540;-0,9431;-8,7378;
24,9080;-1,7274;-32,0049;2,8715;-1,8540;-0,9431;-8,7378;
24,9270;-1,7274;-32,0049;2,8715;-1,6665;-1,0614;-8,6963;
24,9270;-1,4664;-31,3734;2,7134;-1,6665;-1,0614;-8,6963;
24,9870;-1,4664;-31,3734;2,7134;-1,6665;-1,0614;-8,6963;
25,0090;-1,4664;-31,3734;2,7134;-1,6665;-1,0614;-8,6963;
25,0300;-1,3025;-31,0133;1,7691;-1,6665;-1,0614;-8,6963;
25,0300;-1,3025;-31,0133;1,7691;-2,0255;-1,1093;-8,6335;
25,0870;-1,3025;-31,0133;1,7691;-2,0255;-1,1093;-8,6335;
25,1090;-1,3025;-31,0133;1,7691;-2,0255;-1,1093;-8,6335;
25,1300;-1,3025;-31,0133;1,7691;-1,9435;-0,9836;-8,5940;
25,1310;-1,3028;-30,3992;2,5777;-1,9435;-0,9836;-8,5940;
25,1870;-1,3028;-30,3992;2,5777;-1,9435;-0,9836;-8,5940;
25,2100;-1,3028;-30,3992;2,5777;-1,9435;-0,9836;-8,5940;
25,2310;-1,3028;-30,3992;2,5777;-1,6644;-1,0252;-8,5653;
25,2310;-1,6291;-29,6398;2,9354;-1,6644;-1,0252;-8,5653;
25,2600;-1,6291;-29,6398;2,9354;-1,6644;-1,0252;-8,5653;
25,2880;-1,6291;-29,6398;2,9354;-1,6644;-1,0252;-8,5653;
25,3100;-1,6291;-29,6398;2,9354;-1,6644;-1,0252;-8,5653;
25,3310;-1,6291;-29,6398;2,9354;-1,8551;-1,1360;-8,5056;
25,3310;-2,0269;-29,6215;2,1148;-1,8551;-1,1360;-8,5056;
25,3870;-2,0269;-29,6215;2,1148;-1,8551;-1,1360;-8,5056;
25,4110;-2,0269;-29,6215;2,1148;-1,8551;-1,1360;-8,5056;
25,4320;-2,0269;-29,6215;2,1148;-2,0085;-1,0156;-8,4694;
25,4380;-1,9785;-30,0040;2,2674;-2,0085;-1,0156;-8,4694;
25,4890;-1,9785;-30,0040;2,2674;-2,0085;-1,0156;-8,4694;
25,5090;-1,9785;-30,0040;2,2674;-2,0085;-1,0156;-8,4694;
25,5100;-1,9785;-30,0040;2,2674;-2,0085;-1,0156;-8,4694;
25,5320;-1,6449;-29,8270;3,0736;-2,0085;-1,0156;-8,4694;
25,5320;-1,6449;-29,8270;3,0736;-1,6718;-0,9730;-8,4577;
25,5890;-1,6449;-29,8270;3,0736;-1,6718;-0,9730;-8,4577;
25,6120;-1,6449;-29,8270;3,0736;-1,6718;-0,9730;-8,4577;
25,6320;-1,6449;-29,8270;3,0736;-1,6718;-0,9730;-8,4577;
25,6330;-1,6449;-29,8270;3,0736;-1,6793;-1,0880;-8,4044;
25,6330;-1,4839;-29,3643;2,2711;-1,6793;-1,0880;-8,4044;
25,6900;-1,4839;-29,3643;2,2711;-1,6793;-1,0880;-8,4044;
25,7120;-1,4839;-29,3643;2,2711;-1,6793;-1,0880;-8,4044;
25,7320;-1,4839;-29,3643;2,2711;-2,0234;-1,0678;-8,3512;
25,7330;-1,2178;-29,1782;1,7230;-2,0234;-1,0678;-8,3512;
25,7900;-1,2178;-29,1782;1,7230;-2,0234;-1,0678;-8,3512;
25,8120;-1,2178;-29,1782;1,7230;-2,0234;-1,0678;-8,3512;
25,8320;-1,2178;-29,1782;1,7230;-1,8071;-0,9762;-8,3213;
25,8330;-1,1553;-28,5298;2,7213;-1,8071;-0,9762;-8,3213;
25,8850;-1,1553;-28,5298;2,7213;-1,8071;-0,9762;-8,3213;
25,8920;-1,1553;-28,5298;2,7213;-1,8071;-0,9762;-8,3213;
25,9130;-1,1553;-28,5298;2,7213;-1,8071;-0,9762;-8,3213;
25,9330;-1,4766;-27,7561;2,7732;-1,8071;-0,9762;-8,3213;
25,9330;-1,4766;-27,7561;2,7732;-1,5770;-1,0113;-8,2926;
25,9920;-1,4766;-27,7561;2,7732;-1,5770;-1,0113;-8,2926;
26,0080;-1,4766;-27,7561;2,7732;-1,5770;-1,0113;-8,2926;
26,0130;-1,4766;-27,7561;2,7732;-1,5770;-1,0113;-8,2926;
26,0330;-1,9030;-27,6613;1,9988;-1,5770;-1,0113;-8,2926;
26,0330;-1,9030;-27,6613;1,9988;-1,7741;-1,1072;-8,2361;
26,0920;-1,9030;-27,6613;1,9988;-1,7741;-1,1072;-8,2361;
26,1130;-1,9030;-27,6613;1,9988;-1,7741;-1,1072;-8,2361;
26,1330;-1,9030;-27,6613;1,9988;-1,9850;-1,0390;-8,1935;
26,1340;-1,8626;-28,0702;2,0864;-1,9850;-1,0390;-8,1935;
26,1930;-1,8626;-28,0702;2,0864;-1,9850;-1,0390;-8,1935;
26,2140;-1,8626;-28,0702;2,0864;-1,9850;-1,0390;-8,1935;
26,2340;-1,8626;-28,0702;2,0864;-1,5941;-0,9229;-8,1807;
26,2340;-1,6194;-27,8897;3,0262;-1,5941;-0,9229;-8,1807;
26,2550;-1,6194;-27,8897;3,0262;-1,5941;-0,9229;-8,1807;
26,2960;-1,6194;-27,8897;3,0262;-1,5941;-0,9229;-8,1807;
26,3160;-1,6194;-27,8897;3,0262;-1,5941;-0,9229;-8,1807;
26,3350;-1,4046;-27,5427;2,2534;-1,5941;-0,9229;-8,1807;
26,3360;-1,4046;-27,5427;2,2534;-1,5941;-1,0337;-8,1392;
26,3820;-1,4046;-27,5427;2,2534;-1,5941;-1,0337;-8,1392;
26,3960;-1,4046;-27,5427;2,2534;-1,5941;-1,0337;-8,1392;
26,4160;-1,4046;-27,5427;2,2534;-1,5941;-1,0337;-8,1392;
26,4370;-1,2423;-27,3741;1,5381;-1,5941;-1,0337;-8,1392;
26,4370;-1,2423;-27,3741;1,5381;-1,9467;-1,0507;-8,0699;
26,4980;-1,2423;-27,3741;1,5381;-1,9467;-1,0507;-8,0699;
26,5160;-1,2423;-27,3741;1,5381;-1,9467;-1,0507;-8,0699;
26,5370;-0,9634;-26,7652;2,2370;-1,9467;-1,0507;-8,0699;
26,5370;-0,9634;-26,7652;2,2370;-1,9190;-1,0337;-8,0156;
26,5960;-0,9634;-26,7652;2,2370;-1,9190;-1,0337;-8,0156;
26,6170;-0,9634;-26,7652;2,2370;-1,9190;-1,0337;-8,0156;
26,6370;-0,9767;-26,2161;2,6939;-1,9190;-1,0337;-8,0156;
26,6380;-0,9767;-26,2161;2,6939;-1,7709;-0,9794;-8,0039;
26,6980;-0,9767;-26,2161;2,6939;-1,7709;-0,9794;-8,0039;
26,7170;-0,9767;-26,2161;2,6939;-1,7709;-0,9794;-8,0039;
26,7370;-1,4881;-25,4805;2,7243;-1,7709;-0,9794;-8,0039;
26,7370;-1,4881;-25,4805;2,7243;-1,4993;-1,0326;-7,9687;
26,7530;-1,4881;-25,4805;2,7243;-1,4993;-1,0326;-7,9687;
26,7980;-1,4881;-25,4805;2,7243;-1,4993;-1,0326;-7,9687;
26,8180;-1,4881;-25,4805;2,7243;-1,4993;-1,0326;-7,9687;
26,8370;-1,9103;-25,6882;1,7009;-1,4993;-1,0326;-7,9687;
26,8370;-1,9103;-25,6882;1,7009;-1,7294;-1,0603;-7,9165;
26,9000;-1,9103;-25,6882;1,7009;-1,7294;-1,0603;-7,9165;
26,9180;-1,9103;-25,6882;1,7009;-1,7294;-1,0603;-7,9165;
26,9390;-1,7775;-26,2435;1,8707;-1,7294;-1,0603;-7,9165;
26,9390;-1,7775;-26,2435;1,8707;-2,0042;-1,0390;-7,8728;
27,0010;-1,7775;-26,2435;1,8707;-2,0042;-1,0390;-7,8728;
27,0160;-1,7775;-26,2435;1,8707;-2,0042;-1,0390;-7,8728;
27,0350;-1,7775;-26,2435;1,8707;-1,6878;-0,9517;-7,8579;
27,0350;-1,2985;-26,0544;3,0656;-1,6878;-0,9517;-7,8579;
27,1010;-1,2985;-26,0544;3,0656;-1,6878;-0,9517;-7,8579;
27,1200;-1,2985;-26,0544;3,0656;-1,6878;-0,9517;-7,8579;
27,1260;-1,2985;-26,0544;3,0656;-1,6878;-0,9517;-7,8579;
27,1400;-1,2985;-26,0544;3,0656;-1,3863;-0,9900;-7,8334;
27,1400;-1,0813;-25,2503;2,7836;-1,3863;-0,9900;-7,8334;
27,2000;-1,0813;-25,2503;2,7836;-1,3863;-0,9900;-7,8334;
27,2160;-1,0813;-25,2503;2,7836;-1,3863;-0,9900;-7,8334;
27,2360;-1,0813;-25,2503;2,7836;-1,7166;-1,1413;-7,7674;
27,2370;-1,1470;-24,9989;1,6341;-1,7166;-1,1413;-7,7674;
27,3010;-1,1470;-24,9989;1,6341;-1,7166;-1,1413;-7,7674;
27,3160;-1,1470;-24,9989;1,6341;-1,7166;-1,1413;-7,7674;
27,3380;-1,0349;-24,7740;1,9390;-1,7166;-1,1413;-7,7674;
27,3380;-1,0349;-24,7740;1,9390;-1,8636;-0,9890;-7,7237;
27,4040;-1,0349;-24,7740;1,9390;-1,8636;-0,9890;-7,7237;
27,4200;-1,0349;-24,7740;1,9390;-1,8636;-0,9890;-7,7237;
27,4410;-1,2204;-24,0412;2,8708;-1,8636;-0,9890;-7,7237;
27,4410;-1,2204;-24,0412;2,8708;-1,5056;-0,9719;-7,7045;
27,5050;-1,2204;-24,0412;2,8708;-1,5056;-0,9719;-7,7045;
27,5210;-1,2204;-24,0412;2,8708;-1,5056;-0,9719;-7,7045;
27,5410;-1,4485;-23,8641;2,0673;-1,5056;-0,9719;-7,7045;
27,5410;-1,4485;-23,8641;2,0673;-1,5824;-1,0305;-7,6705;
27,6060;-1,4485;-23,8641;2,0673;-1,5824;-1,0305;-7,6705;
27,6200;-1,4485;-23,8641;2,0673;-1,5824;-1,0305;-7,6705;
27,6230;-1,4485;-23,8641;2,0673;-1,5824;-1,0305;-7,6705;
27,6410;-1,7380;-24,0483;1,9060;-1,5824;-1,0305;-7,6705;
27,6420;-1,7380;-24,0483;1,9060;-1,7539;-1,0199;-7,6129;
27,7030;-1,7380;-24,0483;1,9060;-1,7539;-1,0199;-7,6129;
27,7200;-1,7380;-24,0483;1,9060;-1,7539;-1,0199;-7,6129;
27,7420;-1,4680;-24,0588;2,3873;-1,7539;-1,0199;-7,6129;
27,7420;-1,4680;-24,0588;2,3873;-1,6814;-0,9826;-7,5938;
27,8070;-1,4680;-24,0588;2,3873;-1,6814;-0,9826;-7,5938;
27,8210;-1,4680;-24,0588;2,3873;-1,6814;-0,9826;-7,5938;
27,8420;-1,4680;-24,0588;2,3873;-1,5855;-1,0081;-7,5682;
27,8420;-1,2659;-23,8779;2,5079;-1,5855;-1,0081;-7,5682;
27,8700;-1,2659;-23,8779;2,5079;-1,5855;-1,0081;-7,5682;
27,9070;-1,2659;-23,8779;2,5079;-1,5855;-1,0081;-7,5682;
27,9200;-1,2659;-23,8779;2,5079;-1,5855;-1,0081;-7,5682;
27,9390;-1,2659;-23,8779;2,5079;-1,5536;-0,9868;-7,5234;
27,9390;-1,1589;-23,4811;2,2397;-1,5536;-0,9868;-7,5234;
28,0070;-1,1589;-23,4811;2,2397;-1,5536;-0,9868;-7,5234;
28,0220;-1,1589;-23,4811;2,2397;-1,5536;-0,9868;-7,5234;
28,0410;-1,0292;-23,1176;1,9869;-1,5536;-0,9868;-7,5234;
28,0420;-1,0292;-23,1176;1,9869;-1,5962;-1,0262;-7,4840;
28,1080;-1,0292;-23,1176;1,9869;-1,5962;-1,0262;-7,4840;
28,1220;-1,0292;-23,1176;1,9869;-1,5962;-1,0262;-7,4840;
28,1440;-1,0292;-23,1176;1,9869;-1,7272;-1,0316;-7,4361;
28,1440;-1,0679;-22,8982;1,9302;-1,7272;-1,0316;-7,4361;
28,2080;-1,0679;-22,8982;1,9302;-1,7272;-1,0316;-7,4361;
28,2210;-1,0679;-22,8982;1,9302;-1,7272;-1,0316;-7,4361;
28,2420;-1,0679;-22,8982;1,9302;-1,5909;-0,9506;-7,4073;
28,2420;-1,1426;-22,4655;2,4548;-1,5909;-0,9506;-7,4073;
28,2430;-1,1426;-22,4655;2,4548;-1,5909;-0,9506;-7,4073;
28,3070;-1,1426;-22,4655;2,4548;-1,5909;-0,9506;-7,4073;
28,3230;-1,1426;-22,4655;2,4548;-1,5909;-0,9506;-7,4073;
28,3440;-1,1426;-22,4655;2,4548;-1,4332;-0,9804;-7,3882;
28,3550;-1,3199;-22,0402;2,4209;-1,4332;-0,9804;-7,3882;
28,3670;-1,3199;-22,0402;2,4209;-1,4332;-0,9804;-7,3882;
28,4070;-1,3199;-22,0402;2,4209;-1,4332;-0,9804;-7,3882;
28,4230;-1,3199;-22,0402;2,4209;-1,4332;-0,9804;-7,3882;
28,4430;-1,3199;-22,0402;2,4209;-1,6367;-1,0337;-7,3349;
28,4440;-1,5685;-22,1276;1,7167;-1,6367;-1,0337;-7,3349;
28,5100;-1,5685;-22,1276;1,7167;-1,6367;-1,0337;-7,3349;
28,5240;-1,5685;-22,1276;1,7167;-1,6367;-1,0337;-7,3349;
28,5470;-1,3710;-22,3773;2,0122;-1,6367;-1,0337;-7,3349;
28,5480;-1,3710;-22,3773;2,0122;-1,7624;-0,9698;-7,2976;
28,6110;-1,3710;-22,3773;2,0122;-1,7624;-0,9698;-7,2976;
28,6220;-1,3710;-22,3773;2,0122;-1,7624;-0,9698;-7,2976;
28,6230;-1,3710;-22,3773;2,0122;-1,7624;-0,9698;-7,2976;
28,6460;-1,3710;-22,3773;2,0122;-1,4503;-0,9293;-7,2901;
28,6460;-1,1659;-22,0065;2,7925;-1,4503;-0,9293;-7,2901;
28,7110;-1,1659;-22,0065;2,7925;-1,4503;-0,9293;-7,2901;
28,7240;-1,1659;-22,0065;2,7925;-1,4503;-0,9293;-7,2901;
28,7440;-1,1659;-22,0065;2,7925;-1,4588;-1,0060;-7,2497;
28,7440;-1,1220;-21,7092;2,1341;-1,4588;-1,0060;-7,2497;
28,7450;-1,1220;-21,7092;2,1341;-1,4588;-1,0060;-7,2497;
28,8120;-1,1220;-21,7092;2,1341;-1,4588;-1,0060;-7,2497;
28,8260;-1,1220;-21,7092;2,1341;-1,4588;-1,0060;-7,2497;
28,8490;-1,1220;-21,7092;2,1341;-1,6047;-1,0230;-7,1953;
28,8500;-1,0485;-21,4788;1,7320;-1,6047;-1,0230;-7,1953;
28,9130;-1,0485;-21,4788;1,7320;-1,6047;-1,0230;-7,1953;
28,9270;-1,0485;-21,4788;1,7320;-1,6047;-1,0230;-7,1953;
28,9470;-1,0485;-21,4788;1,7320;-1,6441;-0,9868;-7,1634;
28,9470;-0,9419;-21,2417;2,0225;-1,6441;-0,9868;-7,1634;
29,0130;-0,9419;-21,2417;2,0225;-1,6441;-0,9868;-7,1634;
29,0260;-0,9419;-21,2417;2,0225;-1,6441;-0,9868;-7,1634;
29,0470;-0,9787;-20,7536;2,3751;-1,6441;-0,9868;-7,1634;
29,0470;-0,9787;-20,7536;2,3751;-1,5152;-0,9836;-7,1250;
29,1140;-0,9787;-20,7536;2,3751;-1,5152;-0,9836;-7,1250;
29,1150;-0,9787;-20,7536;2,3751;-1,5152;-0,9836;-7,1250;
29,1270;-0,9787;-20,7536;2,3751;-1,5152;-0,9836;-7,1250;
29,1490;-0,9787;-20,7536;2,3751;-1,4183;-0,9517;-7,0995;
29,1500;-1,1629;-20,4161;2,2633;-1,4183;-0,9517;-7,0995;
29,2160;-1,1629;-20,4161;2,2633;-1,4183;-0,9517;-7,0995;
29,2280;-1,1629;-20,4161;2,2633;-1,4183;-0,9517;-7,0995;
29,2400;-1,1629;-20,4161;2,2633;-1,4183;-0,9517;-7,0995;
29,2460;-1,1629;-20,4161;2,2633;-1,5131;-0,9911;-7,0611;
29,2470;-1,4381;-20,3593;1,8834;-1,5131;-0,9911;-7,0611;
29,3170;-1,4381;-20,3593;1,8834;-1,5131;-0,9911;-7,0611;
29,3270;-1,4381;-20,3593;1,8834;-1,5131;-0,9911;-7,0611;
29,3480;-1,4011;-20,5362;1,9354;-1,5131;-0,9911;-7,0611;
29,3480;-1,4011;-20,5362;1,9354;-1,6537;-0,9634;-7,0217;
29,4180;-1,4011;-20,5362;1,9354;-1,6537;-0,9634;-7,0217;
29,4270;-1,4011;-20,5362;1,9354;-1,6537;-0,9634;-7,0217;
29,4490;-1,2043;-20,4190;2,4968;-1,6537;-0,9634;-7,0217;
29,4500;-1,2043;-20,4190;2,4968;-1,4780;-0,9101;-7,0068;
29,4870;-1,2043;-20,4190;2,4968;-1,4780;-0,9101;-7,0068;
29,5180;-1,2043;-20,4190;2,4968;-1,4780;-0,9101;-7,0068;
29,5270;-1,2043;-20,4190;2,4968;-1,4780;-0,9101;-7,0068;
29,5470;-1,2043;-20,4190;2,4968;-1,4023;-0,9730;-6,9791;
29,5470;-1,0552;-20,1949;2,2841;-1,4023;-0,9730;-6,9791;
29,6130;-1,0552;-20,1949;2,2841;-1,4023;-0,9730;-6,9791;
29,6200;-1,0552;-20,1949;2,2841;-1,4023;-0,9730;-6,9791;
29,6270;-1,0552;-20,1949;2,2841;-1,4023;-0,9730;-6,9791;
29,6490;-1,0552;-20,1949;2,2841;-1,5110;-0,9655;-6,9312;
29,6490;-0,9505;-20,0187;1,8194;-1,5110;-0,9655;-6,9312;
29,7190;-0,9505;-20,0187;1,8194;-1,5110;-0,9655;-6,9312;
29,7280;-0,9505;-20,0187;1,8194;-1,5110;-0,9655;-6,9312;
29,7490;-0,8809;-19,6461;1,9551;-1,5110;-0,9655;-6,9312;
29,7500;-0,8809;-19,6461;1,9551;-1,5206;-0,9708;-6,8928;
29,8220;-0,8809;-19,6461;1,9551;-1,5206;-0,9708;-6,8928;
29,8280;-0,8809;-19,6461;1,9551;-1,5206;-0,9708;-6,8928;
29,8480;-0,8809;-19,6461;1,9551;-1,5035;-0,9559;-6,8587;
29,8480;-0,8299;-19,3014;2,0359;-1,5035;-0,9559;-6,8587;
44,3480;-0,8299;-19,3014;2,0359;0,0081;-0,0057;0,0431;
44,4650;-0,8299;-19,3014;2,0359;0,0081;-0,0057;0,0431;
44,4650;-0,8299;-19,3014;2,0359;0,0081;-0,0057;0,0431;
44,4650;-0,8299;-19,3014;2,0359;-0,0196;0,0028;0,0644;
44,4830;-0,8299;-19,3014;2,0359;-0,0196;0,0028;0,0644;
44,5190;-0,8299;-19,3014;2,0359;-0,0196;0,0028;0,0644;
44,5440;-0,8299;-19,3014;2,0359;-0,0377;-0,0228;0,0271;
44,5440;0,0000;0,0000;-0,0000;-0,0377;-0,0228;0,0271;
44,5830;0,0000;0,0000;-0,0000;-0,0377;-0,0228;0,0271;
44,6200;0,0000;0,0000;-0,0000;-0,0377;-0,0228;0,0271;
44,6450;0,0000;0,0000;-0,0000;0,0230;-0,0291;-0,0357;
44,6460;0,1155;0,0242;0,0873;0,0230;-0,0291;-0,0357;
44,6840;0,1155;0,0242;0,0873;0,0230;-0,0291;-0,0357;
44,7210;0,1155;0,0242;0,0873;0,0230;-0,0291;-0,0357;
44,7440;-0,0664;0,0353;-0,0310;0,0230;-0,0291;-0,0357;
44,7440;-0,0664;0,0353;-0,0310;-0,0026;-0,0057;-0,0304;
44,7840;-0,0664;0,0353;-0,0310;-0,0026;-0,0057;-0,0304;
44,8220;-0,0664;0,0353;-0,0310;-0,0026;-0,0057;-0,0304;
44,8450;-0,0664;0,0353;-0,0310;-0,0058;0,0486;0,0016;
44,8450;-0,1325;0,0563;-0,0777;-0,0058;0,0486;0,0016;
44,8850;-0,1325;0,0563;-0,0777;-0,0058;0,0486;0,0016;
44,9230;-0,1325;0,0563;-0,0777;-0,0058;0,0486;0,0016;
44,9460;-0,1325;0,0563;-0,0777;-0,0334;-0,0089;0,0101;
44,9460;-0,2075;-0,0015;0,0068;-0,0334;-0,0089;0,0101;
44,9860;-0,2075;-0,0015;0,0068;-0,0334;-0,0089;0,0101;
45,0230;-0,2075;-0,0015;0,0068;-0,0334;-0,0089;0,0101;
45,0460;-0,2075;-0,0015;0,0068;0,0401;-0,0036;-0,0229;
45,0470;0,0304;0,0211;0,0621;0,0401;-0,0036;-0,0229;
45,0870;0,0304;0,0211;0,0621;0,0401;-0,0036;-0,0229;
45,1240;0,0304;0,0211;0,0621;0,0401;-0,0036;-0,0229;
45,1480;0,0304;0,0211;0,0621;0,0294;-0,0153;-0,0155;
45,1480;-0,0254;0,0582;0,0013;0,0294;-0,0153;-0,0155;
45,1870;-0,0254;0,0582;0,0013;0,0294;-0,0153;-0,0155;
45,2250;-0,0254;0,0582;0,0013;0,0294;-0,0153;-0,0155;
45,2480;-0,0392;0,0519;-0,0993;0,0294;-0,0153;-0,0155;
45,2490;-0,0392;0,0519;-0,0993;0,0028;-0,0281;-0,0208;
45,2880;-0,0392;0,0519;-0,0993;0,0028;-0,0281;-0,0208;
45,3270;-0,0392;0,0519;-0,0993;0,0028;-0,0281;-0,0208;
45,3480;-0,0392;0,0519;-0,0993;0,0102;-0,0132;-0,0325;
45,3490;0,0534;-0,0201;0,0208;0,0102;-0,0132;-0,0325;
45,3880;0,0534;-0,0201;0,0208;0,0102;-0,0132;-0,0325;
45,4270;0,0534;-0,0201;0,0208;0,0102;-0,0132;-0,0325;
45,4490;0,0534;-0,0201;0,0208;-0,0100;-0,0047;-0,0197;
45,4490;0,0049;-0,0266;-0,0387;-0,0100;-0,0047;-0,0197;
45,4910;0,0049;-0,0266;-0,0387;-0,0100;-0,0047;-0,0197;
45,5270;0,0049;-0,0266;-0,0387;-0,0100;-0,0047;-0,0197;
45,5480;-0,0545;0,0226;-0,0506;-0,0100;-0,0047;-0,0197;
45,5480;-0,0545;0,0226;-0,0506;0,0305;0,0145;-0,0208;
45,5880;-0,0545;0,0226;-0,0506;0,0305;0,0145;-0,0208;
45,6280;-0,0545;0,0226;-0,0506;0,0305;0,0145;-0,0208;
