0,0040;0,0154;0,9469;-0,4593;0,3720;0,3437;0,1376;0,0991;0,0000;0,0213;
0,0190;0,0049;0,9373;-0,5002;0,3720;0,3437;0,1376;0,0991;0,0000;0,0213;
0,0410;0,0070;0,9423;-0,4884;0,3720;0,3437;0,1376;0,0991;0,0000;0,0213;
0,0650;0,0000;0,9391;-0,4509;0,3720;0,3437;0,1376;0,0991;0,0000;0,0213;
0,0850;0,0045;0,9429;-0,4167;0,3720;0,3437;0,1376;0,0991;0,0000;0,0213;
0,1050;0,0040;0,9457;-0,4035;0,3720;0,3437;0,1376;0,0991;0,0000;0,0213;
0,1270;0,0075;0,9440;-0,4082;0,3720;0,3437;0,1376;0,0991;0,0000;0,0213;
0,1470;0,0092;0,9471;-0,4235;0,3720;0,3437;0,1376;0,0991;0,0000;0,0213;
0,1730;0,0092;0,9471;-0,4235;0,3720;0,3437;0,1376;0,0586;0,0117;-0,0043;
0,1730;0,0170;0,9456;-0,4490;0,3720;0,3437;0,1376;0,0586;0,0117;-0,0043;
0,1740;0,0170;0,9456;-0,4490;0,3720;0,3437;0,1376;0,0586;0,0117;-0,0043;
0,1740;0,0170;0,9456;-0,4490;0,3720;0,3437;0,1376;0,0586;0,0117;-0,0043;
0,1750;0,0170;0,9456;-0,4490;0,1834;0,3293;-0,1471;0,0586;0,0117;-0,0043;
0,1760;0,0170;0,9456;-0,4490;0,1834;0,3293;-0,1471;0,0586;0,0117;-0,0043;
0,1920;0,0072;0,9397;-0,4582;0,1834;0,3293;-0,1471;0,0586;0,0117;-0,0043;
0,2120;0,0016;0,9369;-0,4705;0,1834;0,3293;-0,1471;0,0586;0,0117;-0,0043;
0,2340;-0,0046;0,9416;-0,4454;0,1834;0,3293;-0,1471;0,0586;0,0117;-0,0043;
0,2550;0,0092;0,9449;-0,4054;0,1834;0,3293;-0,1471;0,0586;0,0117;-0,0043;
0,2770;0,0156;0,9536;-0,4301;0,1834;0,3293;-0,1471;0,0586;0,0117;-0,0043;
0,2970;-0,0062;0,9435;-0,4219;0,1834;0,3293;-0,1471;0,0586;0,0117;-0,0043;
0,3180;0,0125;0,9468;-0,4256;0,1834;0,3293;-0,1471;0,0586;0,0117;-0,0043;
0,3380;0,0140;0,9456;-0,4237;0,1834;0,3293;-0,1471;0,0586;0,0117;-0,0043;
0,3640;0,0140;0,9456;-0,4237;0,1834;0,3293;-0,1471;0,0586;0,0117;-0,0043;
0,3650;0,0140;0,9456;-0,4237;0,1834;0,3293;-0,1471;0,0586;0,0117;-0,0043;
0,3660;0,0140;0,9456;-0,4237;0,1834;0,3293;-0,1471;0,0373;0,0309;-0,0096;
0,3660;0,0031;0,9478;-0,4615;0,1834;0,3293;-0,1471;0,0373;0,0309;-0,0096;
0,3710;0,0031;0,9478;-0,4615;0,1089;0,3399;-0,5114;0,0373;0,0309;-0,0096;
0,3720;0,0031;0,9478;-0,4615;0,1089;0,3399;-0,5114;0,0373;0,0309;-0,0096;
0,3820;0,0038;0,9449;-0,4561;0,1089;0,3399;-0,5114;0,0373;0,0309;-0,0096;
0,4020;0,0037;0,9471;-0,4091;0,1089;0,3399;-0,5114;0,0373;0,0309;-0,0096;
0,4240;0,0136;0,9471;-0,3859;0,1089;0,3399;-0,5114;0,0373;0,0309;-0,0096;
0,4450;0,0120;0,9490;-0,4012;0,1089;0,3399;-0,5114;0,0373;0,0309;-0,0096;
0,4670;-0,0050;0,9452;-0,4310;0,1089;0,3399;-0,5114;0,0373;0,0309;-0,0096;
0,4870;0,0071;0,9434;-0,4522;0,1089;0,3399;-0,5114;0,0373;0,0309;-0,0096;
0,5080;0,0031;0,9458;-0,4476;0,1089;0,3399;-0,5114;0,0373;0,0309;-0,0096;
0,5300;0,0109;0,9446;-0,4176;0,1089;0,3399;-0,5114;0,0373;0,0309;-0,0096;
0,5550;0,0109;0,9446;-0,4176;0,1089;0,3399;-0,5114;0,0373;0,0309;-0,0096;
0,5570;0,0109;0,9446;-0,4176;0,1089;0,3399;-0,5114;0,0373;0,0309;-0,0096;
0,5570;0,0109;0,9446;-0,4176;0,1089;0,3399;-0,5114;0,0181;-0,0458;-0,0138;
0,5590;0,0136;0,9478;-0,4212;0,1089;0,3399;-0,5114;0,0181;-0,0458;-0,0138;
0,5600;0,0136;0,9478;-0,4212;0,1953;0,3389;-0,1184;0,0181;-0,0458;-0,0138;
0,5600;0,0136;0,9478;-0,4212;0,1953;0,3389;-0,1184;0,0181;-0,0458;-0,0138;
0,5720;-0,0001;0,9436;-0,4208;0,1953;0,3389;-0,1184;0,0181;-0,0458;-0,0138;
0,5930;-0,0023;0,9451;-0,4248;0,1953;0,3389;-0,1184;0,0181;-0,0458;-0,0138;
0,6160;-0,0016;0,9425;-0,4481;0,1953;0,3389;-0,1184;0,0181;-0,0458;-0,0138;
0,6370;-0,0012;0,9386;-0,4520;0,1953;0,3389;-0,1184;0,0181;-0,0458;-0,0138;
0,6580;0,0002;0,9409;-0,4548;0,1953;0,3389;-0,1184;0,0181;-0,0458;-0,0138;
0,6800;0,0018;0,9449;-0,4416;0,1953;0,3389;-0,1184;0,0181;-0,0458;-0,0138;
0,7010;0,0006;0,9427;-0,4255;0,1953;0,3389;-0,1184;0,0181;-0,0458;-0,0138;
0,7220;0,0033;0,9431;-0,4242;0,1953;0,3389;-0,1184;0,0181;-0,0458;-0,0138;
0,7520;0,0046;0,9424;-0,4378;0,1953;0,3389;-0,1184;0,0181;-0,0458;-0,0138;
0,7550;0,0046;0,9424;-0,4378;0,1953;0,3389;-0,1184;0,0181;-0,0458;-0,0138;
0,7570;0,0046;0,9424;-0,4378;0,1953;0,3389;-0,1184;0,0352;0,0032;-0,0128;
0,7580;0,0046;0,9424;-0,4378;0,1953;0,3389;-0,1184;0,0352;0,0032;-0,0128;
0,7590;0,0046;0,9424;-0,4378;0,1953;0,3389;-0,1184;0,0352;0,0032;-0,0128;
0,7590;0,0046;0,9424;-0,4378;0,0981;0,2889;-0,2751;0,0352;0,0032;-0,0128;
0,7600;0,0046;0,9424;-0,4378;0,0981;0,2889;-0,2751;0,0352;0,0032;-0,0128;
0,7650;-0,0005;0,9436;-0,4565;0,0981;0,2889;-0,2751;0,0352;0,0032;-0,0128;
0,7870;0,0009;0,9463;-0,4538;0,0981;0,2889;-0,2751;0,0352;0,0032;-0,0128;
0,8080;0,0035;0,9441;-0,4325;0,0981;0,2889;-0,2751;0,0352;0,0032;-0,0128;
0,8340;-0,0009;0,9460;-0,4526;0,0981;0,2889;-0,2751;0,0352;0,0032;-0,0128;
0,8520;-0,0095;0,9215;-0,4200;0,0981;0,2889;-0,2751;0,0352;0,0032;-0,0128;
0,8730;0,0017;0,9455;-0,4172;0,0981;0,2889;-0,2751;0,0352;0,0032;-0,0128;
0,8950;0,0151;0,9420;-0,4211;0,0981;0,2889;-0,2751;0,0352;0,0032;-0,0128;
0,9150;-0,0037;0,9274;-0,4531;0,0981;0,2889;-0,2751;0,0352;0,0032;-0,0128;
0,9410;-0,0037;0,9274;-0,4531;0,0981;0,2889;-0,2751;0,0075;0,0597;-0,0096;
0,9420;-0,0010;0,9414;-0,4863;0,0981;0,2889;-0,2751;0,0075;0,0597;-0,0096;
0,9450;-0,0010;0,9414;-0,4863;0,0981;0,2889;-0,2751;0,0075;0,0597;-0,0096;
0,9460;-0,0010;0,9414;-0,4863;0,0981;0,2889;-0,2751;0,0075;0,0597;-0,0096;
0,9480;-0,0010;0,9414;-0,4863;0,0074;0,1474;-0,4119;0,0075;0,0597;-0,0096;
0,9490;-0,0010;0,9414;-0,4863;0,0074;0,1474;-0,4119;0,0075;0,0597;-0,0096;
0,9590;-0,0062;0,9330;-0,4438;0,0074;0,1474;-0,4119;0,0075;0,0597;-0,0096;
0,9800;0,0055;0,9463;-0,4219;0,0074;0,1474;-0,4119;0,0075;0,0597;-0,0096;
1,0030;0,0147;0,9618;-0,3979;0,0074;0,1474;-0,4119;0,0075;0,0597;-0,0096;
1,0280;-0,0118;0,9420;-0,4242;0,0074;0,1474;-0,4119;0,0075;0,0597;-0,0096;
1,0480;0,0038;0,9246;-0,4334;0,0074;0,1474;-0,4119;0,0075;0,0597;-0,0096;
1,0820;0,0022;0,9452;-0,4560;0,0074;0,1474;-0,4119;0,0075;0,0597;-0,0096;
1,0870;0,0016;0,9229;-0,4262;0,0074;0,1474;-0,4119;0,0075;0,0597;-0,0096;
1,1080;0,0101;0,9439;-0,4434;0,0074;0,1474;-0,4119;0,0075;0,0597;-0,0096;
1,1320;0,0101;0,9439;-0,4434;0,0074;0,1474;-0,4119;-0,0011;-0,0341;-0,0149;
1,1330;0,0142;0,9389;-0,4296;0,0074;0,1474;-0,4119;-0,0011;-0,0341;-0,0149;
1,1330;0,0142;0,9389;-0,4296;0,0074;0,1474;-0,4119;-0,0011;-0,0341;-0,0149;
1,1340;0,0142;0,9389;-0,4296;0,0074;0,1474;-0,4119;-0,0011;-0,0341;-0,0149;
1,1350;0,0142;0,9389;-0,4296;0,1370;0,3120;-0,3106;-0,0011;-0,0341;-0,0149;
1,1360;0,0142;0,9389;-0,4296;0,1370;0,3120;-0,3106;-0,0011;-0,0341;-0,0149;
1,1540;-0,0051;0,9451;-0,4200;0,1370;0,3120;-0,3106;-0,0011;-0,0341;-0,0149;
1,1750;-0,0060;0,9500;-0,3855;0,1370;0,3120;-0,3106;-0,0011;-0,0341;-0,0149;
1,1960;-0,0009;0,9468;-0,3775;0,1370;0,3120;-0,3106;-0,0011;-0,0341;-0,0149;
1,2190;-0,0084;0,9407;-0,4156;0,1370;0,3120;-0,3106;-0,0011;-0,0341;-0,0149;
1,2390;-0,0116;0,9357;-0,4562;0,1370;0,3120;-0,3106;-0,0011;-0,0341;-0,0149;
1,2590;-0,0056;0,9341;-0,4873;0,1370;0,3120;-0,3106;-0,0011;-0,0341;-0,0149;
1,2830;-0,0046;0,9304;-0,4924;0,1370;0,3120;-0,3106;-0,0011;-0,0341;-0,0149;
1,3040;-0,0098;0,9347;-0,4630;0,1370;0,3120;-0,3106;-0,0011;-0,0341;-0,0149;
1,3290;-0,0098;0,9347;-0,4630;0,1370;0,3120;-0,3106;-0,0011;-0,0341;-0,0149;
1,3320;-0,0098;0,9347;-0,4630;0,1370;0,3120;-0,3106;-0,0011;-0,0341;-0,0149;
1,3340;-0,0098;0,9347;-0,4630;0,1370;0,3120;-0,3106;-0,0586;-0,0362;-0,0085;
1,3350;-0,0081;0,9379;-0,4400;0,1370;0,3120;-0,3106;-0,0586;-0,0362;-0,0085;
1,3370;-0,0081;0,9379;-0,4400;-0,0405;0,2540;-0,2755;-0,0586;-0,0362;-0,0085;
1,3390;-0,0081;0,9379;-0,4400;-0,0405;0,2540;-0,2755;-0,0586;-0,0362;-0,0085;
1,3480;0,0042;0,9417;-0,4036;-0,0405;0,2540;-0,2755;-0,0586;-0,0362;-0,0085;
1,3690;0,0118;0,9409;-0,4005;-0,0405;0,2540;-0,2755;-0,0586;-0,0362;-0,0085;
1,3900;-0,0138;0,9313;-0,4290;-0,0405;0,2540;-0,2755;-0,0586;-0,0362;-0,0085;
1,4120;-0,0160;0,9319;-0,4578;-0,0405;0,2540;-0,2755;-0,0586;-0,0362;-0,0085;
1,4370;0,0101;0,9292;-0,4520;-0,0405;0,2540;-0,2755;-0,0586;-0,0362;-0,0085;
1,4510;0,0164;0,9314;-0,4731;-0,0405;0,2540;-0,2755;-0,0586;-0,0362;-0,0085;
1,4780;-0,0044;0,9369;-0,4856;-0,0405;0,2540;-0,2755;-0,0586;-0,0362;-0,0085;
1,4790;-0,0044;0,9369;-0,4856;-0,0405;0,2540;-0,2755;-0,0586;-0,0362;-0,0085;
1,4950;-0,0192;0,9290;-0,4665;-0,0405;0,2540;-0,2755;-0,0586;-0,0362;-0,0085;
1,5220;-0,0192;0,9290;-0,4665;-0,0405;0,2540;-0,2755;-0,0586;-0,0362;-0,0085;
1,5240;-0,0192;0,9290;-0,4665;-0,0405;0,2540;-0,2755;-0,0586;-0,0362;-0,0085;
1,5260;-0,0192;0,9290;-0,4665;-0,0405;0,2540;-0,2755;-0,0320;0,0735;0,0202;
1,5290;-0,0022;0,9367;-0,4363;-0,0405;0,2540;-0,2755;-0,0320;0,0735;0,0202;
1,5310;-0,0022;0,9367;-0,4363;0,0212;0,2451;-0,2328;-0,0320;0,0735;0,0202;
1,5340;-0,0022;0,9367;-0,4363;0,0212;0,2451;-0,2328;-0,0320;0,0735;0,0202;
1,5370;0,0046;0,9337;-0,4285;0,0212;0,2451;-0,2328;-0,0320;0,0735;0,0202;
1,5590;0,0006;0,9350;-0,4520;0,0212;0,2451;-0,2328;-0,0320;0,0735;0,0202;
1,5800;-0,0089;0,9296;-0,4808;0,0212;0,2451;-0,2328;-0,0320;0,0735;0,0202;
1,5990;-0,0031;0,9340;-0,4878;0,0212;0,2451;-0,2328;-0,0320;0,0735;0,0202;
1,6180;0,0028;0,9331;-0,4595;0,0212;0,2451;-0,2328;-0,0320;0,0735;0,0202;
1,6390;0,0034;0,9353;-0,4534;0,0212;0,2451;-0,2328;-0,0320;0,0735;0,0202;
1,6600;0,0067;0,9379;-0,4423;0,0212;0,2451;-0,2328;-0,0320;0,0735;0,0202;
1,6820;-0,0015;0,9362;-0,4308;0,0212;0,2451;-0,2328;-0,0320;0,0735;0,0202;
1,7080;-0,0015;0,9362;-0,4308;0,0212;0,2451;-0,2328;-0,0320;0,0735;0,0202;
1,7090;-0,0015;0,9362;-0,4308;0,0212;0,2451;-0,2328;-0,0320;0,0735;0,0202;
1,7110;-0,0015;0,9362;-0,4308;0,0212;0,2451;-0,2328;-0,0085;0,0085;0,0000;
1,7120;-0,0038;0,9395;-0,4150;0,0212;0,2451;-0,2328;-0,0085;0,0085;0,0000;
1,7390;-0,0038;0,9395;-0,4150;0,0028;0,2836;0,0008;-0,0085;0,0085;0,0000;
1,7400;-0,0038;0,9395;-0,4150;0,0028;0,2836;0,0008;-0,0085;0,0085;0,0000;
1,7410;0,0086;0,9391;-0,4198;0,0028;0,2836;0,0008;-0,0085;0,0085;0,0000;
1,7450;0,0037;0,9342;-0,4311;0,0028;0,2836;0,0008;-0,0085;0,0085;0,0000;
1,7670;0,0023;0,9343;-0,4533;0,0028;0,2836;0,0008;-0,0085;0,0085;0,0000;
1,7880;0,0073;0,9330;-0,4639;0,0028;0,2836;0,0008;-0,0085;0,0085;0,0000;
1,8180;0,0045;0,9354;-0,4570;0,0028;0,2836;0,0008;-0,0085;0,0085;0,0000;
1,8350;-0,0007;0,9320;-0,4570;0,0028;0,2836;0,0008;-0,0085;0,0085;0,0000;
1,8560;0,0010;0,9285;-0,4511;0,0028;0,2836;0,0008;-0,0085;0,0085;0,0000;
1,8970;0,0078;0,9353;-0,4510;0,0028;0,2836;0,0008;-0,0085;0,0085;0,0000;
1,8990;0,0149;0,9289;-0,4409;0,0028;0,2836;0,0008;-0,0085;0,0085;0,0000;
1,9040;0,0149;0,9289;-0,4409;0,0028;0,2836;0,0008;0,0511;0,0330;-0,0075;
1,9050;0,0149;0,9289;-0,4409;0,0028;0,2836;0,0008;0,0511;0,0330;-0,0075;
1,9080;0,0149;0,9289;-0,4409;0,0028;0,2836;0,0008;0,0511;0,0330;-0,0075;
1,9090;0,0149;0,9289;-0,4409;0,1136;0,2556;-0,3245;0,0511;0,0330;-0,0075;
1,9100;0,0149;0,9289;-0,4409;0,1136;0,2556;-0,3245;0,0511;0,0330;-0,0075;
1,9160;-0,0060;0,9309;-0,4762;0,1136;0,2556;-0,3245;0,0511;0,0330;-0,0075;
1,9390;-0,0397;0,9058;-0,4606;0,1136;0,2556;-0,3245;0,0511;0,0330;-0,0075;
1,9580;0,0024;0,9358;-0,4510;0,1136;0,2556;-0,3245;0,0511;0,0330;-0,0075;
1,9780;0,0473;0,9351;-0,4352;0,1136;0,2556;-0,3245;0,0511;0,0330;-0,0075;
2,0000;0,0006;0,9536;-0,5011;0,1136;0,2556;-0,3245;0,0511;0,0330;-0,0075;
2,0220;-0,0060;0,9171;-0,4890;0,1136;0,2556;-0,3245;0,0511;0,0330;-0,0075;
2,0460;-0,0079;0,9447;-0,4483;0,1136;0,2556;-0,3245;0,0511;0,0330;-0,0075;
2,0670;-0,0176;0,9422;-0,3992;0,1136;0,2556;-0,3245;0,0511;0,0330;-0,0075;
2,0880;-0,0176;0,9422;-0,3992;0,1136;0,2556;-0,3245;0,2162;0,2194;0,1523;
2,0890;-0,0407;0,9298;-0,3986;0,1136;0,2556;-0,3245;0,2162;0,2194;0,1523;
2,0900;-0,0407;0,9298;-0,3986;0,1136;0,2556;-0,3245;0,2162;0,2194;0,1523;
2,0910;-0,0407;0,9298;-0,3986;0,1136;0,2556;-0,3245;0,2162;0,2194;0,1523;
2,0920;-0,0407;0,9298;-0,3986;-0,1544;0,3335;0,2066;0,2162;0,2194;0,1523;
2,0930;-0,0407;0,9298;-0,3986;-0,1544;0,3335;0,2066;0,2162;0,2194;0,1523;
2,2820;-0,0407;0,9298;-0,3986;-0,1544;0,3335;0,2066;-0,0021;0,0330;-0,0767;
2,2840;0,0352;0,9160;-0,4526;-0,1544;0,3335;0,2066;-0,0021;0,0330;-0,0767;
2,2860;0,0352;0,9160;-0,4526;-0,1544;0,3335;0,2066;-0,0021;0,0330;-0,0767;
2,2880;0,0352;0,9160;-0,4526;-0,1544;0,3335;0,2066;-0,0021;0,0330;-0,0767;
2,2890;0,0352;0,9160;-0,4526;-0,4248;0,2550;0,3029;-0,0021;0,0330;-0,0767;
2,2910;0,0352;0,9160;-0,4526;-0,4248;0,2550;0,3029;-0,0021;0,0330;-0,0767;
2,4750;0,0352;0,9160;-0,4526;-0,4248;0,2550;0,3029;0,0362;0,1332;-0,0234;
2,4770;0,0514;0,9072;-0,5194;-0,4248;0,2550;0,3029;0,0362;0,1332;-0,0234;
2,4780;0,0514;0,9072;-0,5194;-0,4248;0,2550;0,3029;0,0362;0,1332;-0,0234;
2,4800;0,0514;0,9072;-0,5194;-0,4248;0,2550;0,3029;0,0362;0,1332;-0,0234;
2,4820;0,0514;0,9072;-0,5194;0,2836;0,1533;-0,1566;0,0362;0,1332;-0,0234;
2,4840;0,0514;0,9072;-0,5194;0,2836;0,1533;-0,1566;0,0362;0,1332;-0,0234;
2,6640;0,0514;0,9072;-0,5194;0,2836;0,1533;-0,1566;0,0767;0,0043;-0,0117;
2,6670;0,0534;0,9066;-0,4967;0,2836;0,1533;-0,1566;0,0767;0,0043;-0,0117;
2,6690;0,0534;0,9066;-0,4967;0,2836;0,1533;-0,1566;0,0767;0,0043;-0,0117;
2,6720;0,0534;0,9066;-0,4967;0,2836;0,1533;-0,1566;0,0767;0,0043;-0,0117;
2,6740;0,0534;0,9066;-0,4967;0,4013;0,0955;-0,7540;0,0767;0,0043;-0,0117;
2,6760;0,0534;0,9066;-0,4967;0,4013;0,0955;-0,7540;0,0767;0,0043;-0,0117;
2,8530;0,0534;0,9066;-0,4967;0,4013;0,0955;-0,7540;0,0767;0,0043;-0,0117;
2,8550;0,0534;0,9066;-0,4967;0,4013;0,0955;-0,7540;0,0767;0,0043;-0,0117;
2,8790;0,0534;0,9066;-0,4967;0,4013;0,0955;-0,7540;0,0043;0,0341;0,0170;
2,8790;0,0434;0,9080;-0,4791;0,4013;0,0955;-0,7540;0,0043;0,0341;0,0170;
2,8800;0,0434;0,9080;-0,4791;0,2813;0,1343;-0,2966;0,0043;0,0341;0,0170;
2,8810;0,0434;0,9080;-0,4791;0,2813;0,1343;-0,2966;0,0043;0,0341;0,0170;
3,0440;0,0434;0,9080;-0,4791;0,2813;0,1343;-0,2966;0,0043;0,0341;0,0170;
3,0470;0,0434;0,9080;-0,4791;0,2813;0,1343;-0,2966;0,0043;0,0341;0,0170;
3,0490;0,0434;0,9080;-0,4791;0,2813;0,1343;-0,2966;0,0011;-0,0245;-0,0107;
3,0510;0,0257;0,8951;-0,5217;0,2813;0,1343;-0,2966;0,0011;-0,0245;-0,0107;
3,0530;0,0257;0,8951;-0,5217;0,0749;0,0398;-0,6540;0,0011;-0,0245;-0,0107;
3,0550;0,0257;0,8951;-0,5217;0,0749;0,0398;-0,6540;0,0011;-0,0245;-0,0107;
3,2340;0,0257;0,8951;-0,5217;0,0749;0,0398;-0,6540;0,0011;-0,0245;-0,0107;
3,2360;0,0257;0,8951;-0,5217;0,0749;0,0398;-0,6540;0,0011;-0,0245;-0,0107;
3,2380;0,0257;0,8951;-0,5217;0,0749;0,0398;-0,6540;0,0394;-0,0075;0,0000;
3,2400;0,0377;0,8964;-0,5237;0,0749;0,0398;-0,6540;0,0394;-0,0075;0,0000;
3,2420;0,0377;0,8964;-0,5237;0,1724;0,0802;-0,6187;0,0394;-0,0075;0,0000;
3,2440;0,0377;0,8964;-0,5237;0,1724;0,0802;-0,6187;0,0394;-0,0075;0,0000;
3,2980;0,0451;0,8997;-0,5170;0,1724;0,0802;-0,6187;0,0394;-0,0075;0,0000;
3,3000;0,0451;0,8997;-0,5170;0,1724;0,0802;-0,6187;0,0394;-0,0075;0,0000;
3,3020;0,0451;0,8997;-0,5170;0,1724;0,0802;-0,6187;0,0394;-0,0075;0,0000;
3,3100;0,0346;0,8989;-0,5143;0,1724;0,0802;-0,6187;0,0394;-0,0075;0,0000;
3,3310;0,0364;0,8978;-0,5045;0,1724;0,0802;-0,6187;0,0394;-0,0075;0,0000;
3,3540;0,0468;0,8929;-0,4892;0,1724;0,0802;-0,6187;0,0394;-0,0075;0,0000;
3,3740;0,0462;0,8988;-0,4983;0,1724;0,0802;-0,6187;0,0394;-0,0075;0,0000;
3,3960;0,0352;0,8904;-0,5115;0,1724;0,0802;-0,6187;0,0394;-0,0075;0,0000;
3,4210;0,0352;0,8904;-0,5115;0,1724;0,0802;-0,6187;0,0394;-0,0075;0,0000;
3,4230;0,0352;0,8904;-0,5115;0,1724;0,0802;-0,6187;0,0394;-0,0075;0,0000;
3,4240;0,0352;0,8904;-0,5115;0,1724;0,0802;-0,6187;0,1214;0,0181;0,0064;
3,4260;0,0420;0,8884;-0,5398;0,1724;0,0802;-0,6187;0,1214;0,0181;0,0064;
3,4280;0,0420;0,8884;-0,5398;0,1954;0,0289;-0,7270;0,1214;0,0181;0,0064;
3,4290;0,0420;0,8884;-0,5398;0,1954;0,0289;-0,7270;0,1214;0,0181;0,0064;
3,4390;0,0485;0,8860;-0,5498;0,1954;0,0289;-0,7270;0,1214;0,0181;0,0064;
3,4620;0,0348;0,8817;-0,5582;0,1954;0,0289;-0,7270;0,1214;0,0181;0,0064;
3,4860;0,0316;0,8827;-0,5596;0,1954;0,0289;-0,7270;0,1214;0,0181;0,0064;
3,5030;0,0401;0,8878;-0,5428;0,1954;0,0289;-0,7270;0,1214;0,0181;0,0064;
3,5250;0,0486;0,8876;-0,5117;0,1954;0,0289;-0,7270;0,1214;0,0181;0,0064;
3,5460;0,0481;0,8951;-0,5322;0,1954;0,0289;-0,7270;0,1214;0,0181;0,0064;
3,5700;0,0209;0,8882;-0,5282;0,1954;0,0289;-0,7270;0,1214;0,0181;0,0064;
3,5910;0,0033;0,8843;-0,5168;0,1954;0,0289;-0,7270;0,1214;0,0181;0,0064;
3,6150;0,0033;0,8843;-0,5168;0,1954;0,0289;-0,7270;-0,0107;-0,0234;0,0181;
3,6170;0,0033;0,8843;-0,5168;0,1954;0,0289;-0,7270;-0,0107;-0,0234;0,0181;
3,6190;0,0033;0,8843;-0,5168;0,1954;0,0289;-0,7270;-0,0107;-0,0234;0,0181;
3,6200;0,0484;0,8945;-0,5017;0,1954;0,0289;-0,7270;-0,0107;-0,0234;0,0181;
3,6230;0,0484;0,8945;-0,5017;-0,2037;0,0199;-0,4430;-0,0107;-0,0234;0,0181;
3,6280;0,0484;0,8945;-0,5017;-0,2037;0,0199;-0,4430;-0,0107;-0,0234;0,0181;
3,6330;0,0594;0,8912;-0,5204;-0,2037;0,0199;-0,4430;-0,0107;-0,0234;0,0181;
3,6480;0,0247;0,8885;-0,5585;-0,2037;0,0199;-0,4430;-0,0107;-0,0234;0,0181;
3,6690;0,0220;0,8905;-0,5308;-0,2037;0,0199;-0,4430;-0,0107;-0,0234;0,0181;
3,6950;0,0303;0,8984;-0,4988;-0,2037;0,0199;-0,4430;-0,0107;-0,0234;0,0181;
3,7150;0,0396;0,9022;-0,4698;-0,2037;0,0199;-0,4430;-0,0107;-0,0234;0,0181;
3,7370;0,0381;0,8976;-0,4686;-0,2037;0,0199;-0,4430;-0,0107;-0,0234;0,0181;
3,7650;0,0346;0,8945;-0,5157;-0,2037;0,0199;-0,4430;-0,0107;-0,0234;0,0181;
3,7830;0,0337;0,8892;-0,5439;-0,2037;0,0199;-0,4430;-0,0107;-0,0234;0,0181;
3,8020;0,0337;0,8892;-0,5439;-0,2037;0,0199;-0,4430;-0,0107;-0,0234;0,0181;
3,8030;0,0337;0,8892;-0,5439;-0,2037;0,0199;-0,4430;-0,0107;-0,0234;0,0181;
3,8040;0,0337;0,8892;-0,5439;-0,2037;0,0199;-0,4430;0,0767;-0,0128;-0,0096;
3,8050;0,0365;0,8794;-0,5431;-0,2037;0,0199;-0,4430;0,0767;-0,0128;-0,0096;
3,8060;0,0365;0,8794;-0,5431;0,1084;-0,0094;-0,6665;0,0767;-0,0128;-0,0096;
3,8070;0,0365;0,8794;-0,5431;0,1084;-0,0094;-0,6665;0,0767;-0,0128;-0,0096;
3,8190;0,0315;0,8790;-0,5612;0,1084;-0,0094;-0,6665;0,0767;-0,0128;-0,0096;
3,8400;0,0424;0,8846;-0,5557;0,1084;-0,0094;-0,6665;0,0767;-0,0128;-0,0096;
3,8620;0,0346;0,8870;-0,5205;0,1084;-0,0094;-0,6665;0,0767;-0,0128;-0,0096;
3,8880;0,0259;0,8916;-0,4951;0,1084;-0,0094;-0,6665;0,0767;-0,0128;-0,0096;
3,9040;0,0313;0,8931;-0,4953;0,1084;-0,0094;-0,6665;0,0767;-0,0128;-0,0096;
3,9230;0,0354;0,8894;-0,5195;0,1084;-0,0094;-0,6665;0,0767;-0,0128;-0,0096;
3,9460;0,0318;0,8850;-0,5507;0,1084;-0,0094;-0,6665;0,0767;-0,0128;-0,0096;
3,9660;0,0337;0,8823;-0,5458;0,1084;-0,0094;-0,6665;0,0767;-0,0128;-0,0096;
3,9910;0,0337;0,8823;-0,5458;0,1084;-0,0094;-0,6665;-0,0021;0,0128;-0,0043;
3,9920;0,0265;0,8856;-0,5421;0,1084;-0,0094;-0,6665;-0,0021;0,0128;-0,0043;
3,9930;0,0265;0,8856;-0,5421;0,1084;-0,0094;-0,6665;-0,0021;0,0128;-0,0043;
3,9940;0,0265;0,8856;-0,5421;0,1084;-0,0094;-0,6665;-0,0021;0,0128;-0,0043;
3,9950;0,0265;0,8856;-0,5421;0,0739;0,0361;-0,6623;-0,0021;0,0128;-0,0043;
3,9950;0,0265;0,8856;-0,5421;0,0739;0,0361;-0,6623;-0,0021;0,0128;-0,0043;
4,0100;0,0315;0,8840;-0,5367;0,0739;0,0361;-0,6623;-0,0021;0,0128;-0,0043;
4,0310;0,0355;0,8860;-0,5349;0,0739;0,0361;-0,6623;-0,0021;0,0128;-0,0043;
4,0560;0,0277;0,8926;-0,5301;0,0739;0,0361;-0,6623;-0,0021;0,0128;-0,0043;
4,0770;0,0333;0,8817;-0,5058;0,0739;0,0361;-0,6623;-0,0021;0,0128;-0,0043;
4,0990;0,0473;0,8940;-0,5343;0,0739;0,0361;-0,6623;-0,0021;0,0128;-0,0043;
4,1200;0,0226;0,8848;-0,5422;0,0739;0,0361;-0,6623;-0,0021;0,0128;-0,0043;
4,1420;0,0204;0,8874;-0,5223;0,0739;0,0361;-0,6623;-0,0021;0,0128;-0,0043;
4,1630;0,0467;0,8927;-0,4944;0,0739;0,0361;-0,6623;-0,0021;0,0128;-0,0043;
4,1870;0,0467;0,8927;-0,4944;0,0739;0,0361;-0,6623;-0,0021;0,0128;-0,0043;
4,1890;0,0467;0,8927;-0,4944;0,0739;0,0361;-0,6623;-0,0021;0,0128;-0,0043;
4,1910;0,0467;0,8927;-0,4944;0,0739;0,0361;-0,6623;-0,0021;-0,0309;0,0043;
4,1940;0,0634;0,8900;-0,5146;0,0739;0,0361;-0,6623;-0,0021;-0,0309;0,0043;
4,1960;0,0634;0,8900;-0,5146;0,3569;0,1237;-0,3351;-0,0021;-0,0309;0,0043;
4,1980;0,0634;0,8900;-0,5146;0,3569;0,1237;-0,3351;-0,0021;-0,0309;0,0043;
4,2040;0,0384;0,8928;-0,5481;0,3569;0,1237;-0,3351;-0,0021;-0,0309;0,0043;
4,2210;0,0044;0,8895;-0,5300;0,3569;0,1237;-0,3351;-0,0021;-0,0309;0,0043;
4,2450;0,0249;0,8965;-0,4919;0,3569;0,1237;-0,3351;-0,0021;-0,0309;0,0043;
4,2680;0,0493;0,8975;-0,4753;0,3569;0,1237;-0,3351;-0,0021;-0,0309;0,0043;
4,2890;0,0398;0,8923;-0,5056;0,3569;0,1237;-0,3351;-0,0021;-0,0309;0,0043;
4,3090;0,0268;0,8845;-0,5538;0,3569;0,1237;-0,3351;-0,0021;-0,0309;0,0043;
4,3310;0,0338;0,8878;-0,5703;0,3569;0,1237;-0,3351;-0,0021;-0,0309;0,0043;
4,3510;0,0335;0,8862;-0,5312;0,3569;0,1237;-0,3351;-0,0021;-0,0309;0,0043;
4,3770;0,0276;0,8901;-0,5336;0,3569;0,1237;-0,3351;-0,0021;-0,0309;0,0043;
4,3790;0,0276;0,8901;-0,5336;0,3569;0,1237;-0,3351;-0,0021;-0,0309;0,0043;
4,3800;0,0276;0,8901;-0,5336;0,3569;0,1237;-0,3351;-0,0160;-0,0021;-0,0011;
4,3830;0,0276;0,8901;-0,5336;0,3569;0,1237;-0,3351;-0,0160;-0,0021;-0,0011;
4,3850;0,0276;0,8901;-0,5336;0,3569;0,1237;-0,3351;-0,0160;-0,0021;-0,0011;
4,3870;0,0276;0,8901;-0,5336;-0,0050;0,1307;-0,5107;-0,0160;-0,0021;-0,0011;
4,4080;0,0276;0,8901;-0,5336;-0,0050;0,1307;-0,5107;-0,0160;-0,0021;-0,0011;
4,4080;0,0336;0,8899;-0,5272;-0,0050;0,1307;-0,5107;-0,0160;-0,0021;-0,0011;
4,4170;0,0346;0,8892;-0,5213;-0,0050;0,1307;-0,5107;-0,0160;-0,0021;-0,0011;
4,4350;0,0335;0,8979;-0,5162;-0,0050;0,1307;-0,5107;-0,0160;-0,0021;-0,0011;
4,4570;0,0276;0,8872;-0,4996;-0,0050;0,1307;-0,5107;-0,0160;-0,0021;-0,0011;
4,4790;0,0352;0,8916;-0,5086;-0,0050;0,1307;-0,5107;-0,0160;-0,0021;-0,0011;
4,4990;0,0377;0,8896;-0,5394;-0,0050;0,1307;-0,5107;-0,0160;-0,0021;-0,0011;
4,5260;0,0352;0,8863;-0,5534;-0,0050;0,1307;-0,5107;-0,0160;-0,0021;-0,0011;
4,5480;0,0346;0,8905;-0,5411;-0,0050;0,1307;-0,5107;-0,0160;-0,0021;-0,0011;
4,5730;0,0346;0,8905;-0,5411;-0,0050;0,1307;-0,5107;-0,0863;-0,0309;-0,0053;
4,5750;0,0294;0,8922;-0,5182;-0,0050;0,1307;-0,5107;-0,0863;-0,0309;-0,0053;
4,5770;0,0294;0,8922;-0,5182;-0,0050;0,1307;-0,5107;-0,0863;-0,0309;-0,0053;
4,5780;0,0294;0,8922;-0,5182;-0,0050;0,1307;-0,5107;-0,0863;-0,0309;-0,0053;
4,5800;0,0294;0,8922;-0,5182;0,0557;0,1393;-0,5763;-0,0863;-0,0309;-0,0053;
4,5820;0,0294;0,8922;-0,5182;0,0557;0,1393;-0,5763;-0,0863;-0,0309;-0,0053;
4,5890;0,0259;0,8933;-0,5062;0,0557;0,1393;-0,5763;-0,0863;-0,0309;-0,0053;
4,6080;0,0297;0,9003;-0,4997;0,0557;0,1393;-0,5763;-0,0863;-0,0309;-0,0053;
4,6330;0,0404;0,8990;-0,5017;0,0557;0,1393;-0,5763;-0,0863;-0,0309;-0,0053;
4,6540;0,0475;0,8962;-0,5140;0,0557;0,1393;-0,5763;-0,0863;-0,0309;-0,0053;
4,6760;0,0198;0,8922;-0,5282;0,0557;0,1393;-0,5763;-0,0863;-0,0309;-0,0053;
4,6950;0,0106;0,8977;-0,5151;0,0557;0,1393;-0,5763;-0,0863;-0,0309;-0,0053;
4,7190;0,0404;0,9004;-0,4889;0,0557;0,1393;-0,5763;-0,0863;-0,0309;-0,0053;
4,7390;0,0436;0,8970;-0,5107;0,0557;0,1393;-0,5763;-0,0863;-0,0309;-0,0053;
4,7650;0,0436;0,8970;-0,5107;0,0557;0,1393;-0,5763;-0,0863;-0,0309;-0,0053;
4,7680;0,0436;0,8970;-0,5107;0,0557;0,1393;-0,5763;-0,0863;-0,0309;-0,0053;
4,7700;0,0436;0,8970;-0,5107;0,0557;0,1393;-0,5763;-0,0170;0,0170;-0,0021;
4,7720;0,0236;0,8940;-0,5487;0,0557;0,1393;-0,5763;-0,0170;0,0170;-0,0021;
4,7740;0,0236;0,8940;-0,5487;-0,0615;0,1776;-0,6445;-0,0170;0,0170;-0,0021;
4,7770;0,0236;0,8940;-0,5487;-0,0615;0,1776;-0,6445;-0,0170;0,0170;-0,0021;
4,7830;0,0246;0,8925;-0,5424;-0,0615;0,1776;-0,6445;-0,0170;0,0170;-0,0021;
4,8030;0,0316;0,8994;-0,5278;-0,0615;0,1776;-0,6445;-0,0170;0,0170;-0,0021;
4,8250;0,0239;0,9003;-0,4961;-0,0615;0,1776;-0,6445;-0,0170;0,0170;-0,0021;
4,8460;0,0347;0,9064;-0,4834;-0,0615;0,1776;-0,6445;-0,0170;0,0170;-0,0021;
4,8660;-0,0004;0,9071;-0,4902;-0,0615;0,1776;-0,6445;-0,0170;0,0170;-0,0021;
4,8890;-0,1068;0,9394;-0,4858;-0,0615;0,1776;-0,6445;-0,0170;0,0170;-0,0021;
4,9080;-0,1015;0,8237;-0,7770;-0,0615;0,1776;-0,6445;-0,0170;0,0170;-0,0021;
4,9300;0,1571;1,1159;-0,4871;-0,0615;0,1776;-0,6445;-0,0170;0,0170;-0,0021;
4,9510;0,1571;1,1159;-0,4871;-0,0615;0,1776;-0,6445;-2,4352;-3,4397;0,8778;
4,9520;0,1173;0,6335;-0,1731;-0,0615;0,1776;-0,6445;-2,4352;-3,4397;0,8778;
4,9520;0,1173;0,6335;-0,1731;-0,0615;0,1776;-0,6445;-2,4352;-3,4397;0,8778;
4,9530;0,1173;0,6335;-0,1731;-0,0615;0,1776;-0,6445;-2,4352;-3,4397;0,8778;
4,9540;0,1173;0,6335;-0,1731;1,2379;2,3537;-0,0378;-2,4352;-3,4397;0,8778;
4,9550;0,1173;0,6335;-0,1731;1,2379;2,3537;-0,0378;-2,4352;-3,4397;0,8778;
4,9700;0,2469;1,1059;-0,1048;1,2379;2,3537;-0,0378;-2,4352;-3,4397;0,8778;
4,9920;0,1024;1,0478;0,3132;1,2379;2,3537;-0,0378;-2,4352;-3,4397;0,8778;
5,0140;-0,0627;0,8752;0,4760;1,2379;2,3537;-0,0378;-2,4352;-3,4397;0,8778;
5,0390;-0,0217;1,0191;0,4362;1,2379;2,3537;-0,0378;-2,4352;-3,4397;0,8778;
5,0590;0,1236;1,0317;0,2426;1,2379;2,3537;-0,0378;-2,4352;-3,4397;0,8778;
5,0830;0,2240;1,0681;0,0872;1,2379;2,3537;-0,0378;-2,4352;-3,4397;0,8778;
5,1030;0,2489;1,0743;0,0123;1,2379;2,3537;-0,0378;-2,4352;-3,4397;0,8778;
5,1290;0,1923;1,1123;0,0147;1,2379;2,3537;-0,0378;-2,4352;-3,4397;0,8778;
5,1450;0,1923;1,1123;0,0147;1,2379;2,3537;-0,0378;-2,4352;-3,4397;0,8778;
5,1460;0,1923;1,1123;0,0147;1,2379;2,3537;-0,0378;-2,4352;-3,4397;0,8778;
5,1470;0,1923;1,1123;0,0147;1,2379;2,3537;-0,0378;-0,0383;3,0136;0,0895;
5,1480;0,0823;1,1778;-0,0258;1,2379;2,3537;-0,0378;-0,0383;3,0136;0,0895;
5,1480;0,0823;1,1778;-0,0258;0,5726;2,6563;3,8889;-0,0383;3,0136;0,0895;
5,1490;0,0823;1,1778;-0,0258;0,5726;2,6563;3,8889;-0,0383;3,0136;0,0895;
5,1620;0,0319;1,2088;-0,1036;0,5726;2,6563;3,8889;-0,0383;3,0136;0,0895;
5,1820;-0,0567;1,1933;-0,2889;0,5726;2,6563;3,8889;-0,0383;3,0136;0,0895;
5,2080;-0,1108;1,1458;-0,3842;0,5726;2,6563;3,8889;-0,0383;3,0136;0,0895;
5,2280;-0,0864;1,1377;-0,3481;0,5726;2,6563;3,8889;-0,0383;3,0136;0,0895;
5,2490;0,0143;1,1567;-0,2349;0,5726;2,6563;3,8889;-0,0383;3,0136;0,0895;
5,2700;0,1203;1,1468;-0,0525;0,5726;2,6563;3,8889;-0,0383;3,0136;0,0895;
5,2940;0,1681;1,1149;0,0457;0,5726;2,6563;3,8889;-0,0383;3,0136;0,0895;
5,3140;0,1143;1,1247;0,0616;0,5726;2,6563;3,8889;-0,0383;3,0136;0,0895;
5,3390;0,1143;1,1247;0,0616;0,5726;2,6563;3,8889;-0,0383;3,0136;0,0895;
5,3410;0,1143;1,1247;0,0616;0,5726;2,6563;3,8889;-0,0383;3,0136;0,0895;
5,3430;0,1143;1,1247;0,0616;0,5726;2,6563;3,8889;-1,5979;-1,2165;-0,1949;
5,3450;-0,0053;1,1394;0,0095;0,5726;2,6563;3,8889;-1,5979;-1,2165;-0,1949;
5,3470;-0,0053;1,1394;0,0095;-0,3206;2,1634;3,9717;-1,5979;-1,2165;-0,1949;
5,3500;-0,0053;1,1394;0,0095;-0,3206;2,1634;3,9717;-1,5979;-1,2165;-0,1949;
5,3580;-0,0647;1,1449;-0,0123;-0,3206;2,1634;3,9717;-1,5979;-1,2165;-0,1949;
5,3790;-0,0749;1,1252;-0,0077;-0,3206;2,1634;3,9717;-1,5979;-1,2165;-0,1949;
5,4010;-0,0164;1,1206;0,0035;-0,3206;2,1634;3,9717;-1,5979;-1,2165;-0,1949;
5,4230;0,0557;1,1081;-0,0150;-0,3206;2,1634;3,9717;-1,5979;-1,2165;-0,1949;
5,4430;0,0942;1,0807;-0,0363;-0,3206;2,1634;3,9717;-1,5979;-1,2165;-0,1949;
5,4650;0,1178;1,0437;-0,0518;-0,3206;2,1634;3,9717;-1,5979;-1,2165;-0,1949;
5,4860;0,1234;1,0499;-0,0042;-0,3206;2,1634;3,9717;-1,5979;-1,2165;-0,1949;
5,5080;0,0699;1,0431;0,0816;-0,3206;2,1634;3,9717;-1,5979;-1,2165;-0,1949;
5,5300;0,0699;1,0431;0,0816;-0,3206;2,1634;3,9717;-1,5979;-1,2165;-0,1949;
5,5330;0,0699;1,0431;0,0816;-0,3206;2,1634;3,9717;-1,5979;-1,2165;-0,1949;
5,5350;0,0699;1,0431;0,0816;-0,3206;2,1634;3,9717;-1,2091;-0,2131;0,1609;
5,5360;0,0095;1,0227;0,1760;-0,3206;2,1634;3,9717;-1,2091;-0,2131;0,1609;
5,5380;0,0095;1,0227;0,1760;-0,0928;0,8357;5,1522;-1,2091;-0,2131;0,1609;
5,5400;0,0095;1,0227;0,1760;-0,0928;0,8357;5,1522;-1,2091;-0,2131;0,1609;
5,5490;0,0363;1,0097;0,1807;-0,0928;0,8357;5,1522;-1,2091;-0,2131;0,1609;
5,5700;0,0920;1,0092;0,1437;-0,0928;0,8357;5,1522;-1,2091;-0,2131;0,1609;
5,5950;0,1182;0,9953;0,1241;-0,0928;0,8357;5,1522;-1,2091;-0,2131;0,1609;
5,6140;0,0977;0,9784;0,1104;-0,0928;0,8357;5,1522;-1,2091;-0,2131;0,1609;
5,6380;0,0687;0,9781;0,1103;-0,0928;0,8357;5,1522;-1,2091;-0,2131;0,1609;
5,6590;0,0547;0,9892;0,0893;-0,0928;0,8357;5,1522;-1,2091;-0,2131;0,1609;
5,6790;0,0359;0,9940;0,0443;-0,0928;0,8357;5,1522;-1,2091;-0,2131;0,1609;
5,7000;0,0128;1,0007;-0,0274;-0,0928;0,8357;5,1522;-1,2091;-0,2131;0,1609;
5,7260;0,0128;1,0007;-0,0274;-0,0928;0,8357;5,1522;-1,2091;-0,2131;0,1609;
5,7290;0,0128;1,0007;-0,0274;-0,0928;0,8357;5,1522;-1,2091;-0,2131;0,1609;
5,7310;0,0128;1,0007;-0,0274;-0,0928;0,8357;5,1522;0,8053;1,6884;-0,1502;
5,7340;-0,0004;0,9970;-0,0679;-0,0928;0,8357;5,1522;0,8053;1,6884;-0,1502;
5,7360;-0,0004;0,9970;-0,0679;-0,2304;0,4127;2,2577;0,8053;1,6884;-0,1502;
5,7370;-0,0004;0,9970;-0,0679;-0,2304;0,4127;2,2577;0,8053;1,6884;-0,1502;
5,7460;0,0170;1,0061;-0,0820;-0,2304;0,4127;2,2577;0,8053;1,6884;-0,1502;
5,7650;0,0381;1,0191;-0,0696;-0,2304;0,4127;2,2577;0,8053;1,6884;-0,1502;
5,7790;0,0461;1,0304;-0,0476;-0,2304;0,4127;2,2577;0,8053;1,6884;-0,1502;
5,8010;0,0474;1,0482;-0,0268;-0,2304;0,4127;2,2577;0,8053;1,6884;-0,1502;
5,8220;0,0125;1,0725;-0,0081;-0,2304;0,4127;2,2577;0,8053;1,6884;-0,1502;
5,8420;0,0005;1,0956;0,0160;-0,2304;0,4127;2,2577;0,8053;1,6884;-0,1502;
5,8690;0,0005;1,1118;0,0418;-0,2304;0,4127;2,2577;0,8053;1,6884;-0,1502;
5,8890;0,0155;1,1272;0,0497;-0,2304;0,4127;2,2577;0,8053;1,6884;-0,1502;
5,9140;0,0155;1,1272;0,0497;-0,2304;0,4127;2,2577;0,8053;1,6884;-0,1502;
5,9160;0,0155;1,1272;0,0497;-0,2304;0,4127;2,2577;0,8053;1,6884;-0,1502;
5,9170;0,0155;1,1272;0,0497;-0,2304;0,4127;2,2577;1,6160;-2,0038;0,0991;
5,9190;0,0548;1,1394;0,0441;-0,2304;0,4127;2,2577;1,6160;-2,0038;0,0991;
5,9200;0,0548;1,1394;0,0441;0,2573;1,7152;3,0329;1,6160;-2,0038;0,0991;
5,9230;0,0548;1,1394;0,0441;0,2573;1,7152;3,0329;1,6160;-2,0038;0,0991;
5,9290;0,0732;1,1509;0,0126;0,2573;1,7152;3,0329;1,6160;-2,0038;0,0991;
5,9500;0,0833;1,1568;-0,0195;0,2573;1,7152;3,0329;1,6160;-2,0038;0,0991;
5,9700;0,0713;1,1605;-0,0283;0,2573;1,7152;3,0329;1,6160;-2,0038;0,0991;
5,9950;0,0519;1,1683;-0,0193;0,2573;1,7152;3,0329;1,6160;-2,0038;0,0991;
6,0170;0,0418;1,1744;0,0132;0,2573;1,7152;3,0329;1,6160;-2,0038;0,0991;
6,0380;0,0362;1,1628;0,0354;0,2573;1,7152;3,0329;1,6160;-2,0038;0,0991;
6,0590;0,0601;1,1551;0,0355;0,2573;1,7152;3,0329;1,6160;-2,0038;0,0991;
6,0790;0,0820;1,1420;0,0347;0,2573;1,7152;3,0329;1,6160;-2,0038;0,0991;
6,1060;0,0820;1,1420;0,0347;0,2573;1,7152;3,0329;1,6160;-2,0038;0,0991;
6,1080;0,0820;1,1420;0,0347;0,2573;1,7152;3,0329;1,6160;-2,0038;0,0991;
6,1110;0,0820;1,1420;0,0347;0,2573;1,7152;3,0329;1,4338;1,4456;-0,2354;
6,1130;0,0765;1,1230;0,0385;0,2573;1,7152;3,0329;1,4338;1,4456;-0,2354;
6,1150;0,0765;1,1230;0,0385;0,4758;1,4809;2,6982;1,4338;1,4456;-0,2354;
6,1170;0,0765;1,1230;0,0385;0,4758;1,4809;2,6982;1,4338;1,4456;-0,2354;
6,1230;0,0580;1,1099;0,0282;0,4758;1,4809;2,6982;1,4338;1,4456;-0,2354;
6,1420;0,0377;1,0989;-0,0120;0,4758;1,4809;2,6982;1,4338;1,4456;-0,2354;
6,1650;0,0254;1,0886;-0,0629;0,4758;1,4809;2,6982;1,4338;1,4456;-0,2354;
6,1860;0,0132;1,0727;-0,1121;0,4758;1,4809;2,6982;1,4338;1,4456;-0,2354;
6,2110;0,0170;1,0500;-0,1489;0,4758;1,4809;2,6982;1,4338;1,4456;-0,2354;
6,2290;0,0326;1,0405;-0,1600;0,4758;1,4809;2,6982;1,4338;1,4456;-0,2354;
6,2490;0,0518;1,0294;-0,1516;0,4758;1,4809;2,6982;1,4338;1,4456;-0,2354;
6,2670;0,0567;1,0218;-0,1345;0,4758;1,4809;2,6982;1,4338;1,4456;-0,2354;
6,2980;0,0274;1,0090;-0,1180;0,4758;1,4809;2,6982;1,4338;1,4456;-0,2354;
6,3000;0,0274;1,0090;-0,1180;0,4758;1,4809;2,6982;1,4338;1,4456;-0,2354;
6,3030;0,0274;1,0090;-0,1180;0,4758;1,4809;2,6982;0,3292;-0,6551;0,1065;
6,3050;0,0274;1,0090;-0,1180;0,4758;1,4809;2,6982;0,3292;-0,6551;0,1065;
6,3070;0,0274;1,0090;-0,1180;0,4758;1,4809;2,6982;0,3292;-0,6551;0,1065;
6,3100;0,0274;1,0090;-0,1180;-0,0218;0,3194;0,9711;0,3292;-0,6551;0,1065;
6,3130;0,0274;1,0090;-0,1180;-0,0218;0,3194;0,9711;0,3292;-0,6551;0,1065;
6,3150;0,0224;1,0051;-0,0936;-0,0218;0,3194;0,9711;0,3292;-0,6551;0,1065;
6,3350;0,0237;0,9993;-0,0702;-0,0218;0,3194;0,9711;0,3292;-0,6551;0,1065;
6,3570;0,0255;0,9960;-0,0445;-0,0218;0,3194;0,9711;0,3292;-0,6551;0,1065;
6,3790;0,0354;0,9927;-0,0355;-0,0218;0,3194;0,9711;0,3292;-0,6551;0,1065;
6,4000;0,0459;0,9903;-0,0371;-0,0218;0,3194;0,9711;0,3292;-0,6551;0,1065;
6,4230;0,0568;0,9936;-0,0493;-0,0218;0,3194;0,9711;0,3292;-0,6551;0,1065;
6,4440;0,0555;1,0014;-0,0533;-0,0218;0,3194;0,9711;0,3292;-0,6551;0,1065;
6,4650;0,0428;1,0122;-0,0535;-0,0218;0,3194;0,9711;0,3292;-0,6551;0,1065;
6,5000;0,0428;1,0122;-0,0535;-0,0218;0,3194;0,9711;0,3292;-0,6551;0,1065;
6,5010;0,0428;1,0122;-0,0535;-0,0218;0,3194;0,9711;0,3292;-0,6551;0,1065;
6,5020;0,0428;1,0122;-0,0535;-0,0218;0,3194;0,9711;-0,6839;-0,1832;0,1033;
6,5030;0,0303;1,0217;-0,0519;-0,0218;0,3194;0,9711;-0,6839;-0,1832;0,1033;
6,5040;0,0303;1,0217;-0,0519;0,0042;0,3944;1,3818;-0,6839;-0,1832;0,1033;
6,5050;0,0303;1,0217;-0,0519;0,0042;0,3944;1,3818;-0,6839;-0,1832;0,1033;
6,5060;0,0322;1,0361;-0,0423;0,0042;0,3944;1,3818;-0,6839;-0,1832;0,1033;
6,5240;0,0417;1,0486;-0,0363;0,0042;0,3944;1,3818;-0,6839;-0,1832;0,1033;
6,5450;0,0546;1,0618;-0,0260;0,0042;0,3944;1,3818;-0,6839;-0,1832;0,1033;
6,5660;0,0584;1,0835;-0,0195;0,0042;0,3944;1,3818;-0,6839;-0,1832;0,1033;
6,5920;0,0563;1,1005;-0,0148;0,0042;0,3944;1,3818;-0,6839;-0,1832;0,1033;
6,6080;0,0470;1,1145;-0,0285;0,0042;0,3944;1,3818;-0,6839;-0,1832;0,1033;
6,6300;0,0330;1,1283;-0,0453;0,0042;0,3944;1,3818;-0,6839;-0,1832;0,1033;
6,6500;0,0297;1,1377;-0,0763;0,0042;0,3944;1,3818;-0,6839;-0,1832;0,1033;
6,6780;0,0304;1,1475;-0,1025;0,0042;0,3944;1,3818;-0,6839;-0,1832;0,1033;
6,6790;0,0304;1,1475;-0,1025;0,0042;0,3944;1,3818;-0,6839;-0,1832;0,1033;
6,6800;0,0304;1,1475;-0,1025;0,0042;0,3944;1,3818;-1,2719;0,8703;-0,1470;
6,6810;0,0304;1,1475;-0,1025;0,0042;0,3944;1,3818;-1,2719;0,8703;-0,1470;
6,6820;0,0304;1,1475;-0,1025;0,0042;0,3944;1,3818;-1,2719;0,8703;-0,1470;
6,6830;0,0304;1,1475;-0,1025;-0,0147;1,5784;0,6138;-1,2719;0,8703;-0,1470;
6,6860;0,0304;1,1475;-0,1025;-0,0147;1,5784;0,6138;-1,2719;0,8703;-0,1470;
6,8700;0,0304;1,1475;-0,1025;-0,0147;1,5784;0,6138;-1,2719;0,8703;-0,1470;
6,8720;0,0304;1,1475;-0,1025;-0,0147;1,5784;0,6138;-1,2719;0,8703;-0,1470;
6,8740;0,0304;1,1475;-0,1025;-0,0147;1,5784;0,6138;-1,3199;-1,2432;0,1577;
6,8760;0,0535;1,1111;0,0257;-0,0147;1,5784;0,6138;-1,3199;-1,2432;0,1577;
6,8780;0,0535;1,1111;0,0257;0,2054;1,1845;1,6278;-1,3199;-1,2432;0,1577;
6,8790;0,0535;1,1111;0,0257;0,2054;1,1845;1,6278;-1,3199;-1,2432;0,1577;
7,0580;0,0535;1,1111;0,0257;0,2054;1,1845;1,6278;-1,3199;-1,2432;0,1577;
7,0590;0,0535;1,1111;0,0257;0,2054;1,1845;1,6278;-1,3199;-1,2432;0,1577;
7,0610;0,0535;1,1111;0,0257;0,2054;1,1845;1,6278;-0,3558;1,0738;-0,0288;
7,0630;0,0517;1,0020;0,0829;0,2054;1,1845;1,6278;-0,3558;1,0738;-0,0288;
7,0650;0,0517;1,0020;0,0829;0,1778;0,0854;1,9544;-0,3558;1,0738;-0,0288;
7,0670;0,0517;1,0020;0,0829;0,1778;0,0854;1,9544;-0,3558;1,0738;-0,0288;
7,2470;0,0517;1,0020;0,0829;0,1778;0,0854;1,9544;-0,3558;1,0738;-0,0288;
7,2500;0,0517;1,0020;0,0829;0,1778;0,0854;1,9544;-0,3558;1,0738;-0,0288;
7,2520;0,0517;1,0020;0,0829;0,1778;0,0854;1,9544;0,6189;-0,3398;0,0682;
7,2540;0,0275;1,0370;0,0079;0,1778;0,0854;1,9544;0,6189;-0,3398;0,0682;
7,2560;0,0275;1,0370;0,0079;-0,0703;0,4123;1,0753;0,6189;-0,3398;0,0682;
7,2570;0,0275;1,0370;0,0079;-0,0703;0,4123;1,0753;0,6189;-0,3398;0,0682;
7,4350;0,0275;1,0370;0,0079;-0,0703;0,4123;1,0753;1,3476;-0,3334;-0,1236;
7,4370;0,0503;1,1482;0,0071;-0,0703;0,4123;1,0753;1,3476;-0,3334;-0,1236;
7,4380;0,0503;1,1482;0,0071;-0,0703;0,4123;1,0753;1,3476;-0,3334;-0,1236;
7,4400;0,0503;1,1482;0,0071;-0,0703;0,4123;1,0753;1,3476;-0,3334;-0,1236;
7,4420;0,0503;1,1482;0,0071;-0,0770;0,4043;0,9907;1,3476;-0,3334;-0,1236;
7,4440;0,0503;1,1482;0,0071;-0,0770;0,4043;0,9907;1,3476;-0,3334;-0,1236;
7,6270;0,0503;1,1482;0,0071;-0,0770;0,4043;0,9907;1,3476;-0,3334;-0,1236;
7,6290;0,0503;1,1482;0,0071;-0,0770;0,4043;0,9907;1,3476;-0,3334;-0,1236;
7,6310;0,0503;1,1482;0,0071;-0,0770;0,4043;0,9907;1,3912;0,6722;-0,0447;
7,6330;0,0320;1,0949;-0,1019;-0,0770;0,4043;0,9907;1,3912;0,6722;-0,0447;
7,6350;0,0320;1,0949;-0,1019;-0,0328;0,9663;-0,1452;1,3912;0,6722;-0,0447;
7,6530;0,0320;1,0949;-0,1019;-0,0328;0,9663;-0,1452;1,3912;0,6722;-0,0447;
7,8140;0,0320;1,0949;-0,1019;-0,0328;0,9663;-0,1452;1,3912;0,6722;-0,0447;
7,8160;0,0320;1,0949;-0,1019;-0,0328;0,9663;-0,1452;1,3912;0,6722;-0,0447;
7,8180;0,0320;1,0949;-0,1019;-0,0328;0,9663;-0,1452;0,3696;-0,9268;0,0660;
7,8200;0,0387;1,0018;-0,0467;-0,0328;0,9663;-0,1452;0,3696;-0,9268;0,0660;
7,8220;0,0387;1,0018;-0,0467;0,0249;0,0536;0,3868;0,3696;-0,9268;0,0660;
7,8230;0,0387;1,0018;-0,0467;0,0249;0,0536;0,3868;0,3696;-0,9268;0,0660;
8,0030;0,0387;1,0018;-0,0467;0,0249;0,0536;0,3868;0,3696;-0,9268;0,0660;
8,0050;0,0387;1,0018;-0,0467;0,0249;0,0536;0,3868;0,3696;-0,9268;0,0660;
8,0070;0,0387;1,0018;-0,0467;0,0249;0,0536;0,3868;-0,8586;0,7915;-0,0170;
8,0100;0,0469;1,0522;-0,0255;0,0249;0,0536;0,3868;-0,8586;0,7915;-0,0170;
8,0120;0,0469;1,0522;-0,0255;0,1038;0,5433;0,5363;-0,8586;0,7915;-0,0170;
8,0140;0,0469;1,0522;-0,0255;0,1038;0,5433;0,5363;-0,8586;0,7915;-0,0170;
8,1940;0,0469;1,0522;-0,0255;0,1038;0,5433;0,5363;-1,5926;-0,3356;-0,0053;
8,1960;0,0355;1,1353;-0,0540;0,1038;0,5433;0,5363;-1,5926;-0,3356;-0,0053;
8,1970;0,0355;1,1353;-0,0540;0,1038;0,5433;0,5363;-1,5926;-0,3356;-0,0053;
8,1990;0,0355;1,1353;-0,0540;0,1038;0,5433;0,5363;-1,5926;-0,3356;-0,0053;
8,2010;0,0355;1,1353;-0,0540;0,1012;0,5344;0,4155;-1,5926;-0,3356;-0,0053;
8,2030;0,0355;1,1353;-0,0540;0,1012;0,5344;0,4155;-1,5926;-0,3356;-0,0053;
8,3830;0,0355;1,1353;-0,0540;0,1012;0,5344;0,4155;-1,5926;-0,3356;-0,0053;
8,3850;0,0355;1,1353;-0,0540;0,1012;0,5344;0,4155;-1,5926;-0,3356;-0,0053;
8,3880;0,0355;1,1353;-0,0540;0,1012;0,5344;0,4155;-1,2144;-0,0852;0,1193;
8,3900;0,0447;1,0890;0,0169;0,1012;0,5344;0,4155;-1,2144;-0,0852;0,1193;
8,3930;0,0447;1,0890;0,0169;0,0820;0,8847;0,6635;-1,2144;-0,0852;0,1193;
8,3950;0,0447;1,0890;0,0169;0,0820;0,8847;0,6635;-1,2144;-0,0852;0,1193;
8,5720;0,0447;1,0890;0,0169;0,0820;0,8847;0,6635;-1,2144;-0,0852;0,1193;
8,5740;0,0447;1,0890;0,0169;0,0820;0,8847;0,6635;-1,2144;-0,0852;0,1193;
8,5760;0,0447;1,0890;0,0169;0,0820;0,8847;0,6635;-0,0064;0,5582;-0,0458;
8,5780;0,0283;1,0025;0,0027;0,0820;0,8847;0,6635;-0,0064;0,5582;-0,0458;
8,5790;0,0283;1,0025;0,0027;-0,0913;0,0316;0,3881;-0,0064;0,5582;-0,0458;
8,5810;0,0283;1,0025;0,0027;-0,0913;0,0316;0,3881;-0,0064;0,5582;-0,0458;
8,7620;0,0283;1,0025;0,0027;-0,0913;0,0316;0,3881;-0,0064;0,5582;-0,0458;
8,7640;0,0283;1,0025;0,0027;-0,0913;0,0316;0,3881;-0,0064;0,5582;-0,0458;
8,7660;0,0283;1,0025;0,0027;-0,0913;0,0316;0,3881;1,0269;-0,7127;0,0160;
8,7680;0,0454;1,0651;0,0294;-0,0913;0,0316;0,3881;1,0269;-0,7127;0,0160;
8,7710;0,0454;1,0651;0,0294;0,0790;0,6433;0,6197;1,0269;-0,7127;0,0160;
8,7730;0,0454;1,0651;0,0294;0,0790;0,6433;0,6197;1,0269;-0,7127;0,0160;
8,9490;0,0454;1,0651;0,0294;0,0790;0,6433;0,6197;1,0269;-0,7127;0,0160;
8,9500;0,0454;1,0651;0,0294;0,0790;0,6433;0,6197;1,0269;-0,7127;0,0160;
8,9510;0,0454;1,0651;0,0294;0,0790;0,6433;0,6197;1,4328;0,5017;-0,1182;
8,9510;0,0492;1,1371;0,0173;0,0790;0,6433;0,6197;1,4328;0,5017;-0,1182;
8,9520;0,0492;1,1371;0,0173;0,1149;1,3513;0,5459;1,4328;0,5017;-0,1182;
8,9530;0,0492;1,1371;0,0173;0,1149;1,3513;0,5459;1,4328;0,5017;-0,1182;
9,1420;0,0492;1,1371;0,0173;0,1149;1,3513;0,5459;1,4328;0,5017;-0,1182;
9,1440;0,0492;1,1371;0,0173;0,1149;1,3513;0,5459;1,4328;0,5017;-0,1182;
9,1460;0,0492;1,1371;0,0173;0,1149;1,3513;0,5459;0,8991;-0,2237;0,0405;
9,1480;0,0353;1,0709;-0,0632;0,1149;1,3513;0,5459;0,8991;-0,2237;0,0405;
9,1520;0,0353;1,0709;-0,0632;-0,0145;0,7053;-0,1688;0,8991;-0,2237;0,0405;
9,1540;0,0353;1,0709;-0,0632;-0,0145;0,7053;-0,1688;0,8991;-0,2237;0,0405;
9,3320;0,0353;1,0709;-0,0632;-0,0145;0,7053;-0,1688;0,8991;-0,2237;0,0405;
9,3570;0,0353;1,0709;-0,0632;-0,0145;0,7053;-0,1688;0,8991;-0,2237;0,0405;
9,3580;0,0353;1,0709;-0,0632;-0,0145;0,7053;-0,1688;-0,0458;-0,1662;0,0160;
9,3590;0,0364;1,0015;-0,0600;-0,0145;0,7053;-0,1688;-0,0458;-0,1662;0,0160;
9,3590;0,0364;1,0015;-0,0600;-0,0073;0,0268;-0,1103;-0,0458;-0,1662;0,0160;
9,3600;0,0364;1,0015;-0,0600;-0,0073;0,0268;-0,1103;-0,0458;-0,1662;0,0160;
9,5190;0,0364;1,0015;-0,0600;-0,0073;0,0268;-0,1103;-0,0458;-0,1662;0,0160;
9,5220;0,0364;1,0015;-0,0600;-0,0073;0,0268;-0,1103;-0,0458;-0,1662;0,0160;
9,5240;0,0364;1,0015;-0,0600;-0,0073;0,0268;-0,1103;-0,9268;0,4229;-0,0405;
9,5260;0,0335;1,0767;-0,0848;-0,0073;0,0268;-0,1103;-0,9268;0,4229;-0,0405;
9,5290;0,0335;1,0767;-0,0848;-0,0384;0,7610;-0,3985;-0,9268;0,4229;-0,0405;
9,5310;0,0335;1,0767;-0,0848;-0,0384;0,7610;-0,3985;-0,9268;0,4229;-0,0405;
9,7090;0,0335;1,0767;-0,0848;-0,0384;0,7610;-0,3985;-0,9268;0,4229;-0,0405;
9,7110;0,0335;1,0767;-0,0848;-0,0384;0,7610;-0,3985;-0,9268;0,4229;-0,0405;
9,7130;0,0335;1,0767;-0,0848;-0,0384;0,7610;-0,3985;-1,3433;-0,6008;0,1012;
9,7150;0,0457;1,1337;-0,0147;-0,0384;0,7610;-0,3985;-1,3433;-0,6008;0,1012;
9,7170;0,0457;1,1337;-0,0147;0,0836;1,3163;0,1963;-1,3433;-0,6008;0,1012;
9,7180;0,0457;1,1337;-0,0147;0,0836;1,3163;0,1963;-1,3433;-0,6008;0,1012;
9,8980;0,0457;1,1337;-0,0147;0,0836;1,3163;0,1963;-1,3433;-0,6008;0,1012;
9,9000;0,0457;1,1337;-0,0147;0,0836;1,3163;0,1963;-1,3433;-0,6008;0,1012;
9,9030;0,0457;1,1337;-0,0147;0,0836;1,3163;0,1963;-0,8714;0,5433;0,0160;
9,9040;0,0452;1,0588;0,0406;0,0836;1,3163;0,1963;-0,8714;0,5433;0,0160;
9,9060;0,0452;1,0588;0,0406;0,0716;0,5796;0,6266;-0,8714;0,5433;0,0160;
9,9090;0,0452;1,0588;0,0406;0,0716;0,5796;0,6266;-0,8714;0,5433;0,0160;
10,0860;0,0452;1,0588;0,0406;0,0716;0,5796;0,6266;-0,8714;0,5433;0,0160;
10,0870;0,0452;1,0588;0,0406;0,0716;0,5796;0,6266;-0,8714;0,5433;0,0160;
10,0890;0,0452;1,0588;0,0406;0,0716;0,5796;0,6266;0,0703;-0,1566;0,0117;
10,0900;0,0332;1,0078;0,0183;0,0716;0,5796;0,6266;0,0703;-0,1566;0,0117;
10,0970;0,0332;1,0078;0,0183;-0,0468;0,0779;0,3440;0,0703;-0,1566;0,0117;
10,0990;0,0332;1,0078;0,0183;-0,0468;0,0779;0,3440;0,0703;-0,1566;0,0117;
10,2780;0,0332;1,0078;0,0183;-0,0468;0,0779;0,3440;0,0703;-0,1566;0,0117;
10,2800;0,0332;1,0078;0,0183;-0,0468;0,0779;0,3440;0,0703;-0,1566;0,0117;
10,2820;0,0332;1,0078;0,0183;-0,0468;0,0779;0,3440;1,0525;-0,1854;-0,0629;
10,2840;0,0443;1,0916;0,0125;-0,0468;0,0779;0,3440;1,0525;-0,1854;-0,0629;
10,2860;0,0443;1,0916;0,0125;0,0624;0,8992;0,2908;1,0525;-0,1854;-0,0629;
10,2880;0,0443;1,0916;0,0125;0,0624;0,8992;0,2908;1,0525;-0,1854;-0,0629;
10,4680;0,0443;1,0916;0,0125;0,0624;0,8992;0,2908;1,0525;-0,1854;-0,0629;
10,4700;0,0443;1,0916;0,0125;0,0624;0,8992;0,2908;1,0525;-0,1854;-0,0629;
10,4730;0,0443;1,0916;0,0125;0,0624;0,8992;0,2908;1,4072;0,4069;-0,0437;
10,4740;0,0384;1,1232;-0,0493;0,0624;0,8992;0,2908;1,4072;0,4069;-0,0437;
10,4760;0,0384;1,1232;-0,0493;0,0077;1,2104;-0,2518;1,4072;0,4069;-0,0437;
10,4780;0,0384;1,1232;-0,0493;0,0077;1,2104;-0,2518;1,4072;0,4069;-0,0437;
10,6560;0,0384;1,1232;-0,0493;0,0077;1,2104;-0,2518;1,4072;0,4069;-0,0437;
10,6570;0,0384;1,1232;-0,0493;0,0077;1,2104;-0,2518;1,4072;0,4069;-0,0437;
10,6590;0,0384;1,1232;-0,0493;0,0077;1,2104;-0,2518;0,7883;-0,5518;0,0245;
10,6610;0,0395;1,0436;-0,0474;0,0077;1,2104;-0,2518;0,7883;-0,5518;0,0245;
10,6630;0,0395;1,0436;-0,0474;0,0212;0,4323;-0,1428;0,7883;-0,5518;0,0245;
10,6650;0,0395;1,0436;-0,0474;0,0212;0,4323;-0,1428;0,7883;-0,5518;0,0245;
10,8470;0,0395;1,0436;-0,0474;0,0212;0,4323;-0,1428;0,7883;-0,5518;0,0245;
10,8500;0,0395;1,0436;-0,0474;0,0212;0,4323;-0,1428;0,7883;-0,5518;0,0245;
10,8530;0,0395;1,0436;-0,0474;0,0212;0,4323;-0,1428;-0,2866;0,4463;-0,0256;
10,8730;0,0386;1,0135;-0,0440;0,0212;0,4323;-0,1428;-0,2866;0,4463;-0,0256;
10,8740;0,0386;1,0135;-0,0440;0,0120;0,1392;-0,0693;-0,2866;0,4463;-0,0256;
10,8750;0,0386;1,0135;-0,0440;0,0120;0,1392;-0,0693;-0,2866;0,4463;-0,0256;
11,0370;0,0386;1,0135;-0,0440;0,0120;0,1392;-0,0693;-0,2866;0,4463;-0,0256;
11,0380;0,0386;1,0135;-0,0440;0,0120;0,1392;-0,0693;-0,2866;0,4463;-0,0256;
11,0400;0,0386;1,0135;-0,0440;0,0120;0,1392;-0,0693;-1,2197;-0,2184;0,0192;
11,0420;0,0369;1,0960;-0,0585;0,0120;0,1392;-0,0693;-1,2197;-0,2184;0,0192;
11,0440;0,0369;1,0960;-0,0585;-0,0028;0,9460;-0,2470;-1,2197;-0,2184;0,0192;
11,0460;0,0369;1,0960;-0,0585;-0,0028;0,9460;-0,2470;-1,2197;-0,2184;0,0192;
11,2260;0,0369;1,0960;-0,0585;-0,0028;0,9460;-0,2470;-1,2197;-0,2184;0,0192;
11,2280;0,0369;1,0960;-0,0585;-0,0028;0,9460;-0,2470;-1,2197;-0,2184;0,0192;
11,2300;0,0369;1,0960;-0,0585;-0,0028;0,9460;-0,2470;-1,2932;-0,0277;0,0852;
11,2330;0,0436;1,1184;-0,0101;-0,0028;0,9460;-0,2470;-1,2932;-0,0277;0,0852;
11,2350;0,0436;1,1184;-0,0101;0,0620;1,1634;0,1259;-1,2932;-0,0277;0,0852;
11,2360;0,0436;1,1184;-0,0101;0,0620;1,1634;0,1259;-1,2932;-0,0277;0,0852;
11,4150;0,0436;1,1184;-0,0101;0,0620;1,1634;0,1259;-1,2932;-0,0277;0,0852;
11,4170;0,0436;1,1184;-0,0101;0,0620;1,1634;0,1259;-1,2932;-0,0277;0,0852;
11,4180;0,0436;1,1184;-0,0101;0,0620;1,1634;0,1259;-0,5678;0,3100;-0,0170;
11,4200;0,0360;1,0311;0,0023;0,0620;1,1634;0,1259;-0,5678;0,3100;-0,0170;
11,4220;0,0360;1,0311;0,0023;-0,0195;0,3060;0,1463;-0,5678;0,3100;-0,0170;
11,4240;0,0360;1,0311;0,0023;-0,0195;0,3060;0,1463;-0,5678;0,3100;-0,0170;
11,6050;0,0360;1,0311;0,0023;-0,0195;0,3060;0,1463;-0,5678;0,3100;-0,0170;
11,6070;0,0360;1,0311;0,0023;-0,0195;0,3060;0,1463;-0,5678;0,3100;-0,0170;
11,6100;0,0360;1,0311;0,0023;-0,0195;0,3060;0,1463;0,4655;-0,4069;0,0117;
11,6130;0,0418;1,0225;0,0249;-0,0195;0,3060;0,1463;0,4655;-0,4069;0,0117;
11,6140;0,0418;1,0225;0,0249;0,0402;0,2216;0,3297;0,4655;-0,4069;0,0117;
11,6160;0,0418;1,0225;0,0249;0,0402;0,2216;0,3297;0,4655;-0,4069;0,0117;
11,7970;0,0435;1,1024;0,0189;0,0402;0,2216;0,3297;0,4655;-0,4069;0,0117;
11,7990;0,0435;1,1024;0,0189;0,0402;0,2216;0,3297;0,4655;-0,4069;0,0117;
11,8000;0,0435;1,1024;0,0189;0,0402;0,2216;0,3297;0,4655;-0,4069;0,0117;
11,8020;0,0435;1,1024;0,0189;0,0402;0,2216;0,3297;0,4655;-0,4069;0,0117;
11,8070;0,0435;1,1024;0,0189;0,0402;0,2216;0,3297;0,4655;-0,4069;0,0117;
11,8080;0,0435;1,1024;0,0189;0,0402;0,2216;0,3297;0,4655;-0,4069;0,0117;
11,8100;0,0435;1,1024;0,0189;0,0402;0,2216;0,3297;0,4655;-0,4069;0,0117;
11,8120;0,0435;1,1024;0,0189;0,0402;0,2216;0,3297;0,4655;-0,4069;0,0117;
11,8140;0,0435;1,1024;0,0189;0,0402;0,2216;0,3297;0,4655;-0,4069;0,0117;
11,8160;0,0435;1,1024;0,0189;0,0557;1,0050;0,3117;0,4655;-0,4069;0,0117;
11,8170;0,0435;1,1024;0,0189;0,0557;1,0050;0,3117;0,4655;-0,4069;0,0117;
11,8190;0,0435;1,1024;0,0189;0,0557;1,0050;0,3117;1,2080;0,2940;-0,0778;
11,8210;0,0435;1,1024;0,0189;0,0557;1,0050;0,3117;1,2080;0,2940;-0,0778;
11,8230;0,0435;1,1024;0,0189;0,0557;1,0050;0,3117;1,2080;0,2940;-0,0778;
11,8260;0,0435;1,1024;0,0189;0,0557;1,0050;0,3117;1,2080;0,2940;-0,0778;
11,8300;0,0457;1,1106;0,0082;0,0557;1,0050;0,3117;1,2080;0,2940;-0,0778;
11,8330;0,0409;1,1148;-0,0029;0,0557;1,0050;0,3117;1,2080;0,2940;-0,0778;
11,8490;0,0404;1,1179;-0,0231;0,0557;1,0050;0,3117;1,2080;0,2940;-0,0778;
11,8710;0,0387;1,1204;-0,0338;0,0557;1,0050;0,3117;1,2080;0,2940;-0,0778;
11,8910;0,0392;1,1228;-0,0402;0,0557;1,0050;0,3117;1,2080;0,2940;-0,0778;
11,9120;0,0393;1,1223;-0,0465;0,0557;1,0050;0,3117;1,2080;0,2940;-0,0778;
11,9360;0,0395;1,1205;-0,0473;0,0557;1,0050;0,3117;1,2080;0,2940;-0,0778;
11,9570;0,0375;1,1159;-0,0440;0,0557;1,0050;0,3117;1,2080;0,2940;-0,0778;
11,9930;0,0375;1,1159;-0,0440;0,0557;1,0050;0,3117;1,2080;0,2940;-0,0778;
11,9940;0,0375;1,1159;-0,0440;0,0557;1,0050;0,3117;1,2080;0,2940;-0,0778;
11,9950;0,0375;1,1159;-0,0440;0,0557;1,0050;0,3117;1,1430;-0,1726;0,0107;
11,9960;0,0369;1,1066;-0,0379;0,0557;1,0050;0,3117;1,1430;-0,1726;0,0107;
11,9980;0,0369;1,1066;-0,0379;-0,0026;1,0471;-0,1516;1,1430;-0,1726;0,0107;
12,0000;0,0369;1,1066;-0,0379;-0,0026;1,0471;-0,1516;1,1430;-0,1726;0,0107;
12,0010;0,0385;1,0995;-0,0371;-0,0026;1,0471;-0,1516;1,1430;-0,1726;0,0107;
12,0180;0,0388;1,0928;-0,0410;-0,0026;1,0471;-0,1516;1,1430;-0,1726;0,0107;
12,0400;0,0401;1,0814;-0,0409;-0,0026;1,0471;-0,1516;1,1430;-0,1726;0,0107;
12,0640;0,0406;1,0716;-0,0453;-0,0026;1,0471;-0,1516;1,1430;-0,1726;0,0107;
12,0850;0,0396;1,0616;-0,0504;-0,0026;1,0471;-0,1516;1,1430;-0,1726;0,0107;
12,1060;0,0390;1,0526;-0,0542;-0,0026;1,0471;-0,1516;1,1430;-0,1726;0,0107;
12,1280;0,0415;1,0417;-0,0541;-0,0026;1,0471;-0,1516;1,1430;-0,1726;0,0107;
12,1520;0,0388;1,0307;-0,0550;-0,0026;1,0471;-0,1516;1,1430;-0,1726;0,0107;
12,1740;0,0388;1,0307;-0,0550;-0,0026;1,0471;-0,1516;0,4314;-0,0458;-0,0192;
12,1760;0,0395;1,0238;-0,0509;-0,0026;1,0471;-0,1516;0,4314;-0,0458;-0,0192;
12,1780;0,0395;1,0238;-0,0509;-0,0026;1,0471;-0,1516;0,4314;-0,0458;-0,0192;
12,1790;0,0395;1,0238;-0,0509;-0,0026;1,0471;-0,1516;0,4314;-0,0458;-0,0192;
12,1820;0,0395;1,0238;-0,0509;0,0153;0,3058;-0,2413;0,4314;-0,0458;-0,0192;
12,1830;0,0395;1,0238;-0,0509;0,0153;0,3058;-0,2413;0,4314;-0,0458;-0,0192;
12,1930;0,0409;1,0181;-0,0497;0,0153;0,3058;-0,2413;0,4314;-0,0458;-0,0192;
12,2120;0,0392;1,0150;-0,0464;0,0153;0,3058;-0,2413;0,4314;-0,0458;-0,0192;
12,2330;0,0386;1,0097;-0,0439;0,0153;0,3058;-0,2413;0,4314;-0,0458;-0,0192;
12,2560;0,0379;1,0106;-0,0458;0,0153;0,3058;-0,2413;0,4314;-0,0458;-0,0192;
12,2790;0,0371;1,0097;-0,0503;0,0153;0,3058;-0,2413;0,4314;-0,0458;-0,0192;
12,3000;0,0374;1,0140;-0,0590;0,0153;0,3058;-0,2413;0,4314;-0,0458;-0,0192;
12,3220;0,0347;1,0153;-0,0640;0,0153;0,3058;-0,2413;0,4314;-0,0458;-0,0192;
12,3420;0,0365;1,0258;-0,0702;0,0153;0,3058;-0,2413;0,4314;-0,0458;-0,0192;
12,3670;0,0365;1,0258;-0,0702;0,0153;0,3058;-0,2413;0,4314;-0,0458;-0,0192;
12,3700;0,0365;1,0258;-0,0702;0,0153;0,3058;-0,2413;0,4314;-0,0458;-0,0192;
12,3720;0,0365;1,0258;-0,0702;0,0153;0,3058;-0,2413;-0,5177;0,2354;-0,0181;
12,3740;0,0359;1,0305;-0,0752;0,0153;0,3058;-0,2413;-0,5177;0,2354;-0,0181;
12,3760;0,0359;1,0305;-0,0752;-0,0123;0,3039;-0,4243;-0,5177;0,2354;-0,0181;
12,3780;0,0359;1,0305;-0,0752;-0,0123;0,3039;-0,4243;-0,5177;0,2354;-0,0181;
12,3840;0,0343;1,0373;-0,0774;-0,0123;0,3039;-0,4243;-0,5177;0,2354;-0,0181;
12,4000;0,0363;1,0453;-0,0710;-0,0123;0,3039;-0,4243;-0,5177;0,2354;-0,0181;
12,4210;0,0364;1,0553;-0,0704;-0,0123;0,3039;-0,4243;-0,5177;0,2354;-0,0181;
12,4460;0,0351;1,0671;-0,0643;-0,0123;0,3039;-0,4243;-0,5177;0,2354;-0,0181;
12,4680;0,0353;1,0771;-0,0542;-0,0123;0,3039;-0,4243;-0,5177;0,2354;-0,0181;
12,4900;0,0375;1,0850;-0,0450;-0,0123;0,3039;-0,4243;-0,5177;0,2354;-0,0181;
12,5110;0,0373;1,0940;-0,0408;-0,0123;0,3039;-0,4243;-0,5177;0,2354;-0,0181;
12,5320;0,0407;1,1010;-0,0364;-0,0123;0,3039;-0,4243;-0,5177;0,2354;-0,0181;
12,5590;0,0426;1,1116;-0,0362;-0,0123;0,3039;-0,4243;-0,5177;0,2354;-0,0181;
12,5620;0,0426;1,1116;-0,0362;-0,0123;0,3039;-0,4243;-0,5177;0,2354;-0,0181;
12,5630;0,0426;1,1116;-0,0362;-0,0123;0,3039;-0,4243;-1,1782;-0,3036;0,0639;
12,5660;0,0426;1,1116;-0,0362;-0,0123;0,3039;-0,4243;-1,1782;-0,3036;0,0639;
12,5700;0,0426;1,1116;-0,0362;-0,0123;0,3039;-0,4243;-1,1782;-0,3036;0,0639;
12,5730;0,0426;1,1116;-0,0362;0,0553;1,0973;-0,0896;-1,1782;-0,3036;0,0639;
12,5750;0,0426;1,1116;-0,0362;0,0553;1,0973;-0,0896;-1,1782;-0,3036;0,0639;
12,5770;0,0425;1,1145;-0,0360;0,0553;1,0973;-0,0896;-1,1782;-0,3036;0,0639;
12,5900;0,0415;1,1184;-0,0320;0,0553;1,0973;-0,0896;-1,1782;-0,3036;0,0639;
12,6120;0,0451;1,1204;-0,0271;0,0553;1,0973;-0,0896;-1,1782;-0,3036;0,0639;
12,6330;0,0442;1,1190;-0,0202;0,0553;1,0973;-0,0896;-1,1782;-0,3036;0,0639;
12,6540;0,0448;1,1171;-0,0084;0,0553;1,0973;-0,0896;-1,1782;-0,3036;0,0639;
12,6780;0,0452;1,1165;-0,0022;0,0553;1,0973;-0,0896;-1,1782;-0,3036;0,0639;
12,7000;0,0437;1,1100;0,0004;0,0553;1,0973;-0,0896;-1,1782;-0,3036;0,0639;
12,7230;0,0443;1,1022;0,0054;0,0553;1,0973;-0,0896;-1,1782;-0,3036;0,0639;
12,7470;0,0443;1,1022;0,0054;0,0553;1,0973;-0,0896;-1,1782;-0,3036;0,0639;
12,7490;0,0443;1,1022;0,0054;0,0553;1,0973;-0,0896;-1,1782;-0,3036;0,0639;
12,7510;0,0443;1,1022;0,0054;0,0553;1,0973;-0,0896;-1,0535;0,2898;0,0213;
12,7530;0,0410;1,0953;0,0046;0,0553;1,0973;-0,0896;-1,0535;0,2898;0,0213;
12,7550;0,0410;1,0953;0,0046;0,0348;0,9362;0,2200;-1,0535;0,2898;0,0213;
12,7570;0,0410;1,0953;0,0046;0,0348;0,9362;0,2200;-1,0535;0,2898;0,0213;
12,7650;0,0404;1,0874;0,0043;0,0348;0,9362;0,2200;-1,0535;0,2898;0,0213;
12,7860;0,0397;1,0764;0,0016;0,0348;0,9362;0,2200;-1,0535;0,2898;0,0213;
12,8080;0,0399;1,0671;0,0009;0,0348;0,9362;0,2200;-1,0535;0,2898;0,0213;
12,8280;0,0379;1,0578;-0,0035;0,0348;0,9362;0,2200;-1,0535;0,2898;0,0213;
12,8510;0,0375;1,0459;0,0016;0,0348;0,9362;0,2200;-1,0535;0,2898;0,0213;
12,8700;0,0390;1,0357;0,0101;0,0348;0,9362;0,2200;-1,0535;0,2898;0,0213;
12,8940;0,0370;1,0300;0,0138;0,0348;0,9362;0,2200;-1,0535;0,2898;0,0213;
12,9140;0,0371;1,0219;0,0159;0,0348;0,9362;0,2200;-1,0535;0,2898;0,0213;
12,9440;0,0410;1,0152;0,0292;0,0348;0,9362;0,2200;-1,0535;0,2898;0,0213;
12,9460;0,0410;1,0152;0,0292;0,0348;0,9362;0,2200;-1,0535;0,2898;0,0213;
12,9480;0,0410;1,0152;0,0292;0,0348;0,9362;0,2200;-0,3281;-0,1459;0,0160;
12,9500;0,0410;1,0152;0,0292;0,0348;0,9362;0,2200;-0,3281;-0,1459;0,0160;
12,9540;0,0410;1,0152;0,0292;0,0348;0,9362;0,2200;-0,3281;-0,1459;0,0160;
12,9560;0,0410;1,0152;0,0292;0,0340;0,1499;0,3911;-0,3281;-0,1459;0,0160;
12,9570;0,0410;1,0152;0,0292;0,0340;0,1499;0,3911;-0,3281;-0,1459;0,0160;
12,9590;0,0391;1,0129;0,0336;0,0340;0,1499;0,3911;-0,3281;-0,1459;0,0160;
12,9740;0,0386;1,0128;0,0322;0,0340;0,1499;0,3911;-0,3281;-0,1459;0,0160;
12,9950;0,0388;1,0116;0,0330;0,0340;0,1499;0,3911;-0,3281;-0,1459;0,0160;
13,0180;0,0413;1,0131;0,0286;0,0340;0,1499;0,3911;-0,3281;-0,1459;0,0160;
13,0380;0,0420;1,0183;0,0252;0,0340;0,1499;0,3911;-0,3281;-0,1459;0,0160;
13,0610;0,0442;1,0234;0,0252;0,0340;0,1499;0,3911;-0,3281;-0,1459;0,0160;
13,0820;0,0418;1,0291;0,0268;0,0340;0,1499;0,3911;-0,3281;-0,1459;0,0160;
13,1050;0,0413;1,0335;0,0258;0,0340;0,1499;0,3911;-0,3281;-0,1459;0,0160;
13,1290;0,0413;1,0335;0,0258;0,0340;0,1499;0,3911;-0,3281;-0,1459;0,0160;
13,1310;0,0413;1,0335;0,0258;0,0340;0,1499;0,3911;-0,3281;-0,1459;0,0160;
13,1330;0,0413;1,0335;0,0258;0,0340;0,1499;0,3911;0,6541;0,0043;-0,0373;
13,1350;0,0425;1,0481;0,0281;0,0340;0,1499;0,3911;0,6541;0,0043;-0,0373;
13,1370;0,0425;1,0481;0,0281;0,0473;0,4718;0,3648;0,6541;0,0043;-0,0373;
13,1380;0,0425;1,0481;0,0281;0,0473;0,4718;0,3648;0,6541;0,0043;-0,0373;
13,1460;0,0461;1,0521;0,0279;0,0473;0,4718;0,3648;0,6541;0,0043;-0,0373;
13,1650;0,0443;1,0651;0,0271;0,0473;0,4718;0,3648;0,6541;0,0043;-0,0373;
13,1910;0,0425;1,0709;0,0205;0,0473;0,4718;0,3648;0,6541;0,0043;-0,0373;
13,2090;0,0426;1,0804;0,0192;0,0473;0,4718;0,3648;0,6541;0,0043;-0,0373;
13,2300;0,0390;1,0903;0,0042;0,0473;0,4718;0,3648;0,6541;0,0043;-0,0373;
13,2540;0,0382;1,0963;-0,0054;0,0473;0,4718;0,3648;0,6541;0,0043;-0,0373;
13,2740;0,0388;1,1037;-0,0112;0,0473;0,4718;0,3648;0,6541;0,0043;-0,0373;
13,2940;0,0404;1,1090;-0,0215;0,0473;0,4718;0,3648;0,6541;0,0043;-0,0373;
13,3290;0,0403;1,1137;-0,0255;0,0473;0,4718;0,3648;0,6541;0,0043;-0,0373;
13,3300;0,0403;1,1137;-0,0255;0,0473;0,4718;0,3648;1,2059;0,0937;-0,0266;
13,3300;0,0403;1,1137;-0,0255;0,0473;0,4718;0,3648;1,2059;0,0937;-0,0266;
13,3340;0,0403;1,1137;-0,0255;0,0294;1,0697;-0,0690;1,2059;0,0937;-0,0266;
13,3350;0,0403;1,1137;-0,0255;0,0294;1,0697;-0,0690;1,2059;0,0937;-0,0266;
13,3360;0,0403;1,1137;-0,0255;0,0294;1,0697;-0,0690;1,2059;0,0937;-0,0266;
13,3360;0,0403;1,1137;-0,0255;0,0294;1,0697;-0,0690;1,2059;0,0937;-0,0266;
13,3370;0,0406;1,1186;-0,0297;0,0294;1,0697;-0,0690;1,2059;0,0937;-0,0266;
13,3520;0,0373;1,1188;-0,0257;0,0294;1,0697;-0,0690;1,2059;0,0937;-0,0266;
13,3750;0,0409;1,1181;-0,0263;0,0294;1,0697;-0,0690;1,2059;0,0937;-0,0266;
13,3980;0,0402;1,1155;-0,0272;0,0294;1,0697;-0,0690;1,2059;0,0937;-0,0266;
13,4210;0,0403;1,1127;-0,0276;0,0294;1,0697;-0,0690;1,2059;0,0937;-0,0266;
13,4430;0,0413;1,1054;-0,0316;0,0294;1,0697;-0,0690;1,2059;0,0937;-0,0266;
13,4640;0,0415;1,0972;-0,0365;0,0294;1,0697;-0,0690;1,2059;0,0937;-0,0266;
13,4860;0,0391;1,0907;-0,0387;0,0294;1,0697;-0,0690;1,2059;0,0937;-0,0266;
13,5110;0,0391;1,0907;-0,0387;0,0294;1,0697;-0,0690;1,2059;0,0937;-0,0266;
13,5130;0,0391;1,0907;-0,0387;0,0294;1,0697;-0,0690;1,2059;0,0937;-0,0266;
13,5150;0,0391;1,0907;-0,0387;0,0294;1,0697;-0,0690;1,0120;-0,2344;-0,0170;
13,5170;0,0413;1,0780;-0,0429;0,0294;1,0697;-0,0690;1,0120;-0,2344;-0,0170;
13,5180;0,0413;1,0780;-0,0429;0,0394;0,7673;-0,1917;1,0120;-0,2344;-0,0170;
13,5200;0,0413;1,0780;-0,0429;0,0394;0,7673;-0,1917;1,0120;-0,2344;-0,0170;
13,5270;0,0398;1,0715;-0,0465;0,0394;0,7673;-0,1917;1,0120;-0,2344;-0,0170;
13,5460;0,0408;1,0594;-0,0489;0,0394;0,7673;-0,1917;1,0120;-0,2344;-0,0170;
13,5690;0,0388;1,0521;-0,0458;0,0394;0,7673;-0,1917;1,0120;-0,2344;-0,0170;
13,5950;0,0387;1,0423;-0,0439;0,0394;0,7673;-0,1917;1,0120;-0,2344;-0,0170;
13,6120;0,0381;1,0359;-0,0442;0,0394;0,7673;-0,1917;1,0120;-0,2344;-0,0170;
13,6380;0,0402;1,0289;-0,0467;0,0394;0,7673;-0,1917;1,0120;-0,2344;-0,0170;
13,6400;0,0402;1,0289;-0,0467;0,0394;0,7673;-0,1917;1,0120;-0,2344;-0,0170;
13,6570;0,0375;1,0203;-0,0475;0,0394;0,7673;-0,1917;1,0120;-0,2344;-0,0170;
13,6780;0,0391;1,0155;-0,0504;0,0394;0,7673;-0,1917;1,0120;-0,2344;-0,0170;
13,7040;0,0391;1,0155;-0,0504;0,0394;0,7673;-0,1917;1,0120;-0,2344;-0,0170;
13,7070;0,0391;1,0155;-0,0504;0,0394;0,7673;-0,1917;1,0120;-0,2344;-0,0170;
13,7090;0,0391;1,0155;-0,0504;0,0394;0,7673;-0,1917;0,1704;0,2131;-0,0224;
13,7110;0,0358;1,0152;-0,0545;0,0394;0,7673;-0,1917;0,1704;0,2131;-0,0224;
13,7130;0,0358;1,0152;-0,0545;-0,0132;0,1536;-0,2423;0,1704;0,2131;-0,0224;
13,7150;0,0358;1,0152;-0,0545;-0,0132;0,1536;-0,2423;0,1704;0,2131;-0,0224;
13,7210;0,0348;1,0120;-0,0655;-0,0132;0,1536;-0,2423;0,1704;0,2131;-0,0224;
13,7370;0,0336;1,0137;-0,0677;-0,0132;0,1536;-0,2423;0,1704;0,2131;-0,0224;
13,7600;0,0363;1,0151;-0,0691;-0,0132;0,1536;-0,2423;0,1704;0,2131;-0,0224;
13,7840;0,0357;1,0201;-0,0684;-0,0132;0,1536;-0,2423;0,1704;0,2131;-0,0224;
13,8090;0,0346;1,0244;-0,0705;-0,0132;0,1536;-0,2423;0,1704;0,2131;-0,0224;
13,8290;0,0358;1,0309;-0,0654;-0,0132;0,1536;-0,2423;0,1704;0,2131;-0,0224;
13,8480;0,0355;1,0379;-0,0613;-0,0132;0,1536;-0,2423;0,1704;0,2131;-0,0224;
13,8710;0,0371;1,0500;-0,0537;-0,0132;0,1536;-0,2423;0,1704;0,2131;-0,0224;
13,8950;0,0371;1,0500;-0,0537;-0,0132;0,1536;-0,2423;-0,8096;-0,1555;0,0277;
13,8970;0,0381;1,0577;-0,0501;-0,0132;0,1536;-0,2423;-0,8096;-0,1555;0,0277;
13,8990;0,0381;1,0577;-0,0501;-0,0132;0,1536;-0,2423;-0,8096;-0,1555;0,0277;
13,9000;0,0381;1,0577;-0,0501;-0,0132;0,1536;-0,2423;-0,8096;-0,1555;0,0277;
13,9030;0,0381;1,0577;-0,0501;0,0013;0,4948;-0,2333;-0,8096;-0,1555;0,0277;
13,9050;0,0381;1,0577;-0,0501;0,0013;0,4948;-0,2333;-0,8096;-0,1555;0,0277;
13,9310;0,0374;1,0673;-0,0446;0,0013;0,4948;-0,2333;-0,8096;-0,1555;0,0277;
13,9320;0,0381;1,0770;-0,0410;0,0013;0,4948;-0,2333;-0,8096;-0,1555;0,0277;
13,9500;0,0408;1,0853;-0,0464;0,0013;0,4948;-0,2333;-0,8096;-0,1555;0,0277;
13,9720;0,0409;1,0939;-0,0407;0,0013;0,4948;-0,2333;-0,8096;-0,1555;0,0277;
13,9930;0,0423;1,1000;-0,0368;0,0013;0,4948;-0,2333;-0,8096;-0,1555;0,0277;
14,0190;0,0418;1,1074;-0,0375;0,0013;0,4948;-0,2333;-0,8096;-0,1555;0,0277;
14,0370;0,0443;1,1133;-0,0326;0,0013;0,4948;-0,2333;-0,8096;-0,1555;0,0277;
14,0600;0,0437;1,1143;-0,0227;0,0013;0,4948;-0,2333;-0,8096;-0,1555;0,0277;
14,0860;0,0437;1,1143;-0,0227;0,0013;0,4948;-0,2333;-0,8096;-0,1555;0,0277;
14,0880;0,0437;1,1143;-0,0227;0,0013;0,4948;-0,2333;-0,8096;-0,1555;0,0277;
14,0900;0,0437;1,1143;-0,0227;0,0013;0,4948;-0,2333;-1,2176;0,1246;0,0415;
14,0920;0,0434;1,1159;-0,0182;0,0013;0,4948;-0,2333;-1,2176;0,1246;0,0415;
14,0940;0,0434;1,1159;-0,0182;0,0602;1,1382;0,0459;-1,2176;0,1246;0,0415;
14,0960;0,0434;1,1159;-0,0182;0,0602;1,1382;0,0459;-1,2176;0,1246;0,0415;
14,1040;0,0432;1,1166;-0,0125;0,0602;1,1382;0,0459;-1,2176;0,1246;0,0415;
14,1270;0,0421;1,1159;-0,0120;0,0602;1,1382;0,0459;-1,2176;0,1246;0,0415;
14,1480;0,0398;1,1112;-0,0075;0,0602;1,1382;0,0459;-1,2176;0,1246;0,0415;
14,1700;0,0407;1,1044;-0,0118;0,0602;1,1382;0,0459;-1,2176;0,1246;0,0415;
14,1900;0,0409;1,0993;-0,0089;0,0602;1,1382;0,0459;-1,2176;0,1246;0,0415;
14,2140;0,0384;1,0905;-0,0086;0,0602;1,1382;0,0459;-1,2176;0,1246;0,0415;
14,2330;0,0406;1,0809;-0,0086;0,0602;1,1382;0,0459;-1,2176;0,1246;0,0415;
14,2530;0,0399;1,0757;-0,0059;0,0602;1,1382;0,0459;-1,2176;0,1246;0,0415;
14,2790;0,0386;1,0621;0,0028;0,0602;1,1382;0,0459;-1,2176;0,1246;0,0415;
14,2820;0,0386;1,0621;0,0028;0,0602;1,1382;0,0459;-1,2176;0,1246;0,0415;
14,2840;0,0386;1,0621;0,0028;0,0602;1,1382;0,0459;-0,8778;0,0266;0,0149;
14,2860;0,0386;1,0621;0,0028;0,0602;1,1382;0,0459;-0,8778;0,0266;0,0149;
14,2930;0,0386;1,0621;0,0028;0,0602;1,1382;0,0459;-0,8778;0,0266;0,0149;
14,2950;0,0386;1,0621;0,0028;0,0104;0,6100;0,1610;-0,8778;0,0266;0,0149;
14,2960;0,0386;1,0621;0,0028;0,0104;0,6100;0,1610;-0,8778;0,0266;0,0149;
14,2980;0,0354;1,0559;0,0066;0,0104;0,6100;0,1610;-0,8778;0,0266;0,0149;
14,3140;0,0363;1,0481;0,0137;0,0104;0,6100;0,1610;-0,8778;0,0266;0,0149;
14,3370;0,0391;1,0352;0,0220;0,0104;0,6100;0,1610;-0,8778;0,0266;0,0149;
14,3560;0,0391;1,0291;0,0246;0,0104;0,6100;0,1610;-0,8778;0,0266;0,0149;
14,3820;0,0392;1,0227;0,0260;0,0104;0,6100;0,1610;-0,8778;0,0266;0,0149;
14,4040;0,0408;1,0196;0,0281;0,0104;0,6100;0,1610;-0,8778;0,0266;0,0149;
14,4240;0,0420;1,0144;0,0260;0,0104;0,6100;0,1610;-0,8778;0,0266;0,0149;
14,4450;0,0437;1,0185;0,0333;0,0104;0,6100;0,1610;-0,8778;0,0266;0,0149;
14,4730;0,0406;1,0140;0,0322;0,0104;0,6100;0,1610;-0,8778;0,0266;0,0149;
14,4750;0,0406;1,0140;0,0322;0,0104;0,6100;0,1610;-0,8778;0,0266;0,0149;
14,4760;0,0406;1,0140;0,0322;0,0104;0,6100;0,1610;0,0362;-0,1012;0,0075;
14,4780;0,0406;1,0140;0,0322;0,0104;0,6100;0,1610;0,0362;-0,1012;0,0075;
14,4800;0,0406;1,0140;0,0322;0,0104;0,6100;0,1610;0,0362;-0,1012;0,0075;
14,4820;0,0406;1,0140;0,0322;0,0291;0,1377;0,3888;0,0362;-0,1012;0,0075;
14,4850;0,0406;1,0140;0,0322;0,0291;0,1377;0,3888;0,0362;-0,1012;0,0075;
14,4880;0,0393;1,0170;0,0326;0,0291;0,1377;0,3888;0,0362;-0,1012;0,0075;
14,5040;0,0425;1,0234;0,0300;0,0291;0,1377;0,3888;0,0362;-0,1012;0,0075;
14,5260;0,0432;1,0238;0,0338;0,0291;0,1377;0,3888;0,0362;-0,1012;0,0075;
14,5500;0,0423;1,0304;0,0316;0,0291;0,1377;0,3888;0,0362;-0,1012;0,0075;
14,5700;0,0408;1,0360;0,0282;0,0291;0,1377;0,3888;0,0362;-0,1012;0,0075;
14,5910;0,0419;1,0438;0,0276;0,0291;0,1377;0,3888;0,0362;-0,1012;0,0075;
14,6110;0,0401;1,0556;0,0186;0,0291;0,1377;0,3888;0,0362;-0,1012;0,0075;
14,6330;0,0387;1,0608;0,0144;0,0291;0,1377;0,3888;0,0362;-0,1012;0,0075;
14,6570;0,0387;1,0608;0,0144;0,0291;0,1377;0,3888;0,0362;-0,1012;0,0075;
14,6570;0,0387;1,0608;0,0144;0,0291;0,1377;0,3888;0,0362;-0,1012;0,0075;
14,6580;0,0387;1,0608;0,0144;0,0291;0,1377;0,3888;0,9236;0,2099;-0,0362;
14,6590;0,0413;1,0727;0,0035;0,0291;0,1377;0,3888;0,9236;0,2099;-0,0362;
14,6600;0,0413;1,0727;0,0035;0,0353;0,7136;0,1144;0,9236;0,2099;-0,0362;
14,6600;0,0413;1,0727;0,0035;0,0353;0,7136;0,1144;0,9236;0,2099;-0,0362;
14,6760;0,0406;1,0786;0,0018;0,0353;0,7136;0,1144;0,9236;0,2099;-0,0362;
14,6970;0,0406;1,0888;-0,0029;0,0353;0,7136;0,1144;0,9236;0,2099;-0,0362;
14,7210;0,0371;1,0964;-0,0097;0,0353;0,7136;0,1144;0,9236;0,2099;-0,0362;
14,7420;0,0386;1,1001;-0,0092;0,0353;0,7136;0,1144;0,9236;0,2099;-0,0362;
14,7650;0,0386;1,1067;-0,0153;0,0353;0,7136;0,1144;0,9236;0,2099;-0,0362;
14,7880;0,0386;1,1115;-0,0169;0,0353;0,7136;0,1144;0,9236;0,2099;-0,0362;
14,8080;0,0393;1,1138;-0,0189;0,0353;0,7136;0,1144;0,9236;0,2099;-0,0362;
14,8310;0,0407;1,1149;-0,0220;0,0353;0,7136;0,1144;0,9236;0,2099;-0,0362;
14,8550;0,0413;1,1142;-0,0219;0,0353;0,7136;0,1144;0,9236;0,2099;-0,0362;
14,8570;0,0413;1,1142;-0,0219;0,0353;0,7136;0,1144;1,1729;-0,2738;-0,0011;
14,8580;0,0413;1,1142;-0,0219;0,0353;0,7136;0,1144;1,1729;-0,2738;-0,0011;
14,8600;0,0413;1,1142;-0,0219;0,0325;1,1273;-0,0629;1,1729;-0,2738;-0,0011;
14,8670;0,0413;1,1142;-0,0219;0,0325;1,1273;-0,0629;1,1729;-0,2738;-0,0011;
14,8690;0,0413;1,1142;-0,0219;0,0325;1,1273;-0,0629;1,1729;-0,2738;-0,0011;
14,8700;0,0413;1,1142;-0,0219;0,0325;1,1273;-0,0629;1,1729;-0,2738;-0,0011;
14,8720;0,0420;1,1078;-0,0272;0,0325;1,1273;-0,0629;1,1729;-0,2738;-0,0011;
14,8910;0,0424;1,1056;-0,0280;0,0325;1,1273;-0,0629;1,1729;-0,2738;-0,0011;
14,9150;0,0441;1,1006;-0,0343;0,0325;1,1273;-0,0629;1,1729;-0,2738;-0,0011;
14,9380;0,0420;1,0922;-0,0337;0,0325;1,1273;-0,0629;1,1729;-0,2738;-0,0011;
14,9590;0,0408;1,0845;-0,0353;0,0325;1,1273;-0,0629;1,1729;-0,2738;-0,0011;
14,9790;0,0408;1,0770;-0,0355;0,0325;1,1273;-0,0629;1,1729;-0,2738;-0,0011;
15,0000;0,0399;1,0692;-0,0354;0,0325;1,1273;-0,0629;1,1729;-0,2738;-0,0011;
15,0230;0,0428;1,0566;-0,0376;0,0325;1,1273;-0,0629;1,1729;-0,2738;-0,0011;
15,0470;0,0428;1,0566;-0,0376;0,0325;1,1273;-0,0629;1,1729;-0,2738;-0,0011;
15,0490;0,0428;1,0566;-0,0376;0,0325;1,1273;-0,0629;1,1729;-0,2738;-0,0011;
15,0520;0,0428;1,0566;-0,0376;0,0325;1,1273;-0,0629;0,7084;0,1214;-0,0383;
15,0540;0,0402;1,0482;-0,0360;0,0325;1,1273;-0,0629;0,7084;0,1214;-0,0383;
15,0560;0,0402;1,0482;-0,0360;0,0278;0,4754;-0,1168;0,7084;0,1214;-0,0383;
15,0580;0,0402;1,0482;-0,0360;0,0278;0,4754;-0,1168;0,7084;0,1214;-0,0383;
15,0650;0,0358;1,0421;-0,0445;0,0278;0,4754;-0,1168;0,7084;0,1214;-0,0383;
15,0820;0,0375;1,0332;-0,0491;0,0278;0,4754;-0,1168;0,7084;0,1214;-0,0383;
15,1040;0,0363;1,0291;-0,0558;0,0278;0,4754;-0,1168;0,7084;0,1214;-0,0383;
15,1250;0,0362;1,0244;-0,0605;0,0278;0,4754;-0,1168;0,7084;0,1214;-0,0383;
15,1500;0,0357;1,0173;-0,0638;0,0278;0,4754;-0,1168;0,7084;0,1214;-0,0383;
15,1710;0,0368;1,0184;-0,0638;0,0278;0,4754;-0,1168;0,7084;0,1214;-0,0383;
15,1910;0,0370;1,0166;-0,0649;0,0278;0,4754;-0,1168;0,7084;0,1214;-0,0383;
15,2120;0,0355;1,0189;-0,0627;0,0278;0,4754;-0,1168;0,7084;0,1214;-0,0383;
15,2380;0,0355;1,0189;-0,0627;0,0278;0,4754;-0,1168;0,7084;0,1214;-0,0383;
15,2400;0,0355;1,0189;-0,0627;0,0278;0,4754;-0,1168;0,7084;0,1214;-0,0383;
15,2430;0,0355;1,0189;-0,0627;0,0278;0,4754;-0,1168;-0,2269;-0,0096;0,0032;
15,2450;0,0338;1,0185;-0,0634;0,0278;0,4754;-0,1168;-0,2269;-0,0096;0,0032;
15,2470;0,0338;1,0185;-0,0634;-0,0314;0,1855;-0,3403;-0,2269;-0,0096;0,0032;
15,2710;0,0338;1,0185;-0,0634;-0,0314;0,1855;-0,3403;-0,2269;-0,0096;0,0032;
15,2720;0,0354;1,0214;-0,0603;-0,0314;0,1855;-0,3403;-0,2269;-0,0096;0,0032;
15,4290;0,0354;1,0214;-0,0603;-0,0314;0,1855;-0,3403;-0,2269;-0,0096;0,0032;
15,4320;0,0354;1,0214;-0,0603;-0,0314;0,1855;-0,3403;-0,2269;-0,0096;0,0032;
15,4340;0,0354;1,0214;-0,0603;-0,0314;0,1855;-0,3403;-0,9790;-0,0959;0,0490;
15,4350;0,0424;1,0847;-0,0375;-0,0314;0,1855;-0,3403;-0,9790;-0,0959;0,0490;
15,4370;0,0424;1,0847;-0,0375;0,0524;0,8337;-0,1113;-0,9790;-0,0959;0,0490;
15,4390;0,0424;1,0847;-0,0375;0,0524;0,8337;-0,1113;-0,9790;-0,0959;0,0490;
15,6160;0,0424;1,0847;-0,0375;0,0524;0,8337;-0,1113;-0,9790;-0,0959;0,0490;
15,6180;0,0424;1,0847;-0,0375;0,0524;0,8337;-0,1113;-0,9790;-0,0959;0,0490;
15,6200;0,0424;1,0847;-0,0375;0,0524;0,8337;-0,1113;-1,1047;0,1960;0,0138;
15,6220;0,0402;1,1043;-0,0231;0,0524;0,8337;-0,1113;-1,1047;0,1960;0,0138;
15,6230;0,0402;1,1043;-0,0231;0,0260;1,0236;-0,0499;-1,1047;0,1960;0,0138;
15,6250;0,0402;1,1043;-0,0231;0,0260;1,0236;-0,0499;-1,1047;0,1960;0,0138;
15,8070;0,0402;1,1043;-0,0231;0,0260;1,0236;-0,0499;-1,1047;0,1960;0,0138;
15,8100;0,0402;1,1043;-0,0231;0,0260;1,0236;-0,0499;-1,1047;0,1960;0,0138;
15,8120;0,0402;1,1043;-0,0231;0,0260;1,0236;-0,0499;-0,5667;-0,1545;0,0288;
15,8140;0,0397;1,0389;0,0139;0,0260;1,0236;-0,0499;-0,5667;-0,1545;0,0288;
15,8160;0,0397;1,0389;0,0139;0,0199;0,3821;0,2333;-0,5667;-0,1545;0,0288;
15,8170;0,0397;1,0389;0,0139;0,0199;0,3821;0,2333;-0,5667;-0,1545;0,0288;
15,9950;0,0397;1,0389;0,0139;0,0199;0,3821;0,2333;0,3377;0,1395;-0,0224;
15,9970;0,0402;1,0261;0,0305;0,0199;0,3821;0,2333;0,3377;0,1395;-0,0224;
15,9990;0,0402;1,0261;0,0305;0,0199;0,3821;0,2333;0,3377;0,1395;-0,0224;
16,0010;0,0402;1,0261;0,0305;0,0199;0,3821;0,2333;0,3377;0,1395;-0,0224;
16,0030;0,0402;1,0261;0,0305;0,0169;0,3820;0,1977;0,3377;0,1395;-0,0224;
16,0050;0,0402;1,0261;0,0305;0,0169;0,3820;0,1977;0,3377;0,1395;-0,0224;
16,1880;0,0402;1,0261;0,0305;0,0169;0,3820;0,1977;0,3377;0,1395;-0,0224;
16,1910;0,0402;1,0261;0,0305;0,0169;0,3820;0,1977;0,3377;0,1395;-0,0224;
16,1930;0,0402;1,0261;0,0305;0,0169;0,3820;0,1977;1,0024;-0,0575;-0,0117;
16,1950;0,0398;1,0885;-0,0079;0,0169;0,3820;0,1977;1,0024;-0,0575;-0,0117;
16,1970;0,0398;1,0885;-0,0079;0,0202;0,8682;0,0160;1,0024;-0,0575;-0,0117;
16,1980;0,0398;1,0885;-0,0079;0,0202;0,8682;0,0160;1,0024;-0,0575;-0,0117;
16,3710;0,0398;1,0885;-0,0079;0,0202;0,8682;0,0160;1,0024;-0,0575;-0,0117;
16,3730;0,0398;1,0885;-0,0079;0,0202;0,8682;0,0160;1,0024;-0,0575;-0,0117;
16,3750;0,0398;1,0885;-0,0079;0,0202;0,8682;0,0160;1,0557;-0,1332;-0,0320;
16,3770;0,0410;1,1008;-0,0249;0,0202;0,8682;0,0160;1,0557;-0,1332;-0,0320;
16,3780;0,0410;1,1008;-0,0249;0,0335;0,9901;-0,0718;1,0557;-0,1332;-0,0320;
16,3800;0,0410;1,1008;-0,0249;0,0335;0,9901;-0,0718;1,0557;-0,1332;-0,0320;
16,5610;0,0410;1,1008;-0,0249;0,0335;0,9901;-0,0718;1,0557;-0,1332;-0,0320;
16,5630;0,0410;1,1008;-0,0249;0,0335;0,9901;-0,0718;1,0557;-0,1332;-0,0320;
16,5660;0,0410;1,1008;-0,0249;0,0335;0,9901;-0,0718;0,4943;0,1523;-0,0234;
16,5690;0,0381;1,0335;-0,0573;0,0335;0,9901;-0,0718;0,4943;0,1523;-0,0234;
16,5710;0,0381;1,0335;-0,0573;0,0077;0,3319;-0,3161;0,4943;0,1523;-0,0234;
16,5730;0,0381;1,0335;-0,0573;0,0077;0,3319;-0,3161;0,4943;0,1523;-0,0234;
16,6800;0,0370;1,0178;-0,0610;0,0077;0,3319;-0,3161;0,4943;0,1523;-0,0234;
16,6850;0,0370;1,0178;-0,0610;0,0077;0,3319;-0,3161;0,4943;0,1523;-0,0234;
16,6870;0,0370;1,0178;-0,0610;0,0077;0,3319;-0,3161;0,4943;0,1523;-0,0234;
16,6890;0,0370;1,0178;-0,0610;0,0077;0,3319;-0,3161;0,4943;0,1523;-0,0234;
16,6920;0,0370;1,0178;-0,0610;0,0077;0,3319;-0,3161;0,4943;0,1523;-0,0234;
16,6940;0,0346;1,0183;-0,0589;0,0077;0,3319;-0,3161;0,4943;0,1523;-0,0234;
16,7170;0,0365;1,0218;-0,0591;0,0077;0,3319;-0,3161;0,4943;0,1523;-0,0234;
16,7250;0,0365;1,0269;-0,0562;0,0077;0,3319;-0,3161;0,4943;0,1523;-0,0234;
16,7440;0,0365;1,0269;-0,0562;0,0077;0,3319;-0,3161;0,4943;0,1523;-0,0234;
16,7450;0,0365;1,0269;-0,0562;0,0077;0,3319;-0,3161;0,4943;0,1523;-0,0234;
16,7460;0,0365;1,0269;-0,0562;0,0077;0,3319;-0,3161;-0,3984;-0,1672;0,0234;
16,7470;0,0381;1,0321;-0,0585;0,0077;0,3319;-0,3161;-0,3984;-0,1672;0,0234;
16,7470;0,0381;1,0321;-0,0585;0,0098;0,3182;-0,2995;-0,3984;-0,1672;0,0234;
16,7480;0,0381;1,0321;-0,0585;0,0098;0,3182;-0,2995;-0,3984;-0,1672;0,0234;
16,7600;0,0380;1,0352;-0,0552;0,0098;0,3182;-0,2995;-0,3984;-0,1672;0,0234;
16,7870;0,0358;1,0394;-0,0512;0,0098;0,3182;-0,2995;-0,3984;-0,1672;0,0234;
16,8050;0,0380;1,0495;-0,0496;0,0098;0,3182;-0,2995;-0,3984;-0,1672;0,0234;
16,8250;0,0391;1,0583;-0,0461;0,0098;0,3182;-0,2995;-0,3984;-0,1672;0,0234;
16,8460;0,0403;1,0647;-0,0445;0,0098;0,3182;-0,2995;-0,3984;-0,1672;0,0234;
16,8690;0,0397;1,0732;-0,0424;0,0098;0,3182;-0,2995;-0,3984;-0,1672;0,0234;
16,8930;0,0392;1,0802;-0,0368;0,0098;0,3182;-0,2995;-0,3984;-0,1672;0,0234;
16,9110;0,0428;1,0878;-0,0359;0,0098;0,3182;-0,2995;-0,3984;-0,1672;0,0234;
16,9360;0,0428;1,0878;-0,0359;0,0098;0,3182;-0,2995;-0,3984;-0,1672;0,0234;
16,9370;0,0428;1,0878;-0,0359;0,0098;0,3182;-0,2995;-0,3984;-0,1672;0,0234;
16,9390;0,0428;1,0878;-0,0359;0,0098;0,3182;-0,2995;-1,0205;0,1364;0,0245;
16,9400;0,0409;1,0974;-0,0304;0,0098;0,3182;-0,2995;-1,0205;0,1364;0,0245;
16,9420;0,0409;1,0974;-0,0304;0,0354;0,9578;-0,0626;-1,0205;0,1364;0,0245;
16,9430;0,0409;1,0974;-0,0304;0,0354;0,9578;-0,0626;-1,0205;0,1364;0,0245;
16,9540;0,0403;1,0994;-0,0311;0,0354;0,9578;-0,0626;-1,0205;0,1364;0,0245;
16,9750;0,0417;1,1043;-0,0321;0,0354;0,9578;-0,0626;-1,0205;0,1364;0,0245;
16,9970;0,0431;1,1063;-0,0299;0,0354;0,9578;-0,0626;-1,0205;0,1364;0,0245;
17,0190;0,0406;1,1052;-0,0319;0,0354;0,9578;-0,0626;-1,0205;0,1364;0,0245;
17,0350;0,0412;1,1067;-0,0279;0,0354;0,9578;-0,0626;-1,0205;0,1364;0,0245;
17,0570;0,0391;1,1039;-0,0231;0,0354;0,9578;-0,0626;-1,0205;0,1364;0,0245;
17,0780;0,0404;1,0991;-0,0204;0,0354;0,9578;-0,0626;-1,0205;0,1364;0,0245;
17,1000;0,0388;1,0963;-0,0128;0,0354;0,9578;-0,0626;-1,0205;0,1364;0,0245;
17,1240;0,0388;1,0963;-0,0128;0,0354;0,9578;-0,0626;-1,0205;0,1364;0,0245;
17,1260;0,0388;1,0963;-0,0128;0,0354;0,9578;-0,0626;-1,0205;0,1364;0,0245;
17,1280;0,0388;1,0963;-0,0128;0,0354;0,9578;-0,0626;-1,0269;-0,0426;0,0245;
17,1290;0,0395;1,0896;-0,0051;0,0354;0,9578;-0,0626;-1,0269;-0,0426;0,0245;
17,1300;0,0395;1,0896;-0,0051;0,0197;0,8797;0,1089;-1,0269;-0,0426;0,0245;
17,1310;0,0395;1,0896;-0,0051;0,0197;0,8797;0,1089;-1,0269;-0,0426;0,0245;
17,1400;0,0386;1,0840;-0,0018;0,0197;0,8797;0,1089;-1,0269;-0,0426;0,0245;
17,1610;0,0395;1,0780;0,0006;0,0197;0,8797;0,1089;-1,0269;-0,0426;0,0245;
17,1840;0,0408;1,0697;0,0072;0,0197;0,8797;0,1089;-1,0269;-0,0426;0,0245;
17,2070;0,0425;1,0622;0,0067;0,0197;0,8797;0,1089;-1,0269;-0,0426;0,0245;
17,2280;0,0404;1,0556;0,0092;0,0197;0,8797;0,1089;-1,0269;-0,0426;0,0245;
17,2500;0,0412;1,0465;0,0115;0,0197;0,8797;0,1089;-1,0269;-0,0426;0,0245;
17,2710;0,0408;1,0399;0,0162;0,0197;0,8797;0,1089;-1,0269;-0,0426;0,0245;
17,2910;0,0437;1,0346;0,0187;0,0197;0,8797;0,1089;-1,0269;-0,0426;0,0245;
17,3120;0,0437;1,0346;0,0187;0,0197;0,8797;0,1089;-0,3941;-0,0202;0,0192;
17,3130;0,0431;1,0258;0,0205;0,0197;0,8797;0,1089;-0,3941;-0,0202;0,0192;
17,3140;0,0431;1,0258;0,0205;0,0197;0,8797;0,1089;-0,3941;-0,0202;0,0192;
17,3140;0,0431;1,0258;0,0205;0,0197;0,8797;0,1089;-0,3941;-0,0202;0,0192;
17,3150;0,0431;1,0258;0,0205;0,0597;0,3402;0,2727;-0,3941;-0,0202;0,0192;
17,3160;0,0431;1,0258;0,0205;0,0597;0,3402;0,2727;-0,3941;-0,0202;0,0192;
17,3440;0,0451;1,0252;0,0253;0,0597;0,3402;0,2727;-0,3941;-0,0202;0,0192;
17,3510;0,0415;1,0227;0,0275;0,0597;0,3402;0,2727;-0,3941;-0,0202;0,0192;
17,3720;0,0413;1,0196;0,0300;0,0597;0,3402;0,2727;-0,3941;-0,0202;0,0192;
17,3930;0,0417;1,0211;0,0310;0,0597;0,3402;0,2727;-0,3941;-0,0202;0,0192;
17,4140;0,0397;1,0233;0,0274;0,0597;0,3402;0,2727;-0,3941;-0,0202;0,0192;
17,4400;0,0412;1,0249;0,0231;0,0597;0,3402;0,2727;-0,3941;-0,0202;0,0192;
17,4610;0,0417;1,0265;0,0204;0,0597;0,3402;0,2727;-0,3941;-0,0202;0,0192;
17,4830;0,0365;1,0305;0,0156;0,0597;0,3402;0,2727;-0,3941;-0,0202;0,0192;
17,5100;0,0386;1,0366;0,0101;0,0597;0,3402;0,2727;-0,3941;-0,0202;0,0192;
17,5130;0,0386;1,0366;0,0101;0,0597;0,3402;0,2727;-0,3941;-0,0202;0,0192;
17,5150;0,0386;1,0366;0,0101;0,0597;0,3402;0,2727;0,5252;0,1353;-0,0245;
17,5170;0,0386;1,0366;0,0101;0,0597;0,3402;0,2727;0,5252;0,1353;-0,0245;
17,5190;0,0386;1,0366;0,0101;0,0597;0,3402;0,2727;0,5252;0,1353;-0,0245;
17,5210;0,0386;1,0366;0,0101;0,0073;0,3592;0,1653;0,5252;0,1353;-0,0245;
17,5240;0,0386;1,0366;0,0101;0,0073;0,3592;0,1653;0,5252;0,1353;-0,0245;
17,5270;0,0390;1,0449;0,0114;0,0073;0,3592;0,1653;0,5252;0,1353;-0,0245;
17,5420;0,0404;1,0519;0,0046;0,0073;0,3592;0,1653;0,5252;0,1353;-0,0245;
17,5620;0,0379;1,0578;0,0051;0,0073;0,3592;0,1653;0,5252;0,1353;-0,0245;
17,5890;0,0398;1,0692;0,0059;0,0073;0,3592;0,1653;0,5252;0,1353;-0,0245;
17,6120;0,0401;1,0782;0,0057;0,0073;0,3592;0,1653;0,5252;0,1353;-0,0245;
17,6320;0,0384;1,0812;0,0011;0,0073;0,3592;0,1653;0,5252;0,1353;-0,0245;
17,6520;0,0388;1,0905;-0,0072;0,0073;0,3592;0,1653;0,5252;0,1353;-0,0245;
17,6750;0,0424;1,0935;-0,0078;0,0073;0,3592;0,1653;0,5252;0,1353;-0,0245;
17,6930;0,0424;1,0935;-0,0078;0,0073;0,3592;0,1653;1,0621;-0,1928;-0,0160;
17,6930;0,0409;1,0977;-0,0137;0,0073;0,3592;0,1653;1,0621;-0,1928;-0,0160;
17,6940;0,0409;1,0977;-0,0137;0,0073;0,3592;0,1653;1,0621;-0,1928;-0,0160;
17,6950;0,0409;1,0977;-0,0137;0,0073;0,3592;0,1653;1,0621;-0,1928;-0,0160;
17,6960;0,0409;1,0977;-0,0137;0,0462;0,9174;0,0355;1,0621;-0,1928;-0,0160;
17,6970;0,0409;1,0977;-0,0137;0,0462;0,9174;0,0355;1,0621;-0,1928;-0,0160;
17,7090;0,0413;1,1001;-0,0160;0,0462;0,9174;0,0355;1,0621;-0,1928;-0,0160;
17,7300;0,0408;1,1033;-0,0203;0,0462;0,9174;0,0355;1,0621;-0,1928;-0,0160;
17,7530;0,0412;1,1073;-0,0159;0,0462;0,9174;0,0355;1,0621;-0,1928;-0,0160;
17,7750;0,0423;1,1046;-0,0183;0,0462;0,9174;0,0355;1,0621;-0,1928;-0,0160;
17,7930;0,0445;1,1019;-0,0186;0,0462;0,9174;0,0355;1,0621;-0,1928;-0,0160;
17,8160;0,0436;1,0995;-0,0200;0,0462;0,9174;0,0355;1,0621;-0,1928;-0,0160;
17,8370;0,0425;1,0927;-0,0241;0,0462;0,9174;0,0355;1,0621;-0,1928;-0,0160;
17,8580;0,0396;1,0908;-0,0318;0,0462;0,9174;0,0355;1,0621;-0,1928;-0,0160;
17,8890;0,0417;1,0807;-0,0344;0,0462;0,9174;0,0355;1,0621;-0,1928;-0,0160;
17,8900;0,0417;1,0807;-0,0344;0,0462;0,9174;0,0355;1,0621;-0,1928;-0,0160;
17,8910;0,0417;1,0807;-0,0344;0,0462;0,9174;0,0355;0,9534;0,0980;-0,0405;
17,8910;0,0417;1,0807;-0,0344;0,0462;0,9174;0,0355;0,9534;0,0980;-0,0405;
17,8920;0,0417;1,0807;-0,0344;0,0462;0,9174;0,0355;0,9534;0,0980;-0,0405;
17,8930;0,0417;1,0807;-0,0344;0,0399;0,7929;-0,1451;0,9534;0,0980;-0,0405;
17,8940;0,0417;1,0807;-0,0344;0,0399;0,7929;-0,1451;0,9534;0,0980;-0,0405;
17,9020;0,0407;1,0704;-0,0382;0,0399;0,7929;-0,1451;0,9534;0,0980;-0,0405;
17,9270;0,0384;1,0662;-0,0456;0,0399;0,7929;-0,1451;0,9534;0,0980;-0,0405;
17,9450;0,0377;1,0594;-0,0486;0,0399;0,7929;-0,1451;0,9534;0,0980;-0,0405;
17,9720;0,0382;1,0515;-0,0536;0,0399;0,7929;-0,1451;0,9534;0,0980;-0,0405;
17,9890;0,0373;1,0448;-0,0564;0,0399;0,7929;-0,1451;0,9534;0,0980;-0,0405;
18,0140;0,0358;1,0379;-0,0567;0,0399;0,7929;-0,1451;0,9534;0,0980;-0,0405;
18,0380;0,0360;1,0301;-0,0563;0,0399;0,7929;-0,1451;0,9534;0,0980;-0,0405;
18,0490;0,0349;1,0278;-0,0584;0,0399;0,7929;-0,1451;0,9534;0,0980;-0,0405;
18,0750;0,0349;1,0278;-0,0584;0,0399;0,7929;-0,1451;0,9534;0,0980;-0,0405;
18,0750;0,0349;1,0278;-0,0584;0,0399;0,7929;-0,1451;0,9534;0,0980;-0,0405;
18,0760;0,0349;1,0278;-0,0584;0,0399;0,7929;-0,1451;0,2216;-0,0586;0,0011;
18,0770;0,0368;1,0252;-0,0547;0,0399;0,7929;-0,1451;0,2216;-0,0586;0,0011;
18,0780;0,0368;1,0252;-0,0547;-0,0052;0,2509;-0,2769;0,2216;-0,0586;0,0011;
18,0780;0,0368;1,0252;-0,0547;-0,0052;0,2509;-0,2769;0,2216;-0,0586;0,0011;
18,0930;0,0364;1,0211;-0,0586;-0,0052;0,2509;-0,2769;0,2216;-0,0586;0,0011;
18,1160;0,0369;1,0199;-0,0569;-0,0052;0,2509;-0,2769;0,2216;-0,0586;0,0011;
18,1400;0,0376;1,0212;-0,0578;-0,0052;0,2509;-0,2769;0,2216;-0,0586;0,0011;
18,1570;0,0357;1,0202;-0,0600;-0,0052;0,2509;-0,2769;0,2216;-0,0586;0,0011;
18,1800;0,0371;1,0254;-0,0546;-0,0052;0,2509;-0,2769;0,2216;-0,0586;0,0011;
18,2050;0,0384;1,0307;-0,0572;-0,0052;0,2509;-0,2769;0,2216;-0,0586;0,0011;
18,2260;0,0387;1,0348;-0,0520;-0,0052;0,2509;-0,2769;0,2216;-0,0586;0,0011;
18,2470;0,0421;1,0407;-0,0476;-0,0052;0,2509;-0,2769;0,2216;-0,0586;0,0011;
18,2720;0,0421;1,0407;-0,0476;-0,0052;0,2509;-0,2769;0,2216;-0,0586;0,0011;
18,2740;0,0421;1,0407;-0,0476;-0,0052;0,2509;-0,2769;0,2216;-0,0586;0,0011;
18,2760;0,0421;1,0407;-0,0476;-0,0052;0,2509;-0,2769;-0,6360;-0,0085;0,0245;
18,2770;0,0397;1,0489;-0,0451;-0,0052;0,2509;-0,2769;-0,6360;-0,0085;0,0245;
18,2790;0,0397;1,0489;-0,0451;0,0236;0,4834;-0,1713;-0,6360;-0,0085;0,0245;
18,2820;0,0397;1,0489;-0,0451;0,0236;0,4834;-0,1713;-0,6360;-0,0085;0,0245;
18,2880;0,0408;1,0552;-0,0426;0,0236;0,4834;-0,1713;-0,6360;-0,0085;0,0245;
18,3040;0,0391;1,0615;-0,0402;0,0236;0,4834;-0,1713;-0,6360;-0,0085;0,0245;
18,3300;0,0408;1,0719;-0,0419;0,0236;0,4834;-0,1713;-0,6360;-0,0085;0,0245;
18,3500;0,0414;1,0782;-0,0393;0,0236;0,4834;-0,1713;-0,6360;-0,0085;0,0245;
18,3700;0,0396;1,0872;-0,0414;0,0236;0,4834;-0,1713;-0,6360;-0,0085;0,0245;
18,3930;0,0386;1,0919;-0,0393;0,0236;0,4834;-0,1713;-0,6360;-0,0085;0,0245;
18,4150;0,0406;1,0927;-0,0408;0,0236;0,4834;-0,1713;-0,6360;-0,0085;0,0245;
18,4360;0,0404;1,0990;-0,0425;0,0236;0,4834;-0,1713;-0,6360;-0,0085;0,0245;
18,4630;0,0404;1,0990;-0,0425;0,0236;0,4834;-0,1713;-0,6360;-0,0085;0,0245;
18,4650;0,0404;1,0990;-0,0425;0,0236;0,4834;-0,1713;-0,6360;-0,0085;0,0245;
18,4670;0,0404;1,0990;-0,0425;0,0236;0,4834;-0,1713;-1,0653;0,1023;0,0160;
18,4690;0,0410;1,1021;-0,0362;0,0236;0,4834;-0,1713;-1,0653;0,1023;0,0160;
18,4720;0,0410;1,1021;-0,0362;0,0346;1,0029;-0,1375;-1,0653;0,1023;0,0160;
18,4740;0,0410;1,1021;-0,0362;0,0346;1,0029;-0,1375;-1,0653;0,1023;0,0160;
18,4800;0,0407;1,1028;-0,0308;0,0346;1,0029;-0,1375;-1,0653;0,1023;0,0160;
18,5000;0,0386;1,1032;-0,0222;0,0346;1,0029;-0,1375;-1,0653;0,1023;0,0160;
18,5230;0,0413;1,0995;-0,0232;0,0346;1,0029;-0,1375;-1,0653;0,1023;0,0160;
18,5440;0,0421;1,0984;-0,0193;0,0346;1,0029;-0,1375;-1,0653;0,1023;0,0160;
18,5630;0,0376;1,0946;-0,0134;0,0346;1,0029;-0,1375;-1,0653;0,1023;0,0160;
18,6090;0,0403;1,0889;-0,0095;0,0346;1,0029;-0,1375;-1,0653;0,1023;0,0160;
18,6100;0,0412;1,0829;-0,0066;0,0346;1,0029;-0,1375;-1,0653;0,1023;0,0160;
18,6110;0,0412;1,0829;-0,0066;0,0346;1,0029;-0,1375;-1,0653;0,1023;0,0160;
18,6230;0,0419;1,0768;-0,0039;0,0346;1,0029;-0,1375;-1,0653;0,1023;0,0160;
18,6470;0,0419;1,0768;-0,0039;0,0346;1,0029;-0,1375;-1,0653;0,1023;0,0160;
18,6480;0,0419;1,0768;-0,0039;0,0346;1,0029;-0,1375;-1,0653;0,1023;0,0160;
18,6490;0,0419;1,0768;-0,0039;0,0346;1,0029;-0,1375;-0,8480;-0,1129;0,0394;
18,6490;0,0406;1,0676;0,0002;0,0346;1,0029;-0,1375;-0,8480;-0,1129;0,0394;
18,6500;0,0406;1,0676;0,0002;0,0283;0,6640;0,1420;-0,8480;-0,1129;0,0394;
18,6680;0,0406;1,0676;0,0002;0,0283;0,6640;0,1420;-0,8480;-0,1129;0,0394;
18,6690;0,0418;1,0652;0,0055;0,0283;0,6640;0,1420;-0,8480;-0,1129;0,0394;
18,6850;0,0409;1,0550;0,0116;0,0283;0,6640;0,1420;-0,8480;-0,1129;0,0394;
18,7070;0,0420;1,0499;0,0153;0,0283;0,6640;0,1420;-0,8480;-0,1129;0,0394;
18,7270;0,0404;1,0427;0,0221;0,0283;0,6640;0,1420;-0,8480;-0,1129;0,0394;
18,7490;0,0424;1,0382;0,0209;0,0283;0,6640;0,1420;-0,8480;-0,1129;0,0394;
18,7740;0,0425;1,0329;0,0224;0,0283;0,6640;0,1420;-0,8480;-0,1129;0,0394;
18,7970;0,0434;1,0267;0,0239;0,0283;0,6640;0,1420;-0,8480;-0,1129;0,0394;
18,8180;0,0418;1,0252;0,0224;0,0283;0,6640;0,1420;-0,8480;-0,1129;0,0394;
18,8430;0,0418;1,0252;0,0224;0,0283;0,6640;0,1420;-0,8480;-0,1129;0,0394;
18,8450;0,0418;1,0252;0,0224;0,0283;0,6640;0,1420;-0,8480;-0,1129;0,0394;
18,8470;0,0418;1,0252;0,0224;0,0283;0,6640;0,1420;-0,0810;0,1076;-0,0053;
18,8490;0,0409;1,0224;0,0231;0,0283;0,6640;0,1420;-0,0810;0,1076;-0,0053;
18,8510;0,0409;1,0224;0,0231;0,0287;0,2205;0,3075;-0,0810;0,1076;-0,0053;
18,8540;0,0409;1,0224;0,0231;0,0287;0,2205;0,3075;-0,0810;0,1076;-0,0053;
18,8600;0,0404;1,0230;0,0214;0,0287;0,2205;0,3075;-0,0810;0,1076;-0,0053;
18,8770;0,0388;1,0228;0,0191;0,0287;0,2205;0,3075;-0,0810;0,1076;-0,0053;
18,8990;0,0390;1,0257;0,0211;0,0287;0,2205;0,3075;-0,0810;0,1076;-0,0053;
18,9190;0,0396;1,0299;0,0167;0,0287;0,2205;0,3075;-0,0810;0,1076;-0,0053;
18,9470;0,0385;1,0341;0,0149;0,0287;0,2205;0,3075;-0,0810;0,1076;-0,0053;
18,9620;0,0407;1,0381;0,0184;0,0287;0,2205;0,3075;-0,0810;0,1076;-0,0053;
18,9840;0,0833;1,0597;0,2350;0,0287;0,2205;0,3075;-0,0810;0,1076;-0,0053;
19,0050;0,2339;1,0225;1,0547;0,0287;0,2205;0,3075;-0,0810;0,1076;-0,0053;
19,0290;0,2339;1,0225;1,0547;0,0287;0,2205;0,3075;-0,0810;0,1076;-0,0053;
19,0300;0,2339;1,0225;1,0547;0,0287;0,2205;0,3075;-0,0810;0,1076;-0,0053;
19,0310;0,2339;1,0225;1,0547;0,0287;0,2205;0,3075;0,7872;1,2400;0,0000;
19,0320;-0,1030;1,0556;-0,0349;0,0287;0,2205;0,3075;0,7872;1,2400;0,0000;
19,0330;-0,1030;1,0556;-0,0349;-1,3809;0,5461;-0,2603;0,7872;1,2400;0,0000;
19,0330;-0,1030;1,0556;-0,0349;-1,3809;0,5461;-0,2603;0,7872;1,2400;0,0000;
19,0480;-0,0522;1,0189;-0,1313;-1,3809;0,5461;-0,2603;0,7872;1,2400;0,0000;
19,0690;-0,0406;1,0366;0,0166;-1,3809;0,5461;-0,2603;0,7872;1,2400;0,0000;
19,0970;0,1109;1,0715;0,3057;-1,3809;0,5461;-0,2603;0,7872;1,2400;0,0000;
19,1180;0,1051;1,0681;0,3547;-1,3809;0,5461;-0,2603;0,7872;1,2400;0,0000;
19,1400;0,0194;1,0332;0,3359;-1,3809;0,5461;-0,2603;0,7872;1,2400;0,0000;
19,1590;0,0336;1,0328;0,2927;-1,3809;0,5461;-0,2603;0,7872;1,2400;0,0000;
19,1800;0,0310;1,0423;0,2042;-1,3809;0,5461;-0,2603;0,7872;1,2400;0,0000;
19,2040;0,0139;1,0449;0,1230;-1,3809;0,5461;-0,2603;0,7872;1,2400;0,0000;
19,2270;0,0139;1,0449;0,1230;-1,3809;0,5461;-0,2603;0,7872;1,2400;0,0000;
19,2300;0,0139;1,0449;0,1230;-1,3809;0,5461;-0,2603;0,7872;1,2400;0,0000;
19,2320;0,0139;1,0449;0,1230;-1,3809;0,5461;-0,2603;0,0522;0,0352;0,0415;
19,2340;0,0274;1,0591;0,0900;-1,3809;0,5461;-0,2603;0,0522;0,0352;0,0415;
19,2360;0,0274;1,0591;0,0900;-0,1324;0,5804;0,8670;0,0522;0,0352;0,0415;
19,2380;0,0274;1,0591;0,0900;-0,1324;0,5804;0,8670;0,0522;0,0352;0,0415;
19,2450;0,0316;1,0536;0,1156;-0,1324;0,5804;0,8670;0,0522;0,0352;0,0415;
19,2650;0,0252;1,0477;0,1659;-0,1324;0,5804;0,8670;0,0522;0,0352;0,0415;
19,2870;0,0528;1,0432;0,2283;-0,1324;0,5804;0,8670;0,0522;0,0352;0,0415;
19,3110;0,0748;1,0434;0,2298;-0,1324;0,5804;0,8670;0,0522;0,0352;0,0415;
19,3300;0,0688;1,0459;0,1940;-0,1324;0,5804;0,8670;0,0522;0,0352;0,0415;
19,3530;0,0428;1,0410;0,1300;-0,1324;0,5804;0,8670;0,0522;0,0352;0,0415;
19,3720;0,0500;1,0512;0,1055;-0,1324;0,5804;0,8670;0,0522;0,0352;0,0415;
19,3980;0,0418;1,0505;0,0900;-0,1324;0,5804;0,8670;0,0522;0,0352;0,0415;
19,4140;0,0418;1,0505;0,0900;-0,1324;0,5804;0,8670;0,0522;0,0352;0,0415;
19,4150;0,0418;1,0505;0,0900;-0,1324;0,5804;0,8670;0,0522;0,0352;0,0415;
19,4160;0,0418;1,0505;0,0900;-0,1324;0,5804;0,8670;0,0000;-0,0309;-0,0096;
19,4160;0,0310;1,0444;0,1357;-0,1324;0,5804;0,8670;0,0000;-0,0309;-0,0096;
19,4170;0,0310;1,0444;0,1357;-0,1310;0,4408;1,1069;0,0000;-0,0309;-0,0096;
19,4180;0,0310;1,0444;0,1357;-0,1310;0,4408;1,1069;0,0000;-0,0309;-0,0096;
19,4320;0,0321;1,0461;0,1581;-0,1310;0,4408;1,1069;0,0000;-0,0309;-0,0096;
19,4530;0,0436;1,0466;0,1727;-0,1310;0,4408;1,1069;0,0000;-0,0309;-0,0096;
19,4740;0,0435;1,0511;0,1704;-0,1310;0,4408;1,1069;0,0000;-0,0309;-0,0096;
19,4980;0,0426;1,0470;0,1239;-0,1310;0,4408;1,1069;0,0000;-0,0309;-0,0096;
19,5200;0,0391;1,0482;0,1027;-0,1310;0,4408;1,1069;0,0000;-0,0309;-0,0096;
19,5440;0,0429;1,0563;0,0776;-0,1310;0,4408;1,1069;0,0000;-0,0309;-0,0096;
19,5640;0,0362;1,0525;0,0706;-0,1310;0,4408;1,1069;0,0000;-0,0309;-0,0096;
19,5850;0,0480;1,0469;0,0916;-0,1310;0,4408;1,1069;0,0000;-0,0309;-0,0096;
19,6120;0,0480;1,0469;0,0916;-0,1310;0,4408;1,1069;0,0000;-0,0309;-0,0096;
19,6140;0,0480;1,0469;0,0916;-0,1310;0,4408;1,1069;0,0000;-0,0309;-0,0096;
19,6160;0,0480;1,0469;0,0916;-0,1310;0,4408;1,1069;-0,1939;-0,1566;0,0288;
19,6180;0,0689;1,0414;0,1190;-0,1310;0,4408;1,1069;-0,1939;-0,1566;0,0288;
19,6200;0,0689;1,0414;0,1190;0,2262;0,4163;0,7866;-0,1939;-0,1566;0,0288;
19,6250;0,0689;1,0414;0,1190;0,2262;0,4163;0,7866;-0,1939;-0,1566;0,0288;
19,6270;0,0592;1,0459;0,1440;0,2262;0,4163;0,7866;-0,1939;-0,1566;0,0288;
19,6430;0,0475;1,0532;0,1134;0,2262;0,4163;0,7866;-0,1939;-0,1566;0,0288;
19,6700;0,0379;1,0455;0,0928;0,2262;0,4163;0,7866;-0,1939;-0,1566;0,0288;
19,6900;0,0458;1,0436;0,0899;0,2262;0,4163;0,7866;-0,1939;-0,1566;0,0288;
19,7110;0,0569;1,0506;0,0909;0,2262;0,4163;0,7866;-0,1939;-0,1566;0,0288;
19,7330;0,0403;1,0467;0,1352;0,2262;0,4163;0,7866;-0,1939;-0,1566;0,0288;
19,7540;0,0393;1,0440;0,1445;0,2262;0,4163;0,7866;-0,1939;-0,1566;0,0288;
19,7740;0,0563;1,0460;0,1507;0,2262;0,4163;0,7866;-0,1939;-0,1566;0,0288;
19,7990;0,0563;1,0460;0,1507;0,2262;0,4163;0,7866;-0,1939;-0,1566;0,0288;
19,8020;0,0563;1,0460;0,1507;0,2262;0,4163;0,7866;-0,1939;-0,1566;0,0288;
19,8040;0,0563;1,0460;0,1507;0,2262;0,4163;0,7866;0,1364;0,0149;-0,0320;
19,8060;0,0535;1,0434;0,1380;0,2262;0,4163;0,7866;0,1364;0,0149;-0,0320;
19,8090;0,0535;1,0434;0,1380;0,0657;0,4423;0,8559;0,1364;0,0149;-0,0320;
19,8120;0,0535;1,0434;0,1380;0,0657;0,4423;0,8559;0,1364;0,0149;-0,0320;
19,8170;0,0522;1,0510;0,1169;0,0657;0,4423;0,8559;0,1364;0,0149;-0,0320;
19,8380;0,0552;1,0483;0,1211;0,0657;0,4423;0,8559;0,1364;0,0149;-0,0320;
19,8610;0,0396;1,0437;0,1283;0,0657;0,4423;0,8559;0,1364;0,0149;-0,0320;
19,8810;0,0363;1,0475;0,1146;0,0657;0,4423;0,8559;0,1364;0,0149;-0,0320;
19,9040;0,0348;1,0480;0,1077;0,0657;0,4423;0,8559;0,1364;0,0149;-0,0320;
19,9240;0,0208;1,0436;0,0861;0,0657;0,4423;0,8559;0,1364;0,0149;-0,0320;
19,9450;0,0329;1,0401;0,0832;0,0657;0,4423;0,8559;0,1364;0,0149;-0,0320;
19,9670;0,0546;1,0505;0,1043;0,0657;0,4423;0,8559;0,1364;0,0149;-0,0320;
19,9890;0,0546;1,0505;0,1043;0,0657;0,4423;0,8559;0,1364;0,0149;-0,0320;
19,9920;0,0546;1,0505;0,1043;0,0657;0,4423;0,8559;0,1364;0,0149;-0,0320;
19,9960;0,0546;1,0505;0,1043;0,0657;0,4423;0,8559;-0,2024;-0,0117;0,0000;
20,0010;0,0246;1,0522;0,1132;0,0657;0,4423;0,8559;-0,2024;-0,0117;0,0000;
20,0070;0,0246;1,0522;0,1132;-0,2145;0,5324;0,5396;-0,2024;-0,0117;0,0000;
20,0080;0,0246;1,0522;0,1132;-0,2145;0,5324;0,5396;-0,2024;-0,0117;0,0000;
20,0100;0,0246;1,0464;0,1201;-0,2145;0,5324;0,5396;-0,2024;-0,0117;0,0000;
20,1810;0,0246;1,0464;0,1201;-0,2145;0,5324;0,5396;-0,2024;-0,0117;0,0000;
20,1830;0,0246;1,0464;0,1201;-0,2145;0,5324;0,5396;-0,2024;-0,0117;0,0000;
20,1850;0,0246;1,0464;0,1201;-0,2145;0,5324;0,5396;-0,0181;-0,0629;0,0021;
20,1870;0,0280;1,0476;0,1287;-0,2145;0,5324;0,5396;-0,0181;-0,0629;0,0021;
20,1890;0,0280;1,0476;0,1287;-0,1843;0,4924;0,6055;-0,0181;-0,0629;0,0021;
20,1920;0,0280;1,0476;0,1287;-0,1843;0,4924;0,6055;-0,0181;-0,0629;0,0021;
20,3690;0,0280;1,0476;0,1287;-0,1843;0,4924;0,6055;-0,0181;-0,0629;0,0021;
20,3720;0,0280;1,0476;0,1287;-0,1843;0,4924;0,6055;-0,0181;-0,0629;0,0021;
20,3740;0,0280;1,0476;0,1287;-0,1843;0,4924;0,6055;0,0341;0,0160;0,0266;
20,3750;0,0472;1,0416;0,1091;-0,1843;0,4924;0,6055;0,0341;0,0160;0,0266;
20,3770;0,0472;1,0416;0,1091;0,0036;0,4376;0,3578;0,0341;0,0160;0,0266;
20,3790;0,0472;1,0416;0,1091;0,0036;0,4376;0,3578;0,0341;0,0160;0,0266;
20,5580;0,0472;1,0416;0,1091;0,0036;0,4376;0,3578;0,0341;0,0160;0,0266;
20,5600;0,0472;1,0416;0,1091;0,0036;0,4376;0,3578;0,0341;0,0160;0,0266;
20,5620;0,0472;1,0416;0,1091;0,0036;0,4376;0,3578;-0,0181;-0,0181;-0,0170;
20,5640;0,0452;1,0445;0,1237;0,0036;0,4376;0,3578;-0,0181;-0,0181;-0,0170;
20,5660;0,0452;1,0445;0,1237;-0,0195;0,4708;0,4446;-0,0181;-0,0181;-0,0170;
20,5690;0,0452;1,0445;0,1237;-0,0195;0,4708;0,4446;-0,0181;-0,0181;-0,0170;
20,7480;0,0452;1,0445;0,1237;-0,0195;0,4708;0,4446;-0,0181;-0,0181;-0,0170;
20,7500;0,0452;1,0445;0,1237;-0,0195;0,4708;0,4446;-0,0181;-0,0181;-0,0170;
20,7540;0,0452;1,0445;0,1237;-0,0195;0,4708;0,4446;-0,0746;-0,0224;0,0043;
20,7560;0,0536;1,0533;0,1479;-0,0195;0,4708;0,4446;-0,0746;-0,0224;0,0043;
20,7580;0,0536;1,0533;0,1479;0,0650;0,5610;0,6313;-0,0746;-0,0224;0,0043;
20,7590;0,0536;1,0533;0,1479;0,0650;0,5610;0,6313;-0,0746;-0,0224;0,0043;
20,9370;0,0536;1,0533;0,1479;0,0650;0,5610;0,6313;-0,0746;-0,0224;0,0043;
20,9390;0,0536;1,0533;0,1479;0,0650;0,5610;0,6313;-0,0746;-0,0224;0,0043;
20,9400;0,0536;1,0533;0,1479;0,0650;0,5610;0,6313;-0,0788;-0,0362;0,0000;
20,9420;0,0374;1,0465;0,1284;0,0650;0,5610;0,6313;-0,0788;-0,0362;0,0000;
20,9440;0,0374;1,0465;0,1284;-0,0941;0,4984;0,3886;-0,0788;-0,0362;0,0000;
20,9460;0,0374;1,0465;0,1284;-0,0941;0,4984;0,3886;-0,0788;-0,0362;0,0000;
21,1260;0,0374;1,0465;0,1284;-0,0941;0,4984;0,3886;-0,0107;-0,1449;0,0256;
21,1280;0,0712;1,0494;0,1573;-0,0941;0,4984;0,3886;-0,0107;-0,1449;0,0256;
21,1300;0,0712;1,0494;0,1573;-0,0941;0,4984;0,3886;-0,0107;-0,1449;0,0256;
21,1330;0,0712;1,0494;0,1573;-0,0941;0,4984;0,3886;-0,0107;-0,1449;0,0256;
21,1350;0,0712;1,0494;0,1573;-0,0952;0,5021;0,3484;-0,0107;-0,1449;0,0256;
21,1360;0,0712;1,0494;0,1573;-0,0952;0,5021;0,3484;-0,0107;-0,1449;0,0256;
21,3140;0,0712;1,0494;0,1573;-0,0952;0,5021;0,3484;-0,0107;-0,1449;0,0256;
21,3160;0,0712;1,0494;0,1573;-0,0952;0,5021;0,3484;-0,0107;-0,1449;0,0256;
21,3170;0,0712;1,0494;0,1573;-0,0952;0,5021;0,3484;-0,1108;0,0543;0,0117;
21,3190;0,0715;1,0453;0,1344;-0,0952;0,5021;0,3484;-0,1108;0,0543;0,0117;
21,3210;0,0715;1,0453;0,1344;0,2382;0,4927;0,3805;-0,1108;0,0543;0,0117;
21,3230;0,0715;1,0453;0,1344;0,2382;0,4927;0,3805;-0,1108;0,0543;0,0117;
21,5040;0,0715;1,0453;0,1344;0,2382;0,4927;0,3805;-0,1108;0,0543;0,0117;
21,5060;0,0715;1,0453;0,1344;0,2382;0,4927;0,3805;-0,1108;0,0543;0,0117;
21,5090;0,0715;1,0453;0,1344;0,2382;0,4927;0,3805;-0,0277;-0,0064;0,0064;
21,5110;0,0545;1,0467;0,1385;0,2382;0,4927;0,3805;-0,0277;-0,0064;0,0064;
21,5130;0,0545;1,0467;0,1385;0,0686;0,5115;0,3773;-0,0277;-0,0064;0,0064;
21,5150;0,0545;1,0467;0,1385;0,0686;0,5115;0,3773;-0,0277;-0,0064;0,0064;
21,6870;0,0545;1,0467;0,1385;0,0686;0,5115;0,3773;-0,0138;-0,0032;-0,0011;
21,6880;0,0508;1,0491;0,1336;0,0686;0,5115;0,3773;-0,0138;-0,0032;-0,0011;
21,6990;0,0508;1,0491;0,1336;0,0686;0,5115;0,3773;-0,0138;-0,0032;-0,0011;
21,6990;0,0508;1,0491;0,1336;0,0686;0,5115;0,3773;-0,0138;-0,0032;-0,0011;
21,7000;0,0508;1,0491;0,1336;0,0648;0,5155;0,3406;-0,0138;-0,0032;-0,0011;
21,7010;0,0508;1,0491;0,1336;0,0648;0,5155;0,3406;-0,0138;-0,0032;-0,0011;
21,8830;0,0508;1,0491;0,1336;0,0648;0,5155;0,3406;-0,0138;-0,0032;-0,0011;
21,8850;0,0508;1,0491;0,1336;0,0648;0,5155;0,3406;-0,0138;-0,0032;-0,0011;
21,8880;0,0508;1,0491;0,1336;0,0648;0,5155;0,3406;-0,0373;0,0107;-0,0064;
21,8900;0,0678;1,0453;0,1460;0,0648;0,5155;0,3406;-0,0373;0,0107;-0,0064;
21,8930;0,0678;1,0453;0,1460;0,1920;0,5049;0,3795;-0,0373;0,0107;-0,0064;
21,8950;0,0678;1,0453;0,1460;0,1920;0,5049;0,3795;-0,0373;0,0107;-0,0064;
22,0660;0,0678;1,0453;0,1460;0,1920;0,5049;0,3795;-0,0373;0,0107;-0,0064;
22,0670;0,0678;1,0453;0,1460;0,1920;0,5049;0,3795;-0,0373;0,0107;-0,0064;
22,0680;0,0678;1,0453;0,1460;0,1920;0,5049;0,3795;0,0479;-0,0852;-0,0107;
22,0690;0,0627;1,0344;0,1295;0,1920;0,5049;0,3795;0,0479;-0,0852;-0,0107;
22,0690;0,0627;1,0344;0,1295;0,1329;0,4035;0,1752;0,0479;-0,0852;-0,0107;
22,0700;0,0627;1,0344;0,1295;0,1329;0,4035;0,1752;0,0479;-0,0852;-0,0107;
22,2600;0,0627;1,0344;0,1295;0,1329;0,4035;0,1752;0,0479;-0,0852;-0,0107;
22,2620;0,0627;1,0344;0,1295;0,1329;0,4035;0,1752;0,0479;-0,0852;-0,0107;
22,2640;0,0627;1,0344;0,1295;0,1329;0,4035;0,1752;-0,0096;0,0842;0,0000;
22,2660;0,0636;1,0401;0,1415;0,1329;0,4035;0,1752;-0,0096;0,0842;0,0000;
22,2680;0,0636;1,0401;0,1415;0,1353;0,4637;0,2609;-0,0096;0,0842;0,0000;
22,2700;0,0636;1,0401;0,1415;0,1353;0,4637;0,2609;-0,0096;0,0842;0,0000;
22,4470;0,0636;1,0401;0,1415;0,1353;0,4637;0,2609;-0,0096;0,0842;0,0000;
22,4500;0,0636;1,0401;0,1415;0,1353;0,4637;0,2609;-0,0096;0,0842;0,0000;
22,4520;0,0636;1,0401;0,1415;0,1353;0,4637;0,2609;-0,0224;-0,0522;0,0000;
22,4540;0,0629;1,0412;0,1516;0,1353;0,4637;0,2609;-0,0224;-0,0522;0,0000;
22,4550;0,0629;1,0412;0,1516;0,1187;0,4796;0,3213;-0,0224;-0,0522;0,0000;
22,4570;0,0629;1,0412;0,1516;0,1187;0,4796;0,3213;-0,0224;-0,0522;0,0000;
22,6360;0,0629;1,0412;0,1516;0,1187;0,4796;0,3213;-0,0224;-0,0522;0,0000;
22,6380;0,0629;1,0412;0,1516;0,1187;0,4796;0,3213;-0,0224;-0,0522;0,0000;
22,6390;0,0629;1,0412;0,1516;0,1187;0,4796;0,3213;-0,0746;0,0298;-0,0192;
22,6420;0,0628;1,0461;0,1451;0,1187;0,4796;0,3213;-0,0746;0,0298;-0,0192;
22,6430;0,0628;1,0461;0,1451;0,1103;0,5318;0,2248;-0,0746;0,0298;-0,0192;
22,6450;0,0628;1,0461;0,1451;0,1103;0,5318;0,2248;-0,0746;0,0298;-0,0192;
22,8270;0,0628;1,0461;0,1451;0,1103;0,5318;0,2248;-0,0746;0,0298;-0,0192;
22,8300;0,0628;1,0461;0,1451;0,1103;0,5318;0,2248;-0,0746;0,0298;-0,0192;
22,8320;0,0628;1,0461;0,1451;0,1103;0,5318;0,2248;0,1534;-0,0021;0,0234;
22,8340;0,0480;1,0425;0,1808;0,1103;0,5318;0,2248;0,1534;-0,0021;0,0234;
22,8360;0,0480;1,0425;0,1808;-0,0414;0,4992;0,5508;0,1534;-0,0021;0,0234;
22,8380;0,0480;1,0425;0,1808;-0,0414;0,4992;0,5508;0,1534;-0,0021;0,0234;
23,0180;0,0480;1,0425;0,1808;-0,0414;0,4992;0,5508;0,1534;-0,0021;0,0234;
23,0200;0,0480;1,0425;0,1808;-0,0414;0,4992;0,5508;0,1534;-0,0021;0,0234;
23,0230;0,0480;1,0425;0,1808;-0,0414;0,4992;0,5508;0,1119;0,0756;-0,0266;
23,0250;0,0676;1,0433;0,1556;-0,0414;0,4992;0,5508;0,1119;0,0756;-0,0266;
23,0270;0,0676;1,0433;0,1556;0,1451;0,5078;0,3046;0,1119;0,0756;-0,0266;
23,0290;0,0676;1,0433;0,1556;0,1451;0,5078;0,3046;0,1119;0,0756;-0,0266;
23,2070;0,0676;1,0433;0,1556;0,1451;0,5078;0,3046;0,1119;0,0756;-0,0266;
23,2100;0,0676;1,0433;0,1556;0,1451;0,5078;0,3046;0,1119;0,0756;-0,0266;
23,2120;0,0676;1,0433;0,1556;0,1451;0,5078;0,3046;0,0352;0,1044;-0,0405;
23,2150;0,0860;1,0421;0,2107;0,1451;0,5078;0,3046;0,0352;0,1044;-0,0405;
23,2410;0,0860;1,0421;0,2107;0,3231;0,4972;0,8345;0,0352;0,1044;-0,0405;
23,2420;0,0860;1,0421;0,2107;0,3231;0,4972;0,8345;0,0352;0,1044;-0,0405;
23,3930;0,0860;1,0421;0,2107;0,3231;0,4972;0,8345;0,0565;-0,0437;0,0394;
23,3950;0,0860;1,0421;0,2107;0,3231;0,4972;0,8345;0,0565;-0,0437;0,0394;
23,3970;0,0860;1,0421;0,2107;0,3231;0,4972;0,8345;0,0565;-0,0437;0,0394;
23,3980;0,0619;1,0403;0,1397;0,3231;0,4972;0,8345;0,0565;-0,0437;0,0394;
23,4000;0,0619;1,0403;0,1397;0,3179;0,4966;0,8413;0,0565;-0,0437;0,0394;
23,4020;0,0619;1,0403;0,1397;0,3179;0,4966;0,8413;0,0565;-0,0437;0,0394;
23,5800;0,0619;1,0403;0,1397;0,3179;0,4966;0,8413;0,1257;0,1150;0,0341;
23,5800;0,0578;1,0589;0,4720;0,3179;0,4966;0,8413;0,1257;0,1150;0,0341;
23,5810;0,0578;1,0589;0,4720;0,3179;0,4966;0,8413;0,1257;0,1150;0,0341;
23,5810;0,0578;1,0589;0,4720;0,3179;0,4966;0,8413;0,1257;0,1150;0,0341;
23,5810;0,0578;1,0589;0,4720;0,0678;0,4809;0,1342;0,1257;0,1150;0,0341;
23,5820;0,0578;1,0589;0,4720;0,0678;0,4809;0,1342;0,1257;0,1150;0,0341;
