0,011;0,05;-0,07;-0,57
0,025;-0,10;-0,06;0,04
0,079;-0,05;0,02;0,62
0,080;-0,01;-0,02;0,81
0,081;-0,01;-0,02;0,81
0,081;0,04;-0,13;0,77
0,082;0,03;-0,16;0,40
0,082;0,09;-0,15;-0,04
0,083;0,13;-0,07;-0,26
0,091;0,13;-0,01;-0,28
0,104;0,06;0,02;-0,23
0,111;-0,01;0,09;-0,16
0,123;-0,13;0,13;-0,16
0,134;-0,18;0,10;-0,11
0,174;-0,03;0,03;-0,00
0,175;0,17;-0,13;0,14
0,176;0,23;-0,16;0,10
0,177;0,10;-0,17;0,27
0,186;0,01;-0,12;0,34
0,200;-0,00;-0,03;0,38
0,201;-0,06;0,00;0,40
0,217;-0,07;0,01;0,32
0,268;-0,01;-0,01;0,18
0,270;0,02;0,02;-0,01
0,272;-0,26;-0,00;-0,02
0,273;-0,23;0,10;-0,01
0,274;0,08;0,28;-0,29
0,275;0,03;0,17;-0,29
0,286;0,02;-0,03;-0,17
0,300;0,09;-0,17;0,09
0,302;0,28;-0,11;0,17
0,317;0,19;-0,20;0,55
0,377;0,14;-0,25;0,64
0,378;0,14;-0,21;0,51
0,380;0,19;-0,12;0,31
0,381;0,17;-0,05;0,08
0,382;0,02;-0,01;0,02
0,384;-0,13;0,02;0,08
0,385;-0,13;0,01;0,18
0,391;0,06;-0,04;0,33
0,419;0,13;-0,13;0,44
0,421;0,20;-0,07;0,35
0,423;0,17;0,03;0,25
0,431;0,09;0,05;0,05
0,471;0,01;0,08;-0,03
0,473;-0,03;0,07;0,01
0,474;-0,13;0,01;0,05
0,475;-0,22;0,01;0,08
0,480;-0,12;0,02;0,18
0,492;0,01;0,01;0,12
0,501;0,04;0,03;-0,00
0,520;-0,02;-0,02;-0,06
0,522;-0,10;0,02;-0,11
0,532;-0,20;0,08;-0,02
0,569;-0,20;0,10;0,20
0,572;-0,14;0,09;0,24
0,573;-0,08;0,08;0,19
0,574;-0,11;0,01;0,04
0,580;-0,16;-0,06;-0,07
0,592;-0,16;-0,08;-0,18
0,601;-0,03;-0,05;-0,24
0,618;0,03;0,03;-0,17
0,625;-0,05;0,02;-0,02
0,626;-0,05;0,02;-0,02
0,632;-0,04;0,00;0,17
0,669;-0,08;-0,04;0,22
0,672;-0,06;-0,06;0,18
0,674;0,00;-0,03;0,13
0,676;0,04;-0,06;0,02
0,681;-0,02;-0,06;-0,07
0,697;-0,07;-0,07;-0,12
0,708;-0,05;-0,03;-0,06
0,724;-0,01;-0,03;0,06
0,728;-0,00;-0,02;0,14
0,738;0,00;-0,00;0,12
0,740;0,00;-0,00;0,12
0,792;-0,03;0,06;0,02
0,793;-0,07;0,07;-0,05
0,793;-0,05;0,10;-0,11
0,793;-0,04;0,10;-0,11
0,794;-0,03;0,02;-0,09
0,794;-0,02;-0,05;-0,08
0,800;-0,00;-0,06;-0,05
0,812;-0,04;0,00;-0,07
0,840;-0,04;0,01;-0,01
0,843;-0,03;0,08;0,17
0,845;-0,01;0,07;0,26
0,851;-0,03;0,03;0,15
0,893;-0,03;0,02;0,16
0,895;-0,07;0,03;-0,06
0,896;-0,08;0,03;-0,06
0,897;-0,03;0,01;-0,12
0,900;0,03;-0,03;-0,11
0,912;0,01;-0,05;-0,05
0,921;0,02;-0,07;0,11
0,931;0,01;-0,06;0,30
0,988;0,05;-0,01;0,46
0,990;0,04;-0,02;0,48
0,991;0,03;-0,02;0,40
0,992;0,06;-0,03;0,21
0,994;0,09;0,01;0,12
0,995;0,08;0,04;0,13
1,001;0,08;0,04;0,12
1,013;0,09;0,06;0,01
1,024;0,07;0,03;-0,14
1,040;0,08;0,02;-0,18
1,044;0,09;0,03;-0,03
1,052;0,12;0,02;0,16
1,096;0,13;0,01;0,26
1,098;0,09;-0,01;0,22
1,099;0,04;-0,01;0,07
1,101;0,07;0,01;-0,06
1,102;0,06;-0,01;-0,08
1,111;0,06;0,01;-0,02
1,122;0,08;0,01;0,01
1,136;0,09;0,01;0,05
1,197;0,09;0,01;0,03
1,201;0,03;-0,01;0,03
1,204;0,03;0,03;-0,04
1,207;-0,01;-0,00;0,01
1,210;-0,01;0,02;0,04
1,212;0,01;0,01;0,12
1,214;0,03;-0,01;0,07
1,216;0,05;-0,02;0,03
1,222;0,03;-0,02;-0,06
1,249;0,02;0,06;-0,04
1,250;0,01;0,07;-0,00
1,251;-0,02;0,09;-0,01
1,293;0,00;0,12;-0,00
1,294;0,02;0,11;-0,02
1,294;-0,02;0,08;-0,02
1,295;-0,03;0,06;0,06
1,300;0,04;0,01;0,12
1,311;0,05;-0,05;0,14
1,322;0,08;-0,02;0,16
1,340;0,05;-0,02;0,13
1,344;0,03;-0,02;0,12
1,352;0,03;-0,00;0,07
1,412;0,06;0,01;0,01
1,414;0,08;0,01;-0,02
1,415;-0,00;0,03;-0,05
1,416;-0,02;0,02;-0,07
1,417;0,03;-0,00;-0,01
1,418;0,01;-0,01;0,07
1,422;0,03;-0,00;0,14
1,432;-0,00;-0,02;0,13
1,442;-0,04;-0,01;0,14
1,456;-0,10;-0,00;0,09
1,461;-0,10;0,01;0,02
1,473;-0,07;0,03;-0,06
1,510;-0,05;0,03;-0,06
1,512;-0,09;-0,01;-0,05
1,513;-0,06;-0,03;-0,02
1,514;-0,02;0,02;0,12
1,522;-0,00;0,03;0,21
1,531;0,00;0,05;0,24
1,542;0,03;0,04;0,19
1,559;0,02;0,04;0,07
1,563;0,02;0,00;-0,05
1,573;0,02;0,05;-0,06
1,639;0,06;0,09;0,01
1,642;0,06;0,05;0,12
1,643;0,04;-0,01;0,20
1,645;0,07;-0,05;0,31
1,646;0,09;-0,04;0,26
1,648;0,03;0,01;0,20
1,651;-0,07;0,05;0,17
1,652;-0,06;0,03;0,08
1,670;0,01;0,10;0,03
1,672;0,01;0,10;0,03
1,723;-0,10;0,06;-0,10
1,725;-0,15;0,06;-0,07
1,727;-0,12;0,09;-0,14
1,728;-0,06;0,11;-0,12
1,729;-0,06;0,07;-0,06
1,739;-0,12;-0,01;0,11
1,741;-0,08;-0,05;0,24
1,787;-0,00;-0,10;0,35
1,790;0,02;-0,07;0,28
1,791;-0,04;-0,02;0,24
1,792;-0,03;-0,03;0,13
1,794;-0,01;-0,08;-0,01
1,800;-0,06;-0,10;-0,04
1,824;-0,03;-0,11;0,02
1,827;-0,03;-0,11;0,02
1,829;0,01;-0,05;0,12
1,882;0,06;0,05;0,14
1,885;0,03;0,10;0,09
1,886;-0,03;0,07;-0,02
1,888;-0,07;0,02;-0,19
1,890;-0,05;-0,00;-0,26
1,892;-0,04;0,01;-0,17
1,895;-0,00;0,02;-0,04
1,903;0,04;0,06;0,03
1,925;0,06;0,06;-0,02
1,935;0,04;0,02;-0,03
1,937;0,05;0,03;0,01
2,003;0,10;0,01;0,11
2,004;0,12;-0,02;0,29
2,006;0,12;-0,02;0,29
2,008;0,11;-0,02;0,45
2,009;0,08;-0,01;0,52
2,011;0,03;0,04;0,45
2,013;-0,03;0,07;0,18
2,015;-0,04;0,10;-0,04
2,016;-0,00;0,15;-0,17
2,021;-0,07;0,17;-0,16
2,031;-0,11;0,18;-0,09
2,040;-0,13;0,14;-0,07
2,060;-0,12;0,07;0,05
2,062;-0,04;0,04;0,06
2,116;-0,01;0,04;-0,02
2,117;-0,08;0,07;-0,13
2,117;-0,06;0,01;-0,12
2,118;0,13;-0,03;-0,08
2,118;-0,01;-0,09;0,04
2,132;0,04;0,02;0,24
2,134;0,11;0,09;0,26
2,149;0,04;0,01;0,23
2,198;0,03;-0,02;0,13
2,200;0,09;-0,07;0,08
2,202;0,11;-0,06;0,02
2,203;0,06;-0,01;-0,06
2,205;-0,02;0,01;-0,04
2,206;-0,02;0,01;-0,10
2,216;0,00;0,02;-0,05
2,233;-0,03;0,03;-0,02
2,235;-0,04;0,03;0,04
2,241;-0,04;0,00;0,10
2,256;0,00;-0,03;0,10
2,262;0,03;-0,01;-0,01
2,322;-0,03;0,04;-0,12
2,324;-0,07;0,06;-0,15
2,325;-0,02;0,08;-0,06
2,326;0,02;0,06;0,06
2,327;0,01;0,08;0,15
2,329;0,01;0,04;0,19
2,331;-0,00;0,05;0,16
2,341;0,02;0,03;0,05
2,357;0,03;0,04;-0,06
2,360;0,02;0,05;-0,09
2,400;0,05;0,03;-0,01
2,402;0,03;0,03;0,05
2,404;-0,01;-0,00;0,08
2,405;0,01;0,02;0,09
2,412;0,03;0,04;0,12
2,421;-0,00;0,06;0,12
2,433;-0,00;0,03;0,03
2,456;0,01;0,04;-0,02
2,459;0,03;0,02;-0,06
2,461;0,00;0,01;-0,08
2,522;-0,01;0,02;-0,02
2,523;-0,03;-0,00;-0,03
2,525;-0,03;-0,02;0,04
2,533;0,04;-0,07;0,08
2,535;0,04;-0,09;0,10
2,536;0,02;-0,07;0,10
2,537;-0,01;-0,03;0,14
2,542;0,01;-0,04;0,14
2,561;0,05;-0,04;0,14
2,562;0,06;-0,05;0,14
2,608;0,03;-0,05;0,11
2,609;0,04;0,01;0,05
2,610;0,04;0,02;0,02
2,610;0,05;0,05;-0,01
2,611;0,03;0,09;-0,09
2,620;-0,03;0,06;-0,16
2,631;-0,01;0,03;-0,22
2,642;0,04;0,05;-0,16
2,692;0,06;0,04;0,02
2,694;0,01;0,03;0,17
2,695;0,00;-0,03;0,32
2,697;0,01;-0,07;0,33
2,699;-0,02;-0,07;0,31
2,709;-0,04;-0,02;0,26
2,711;-0,04;-0,02;0,26
2,712;-0,04;0,01;0,14
2,729;0,01;0,02;0,11
2,734;0,05;0,05;0,07
2,796;0,02;0,02;0,05
2,798;0,02;0,03;0,01
2,799;0,01;0,06;0,02
2,802;-0,01;0,05;0,07
2,804;-0,03;0,04;0,07
2,805;-0,04;0,02;0,02
2,806;-0,02;-0,00;-0,01
2,811;-0,01;-0,02;-0,08
2,826;-0,03;-0,01;-0,05
2,831;0,01;0,03;0,03
2,869;0,00;-0,00;0,14
2,871;0,01;-0,02;0,18
2,872;0,05;-0,02;0,10
2,873;0,09;0,00;0,03
2,882;0,07;0,02;-0,04
2,894;0,00;0,06;-0,06
2,900;-0,04;0,05;-0,06
2,918;0,01;0,08;-0,10
2,923;0,04;0,05;-0,05
2,933;0,02;-0,02;0,03
2,994;-0,04;-0,06;0,08
2,996;-0,04;-0,06;0,08
2,997;-0,07;-0,06;0,14
2,998;0,01;-0,03;0,15
3,000;0,02;-0,00;0,08
3,001;0,00;0,03;-0,05
3,005;-0,05;0,04;-0,13
3,011;-0,05;0,03;-0,13
3,028;-0,06;0,02;-0,17
3,032;-0,02;0,01;-0,03
3,076;-0,04;-0,00;0,02
3,079;-0,05;0,03;-0,02
3,080;-0,08;0,02;-0,01
3,081;-0,04;0,02;-0,01
3,082;-0,03;-0,02;0,04
3,091;0,02;0,00;0,08
3,100;-0,00;0,03;0,18
3,112;-0,00;0,04;0,21
3,172;-0,02;-0,00;0,17
3,174;0,03;-0,01;0,14
3,175;0,08;-0,02;0,13
3,176;0,11;-0,02;0,09
3,177;0,08;0,01;0,03
3,178;0,01;0,04;0,01
3,182;0,01;0,03;0,01
3,192;0,03;0,10;-0,05
3,201;-0,01;0,09;-0,02
3,218;-0,07;0,04;0,06
3,222;-0,04;0,01;0,14
3,268;-0,02;0,00;0,23
3,271;0,01;-0,02;0,36
3,272;0,04;0,00;0,27
3,273;0,04;0,01;0,07
3,274;-0,01;0,02;-0,02
3,280;-0,04;0,02;0,02
3,297;-0,01;0,00;0,08
3,300;0,03;-0,01;0,10
3,347;0,02;-0,04;0,17
3,349;0,05;-0,06;0,22
3,351;0,07;-0,06;0,26
3,352;0,08;-0,01;0,21
3,354;0,03;0,03;0,11
3,362;-0,03;0,05;-0,00
3,373;-0,03;0,09;-0,10
3,382;-0,00;0,05;-0,18
3,404;-0,05;0,02;-0,12
3,408;-0,03;-0,03;-0,09
3,413;0,02;-0,04;0,07
3,420;0,04;-0,05;0,08
3,473;0,01;-0,00;0,02
3,475;-0,04;0,03;-0,06
3,476;-0,03;0,04;-0,14
3,477;-0,03;0,02;-0,20
3,478;-0,01;0,02;-0,17
3,481;-0,02;-0,01;-0,04
3,492;-0,02;-0,04;0,08
3,502;-0,03;-0,02;0,17
3,519;-0,03;0,01;0,16
3,523;-0,04;-0,02;0,12
3,568;-0,03;-0,04;0,14
3,571;-0,06;-0,01;0,10
3,572;-0,05;0,01;0,07
3,576;-0,05;0,05;0,04
3,578;-0,03;0,05;0,04
3,582;0,03;0,04;0,03
3,593;0,03;0,04;0,03
3,600;0,04;0,05;0,07
3,616;-0,02;0,06;0,08
3,621;0,02;0,07;0,14
3,675;0,09;0,05;0,15
3,677;0,11;0,03;0,10
3,678;0,05;0,04;-0,01
3,680;0,01;0,03;-0,06
3,681;-0,01;-0,01;0,01
3,682;0,06;-0,03;0,06
3,694;0,12;-0,02;0,08
3,700;0,07;-0,03;0,13
3,721;-0,02;-0,03;0,23
3,725;0,01;-0,03;0,27
3,770;0,02;-0,04;0,17
3,772;0,01;-0,05;0,17
3,773;-0,00;-0,03;0,07
3,774;0,09;0,05;0,03
3,776;-0,01;0,08;-0,01
3,781;-0,12;0,05;-0,10
3,792;-0,11;0,05;-0,10
3,812;-0,00;0,11;-0,16
3,815;-0,08;0,07;-0,16
3,821;-0,09;0,03;-0,04
3,856;-0,03;0,03;-0,01
3,859;-0,06;0,00;0,06
3,860;-0,04;-0,06;0,11
3,861;-0,02;-0,09;0,14
3,871;0,02;-0,10;0,06
3,881;0,02;-0,05;0,05
3,892;-0,00;0,00;0,05
3,909;0,01;0,06;0,09
3,912;0,04;0,08;0,08
3,921;0,01;0,04;-0,02
3,961;0,01;0,04;-0,01
3,964;0,03;0,06;0,05
3,966;0,07;-0,00;0,11
3,967;0,10;-0,04;0,13
3,973;0,09;0,02;0,22
3,982;0,03;0,03;0,25
3,992;-0,02;0,07;0,20
4,008;0,02;0,08;0,20
4,065;-0,01;0,07;0,23
4,068;-0,01;0,07;0,23
4,069;-0,03;-0,04;0,18
4,071;-0,08;-0,02;0,12
4,073;-0,09;0,02;0,11
4,075;-0,09;-0,03;0,15
4,077;-0,05;-0,02;0,24
4,083;-0,04;0,01;0,26
4,092;-0,08;-0,01;0,14
4,102;-0,10;-0,01;-0,00
4,124;-0,02;0,02;-0,06
4,128;-0,02;0,00;-0,09
4,193;0,01;-0,02;-0,08
4,196;0,01;-0,02;-0,02
4,197;0,02;-0,00;-0,01
4,198;0,00;-0,04;-0,05
4,200;-0,03;-0,07;-0,15
4,202;0,01;-0,06;-0,20
4,204;0,03;-0,04;-0,07
4,205;0,02;-0,05;-0,01
4,212;-0,00;-0,04;0,00
4,221;0,02;-0,03;-0,02
4,243;0,02;-0,03;-0,01
4,247;0,05;-0,04;0,08
4,252;0,10;-0,05;0,17
4,261;0,05;-0,03;0,09
4,292;0,02;-0,00;0,03
4,294;-0,01;0,01;-0,05
4,295;-0,03;0,05;-0,12
4,301;0,01;0,06;-0,09
4,313;0,07;0,06;0,03
4,330;0,08;0,00;0,17
4,335;0,04;-0,01;0,27
4,336;0,04;-0,01;0,27
4,341;0,03;0,01;0,29
4,405;0,04;0,06;0,24
4,408;0,04;0,10;0,18
4,409;0,02;0,15;0,03
4,411;-0,01;0,16;-0,07
4,414;-0,06;0,13;-0,06
4,416;-0,04;0,15;-0,02
4,418;-0,04;0,09;0,04
4,423;-0,10;0,08;0,04
4,442;-0,09;0,07;0,08
4,445;-0,06;0,05;0,08
4,495;0,00;0,03;0,08
4,497;-0,03;0,04;0,06
4,498;-0,11;0,03;0,00
4,504;-0,15;0,03;0,10
4,506;-0,09;-0,03;0,24
4,507;-0,00;-0,06;0,33
4,514;0,02;-0,06;0,28
4,516;0,02;-0,06;0,28
4,524;0,01;0,02;0,11
4,569;-0,03;0,04;0,00
4,570;-0,01;-0,01;-0,01
4,570;0,01;-0,05;0,04
4,571;0,02;-0,08;0,11
4,571;0,02;-0,11;0,12
4,580;0,02;-0,10;0,15
4,591;0,00;-0,05;0,09
4,620;-0,02;0,01;-0,01
4,623;0,00;0,03;-0,06
4,625;0,01;0,07;-0,04
4,700;-0,01;0,06;-0,09
4,702;-0,03;0,03;-0,02
4,704;-0,06;0,03;-0,02
4,708;-0,08;0,04;-0,04
4,710;-0,06;0,05;-0,03
4,712;-0,02;0,03;0,01
4,714;0,00;-0,01;0,09
4,716;-0,00;-0,05;0,24
4,718;-0,00;-0,05;0,24
4,720;0,04;-0,04;0,37
4,722;0,04;-0,02;0,35
4,749;0,05;-0,03;0,20
4,752;0,06;0,00;0,05
4,753;0,07;0,06;-0,14
4,763;0,04;0,08;-0,23
4,794;-0,05;0,06;-0,26
4,797;-0,01;0,03;-0,21
4,798;0,06;0,03;-0,07
4,801;0,12;0,03;0,07
4,812;0,08;0,06;0,06
4,836;0,07;0,06;-0,04
4,843;0,06;0,06;-0,12
4,844;0,05;0,06;-0,12
4,893;0,04;0,03;0,16
4,894;-0,02;-0,00;0,20
4,895;-0,09;-0,03;0,23
4,895;-0,06;-0,07;0,23
4,895;-0,01;-0,02;0,19
4,903;-0,03;0,01;0,09
4,911;-0,07;0,01;0,05
4,930;-0,11;0,05;0,05
4,932;-0,05;0,06;0,07
4,976;-0,03;0,01;0,15
4,978;-0,03;-0,00;0,14
4,982;-0,03;0,03;0,06
4,989;-0,07;0,06;0,01
4,991;-0,07;0,05;-0,02
4,994;-0,04;0,06;-0,02
5,001;-0,01;0,04;-0,00
5,022;0,07;0,05;0,00
5,025;0,09;0,08;-0,07
5,032;0,06;0,08;-0,15
5,065;0,00;0,10;-0,06
5,068;-0,04;0,08;-0,01
5,069;-0,04;0,05;0,08
5,075;0,05;0,05;0,17
5,080;0,11;0,07;0,25
5,092;0,01;0,03;0,27
5,101;-0,04;-0,04;0,23
5,112;0,05;-0,04;0,19
5,163;0,10;-0,06;0,29
5,165;0,06;-0,08;0,40
5,167;0,03;-0,10;0,38
5,168;0,05;-0,04;0,29
5,171;0,04;-0,00;0,13
5,172;0,00;-0,01;-0,08
5,180;-0,04;-0,01;-0,15
5,194;-0,04;-0,00;-0,15
5,200;-0,07;0,05;-0,16
5,234;-0,12;0,07;-0,09
5,235;-0,13;0,05;-0,11
5,236;-0,11;0,04;-0,12
5,243;-0,06;0,03;-0,13
5,251;-0,03;0,02;-0,15
5,260;-0,01;-0,02;-0,14
5,272;0,00;-0,06;-0,09
5,280;0,01;-0,05;-0,11
5,292;0,01;-0,02;0,02
5,301;-0,00;-0,02;0,12
5,317;0,02;-0,01;0,17
5,327;0,06;0,02;0,17
5,329;0,06;0,02;0,17
5,333;0,05;-0,00;0,12
5,391;0,02;-0,04;0,14
5,393;0,01;-0,06;0,12
5,394;0,04;-0,03;0,16
5,395;0,02;-0,03;0,16
5,396;-0,01;-0,05;0,10
5,397;-0,02;-0,01;0,01
5,400;0,01;0,07;-0,09
5,412;0,00;0,12;-0,20
5,425;-0,01;0,10;-0,29
5,446;0,03;0,07;-0,29
5,450;0,04;0,07;-0,18
5,458;0,06;0,07;-0,04
5,500;0,09;0,09;0,10
5,502;0,07;0,08;0,14
5,503;0,03;0,05;0,09
5,506;-0,02;-0,01;0,07
5,507;-0,02;-0,03;-0,01
5,512;-0,00;0,00;-0,00
5,520;0,02;0,01;0,09
5,532;0,03;0,01;0,22
5,582;0,01;-0,03;0,32
5,583;0,01;-0,05;0,29
5,583;0,04;-0,03;0,26
5,584;0,07;0,05;0,18
5,584;0,01;0,09;0,00
5,593;-0,06;0,13;-0,12
5,601;-0,13;0,15;-0,22
5,619;-0,05;0,16;-0,21
5,623;0,03;0,14;-0,08
5,702;0,06;0,10;0,02
5,704;0,01;0,09;0,04
5,706;0,03;0,10;0,14
5,708;0,05;0,04;0,12
5,712;0,00;0,04;0,03
5,715;0,08;0,06;-0,02
5,717;0,05;0,05;-0,06
5,720;0,06;0,06;-0,11
5,722;0,07;0,08;-0,06
5,724;0,07;0,08;-0,06
5,726;0,08;0,04;0,07
5,733;0,10;0,03;0,20
5,752;0,18;0,09;0,30
5,801;0,21;0,07;0,30
5,804;0,21;0,07;0,30
5,805;0,18;0,07;0,18
5,806;0,12;0,02;0,13
5,809;0,08;0,04;0,08
5,812;0,17;0,10;0,07
5,814;0,24;0,10;-0,04
5,821;-0,01;0,05;-0,12
5,834;-0,08;0,07;-0,16
5,840;0,06;0,07;-0,14
5,897;0,08;0,06;-0,07
5,899;0,10;0,05;-0,14
5,901;0,14;0,09;-0,23
5,902;0,10;0,13;-0,29
5,903;0,15;0,08;-0,30
5,905;0,19;0,04;-0,30
5,911;0,17;0,00;-0,12
5,921;0,03;0,03;0,18
5,935;0,08;0,06;0,33
5,941;0,16;0,02;0,35
5,986;0,17;-0,02;0,26
5,989;0,14;-0,04;0,15
5,991;0,04;-0,01;-0,04
5,994;-0,04;0,10;-0,14
5,996;-0,05;0,24;-0,11
6,002;-0,12;0,29;-0,08
6,021;-0,16;0,25;-0,14
6,032;-0,18;0,15;-0,12
6,034;-0,14;0,00;-0,04
6,087;-0,13;-0,11;0,07
6,089;-0,18;-0,12;0,23
6,091;-0,17;-0,09;0,49
6,092;-0,15;-0,02;0,66
6,093;-0,03;0,06;0,55
6,095;-0,02;0,11;0,22
6,100;-0,06;0,21;-0,16
6,117;-0,06;0,28;-0,48
6,120;-0,11;0,37;-0,78
6,168;-0,20;0,44;-1,06
6,172;-0,23;0,40;-1,10
6,173;-0,20;0,33;-0,94
6,175;-0,16;0,17;-0,87
6,178;-0,43;-0,11;0,06
6,183;-0,28;-0,23;0,56
6,192;-0,26;-0,16;0,77
6,201;-0,33;0,09;0,81
6,226;-0,31;0,30;0,48
6,234;-0,39;0,26;-0,04
6,238;-0,34;0,17;-0,58
6,241;-0,34;0,17;-0,58
6,246;-0,25;0,22;-0,93
6,289;-0,32;0,32;-1,01
6,291;-0,35;0,36;-0,60
6,293;-0,15;0,31;-0,25
6,294;0,07;0,19;-0,05
6,295;0,19;0,16;0,08
6,301;0,20;0,15;0,08
6,327;0,14;0,22;-0,23
6,332;0,02;0,22;-0,58
6,336;-0,03;0,19;-0,77
6,340;0,06;0,16;-0,74
6,368;0,10;0,12;-0,62
6,369;0,07;0,13;-0,49
6,371;0,02;0,13;-0,43
6,381;0,01;0,17;-0,32
6,391;0,07;0,24;-0,20
6,406;0,13;0,24;-0,12
6,409;0,13;0,24;-0,12
6,412;0,12;0,20;-0,10
6,469;0,05;0,15;-0,12
6,472;0,00;0,13;-0,15
6,473;-0,06;0,10;-0,20
6,474;-0,10;0,14;-0,16
6,475;-0,12;0,22;-0,15
6,476;-0,19;0,28;-0,06
6,481;-0,17;0,41;0,07
6,492;-0,16;0,50;0,13
6,500;-0,16;0,51;0,17
6,511;-0,12;0,47;0,26
6,522;0,01;0,49;0,47
6,533;0,16;0,51;0,84
6,586;0,18;0,51;1,34
6,588;0,12;0,48;1,71
6,589;0,17;0,45;1,92
6,591;0,35;0,45;1,91
6,592;0,32;0,37;1,96
6,593;0,20;0,27;2,04
6,602;0,07;0,31;2,19
6,612;-0,09;0,37;2,23
6,633;-0,29;0,38;2,21
6,635;-0,37;0,35;2,23
6,641;-0,35;0,30;2,24
6,674;-0,32;0,33;2,08
6,676;-0,31;0,49;1,78
6,677;-0,27;0,59;1,53
6,684;-0,23;0,49;1,37
6,691;-0,00;0,39;1,32
6,700;0,21;0,27;1,30
6,712;0,25;0,07;1,30
6,722;0,04;-0,32;1,46
6,779;-0,27;-0,88;1,88
6,781;-0,32;-1,35;2,60
6,783;-0,00;-1,64;3,15
6,784;0,45;-1,73;3,16
6,785;0,66;-1,72;2,53
6,786;0,71;-1,49;1,43
6,792;0,71;-1,09;0,28
6,809;0,60;-0,71;-0,60
6,812;0,36;-0,63;-1,24
6,858;0,11;-0,75;-1,60
6,861;0,04;-0,86;-1,63
6,862;0,26;-0,63;-1,14
6,864;0,45;-0,27;-0,64
6,866;0,37;-0,06;-0,30
6,872;0,07;-0,03;-0,14
6,881;-0,16;-0,09;-0,26
6,893;-0,23;-0,13;-0,56
6,911;-0,22;-0,12;-0,82
6,916;-0,26;-0,16;-1,02
6,919;-0,26;-0,16;-1,02
6,921;-0,36;-0,27;-1,04
6,932;-0,36;-0,31;-0,93
6,980;-0,33;-0,24;-0,76
6,983;-0,34;-0,13;-0,69
6,984;-0,40;0,01;-0,54
6,985;-0,39;0,11;-0,61
6,986;-0,38;0,16;-0,86
6,991;-0,35;0,21;-1,28
7,007;-0,33;0,33;-1,59
7,012;-0,41;0,41;-1,89
7,060;-0,48;0,40;-2,10
7,062;-0,50;0,29;-2,29
7,063;-0,41;0,17;-2,40
7,064;-0,18;0,11;-2,37
7,065;0,05;0,09;-2,35
7,072;0,07;0,09;-2,38
7,081;-0,00;0,10;-2,40
7,091;0,01;0,03;-2,39
7,100;0,37;0,01;-2,05
7,120;0,54;0,04;-1,51
7,126;0,54;0,04;-1,51
7,131;0,55;0,17;-0,43
7,176;0,61;0,35;-0,22
7,179;0,59;0,56;-0,30
7,180;0,39;0,71;-0,59
7,181;0,19;0,83;-0,76
7,182;0,10;0,85;-0,73
7,193;0,15;0,92;-0,53
7,201;0,18;0,94;-0,30
7,213;0,24;1,00;-0,04
7,249;0,29;0,96;0,39
7,252;0,19;0,89;0,80
7,254;-0,11;0,67;1,50
7,255;-0,09;0,59;2,11
7,260;-0,02;0,47;2,58
7,304;0,04;0,21;2,92
7,305;-0,10;-0,17;3,28
7,306;-0,11;-0,52;3,49
7,306;0,24;-0,59;3,36
7,311;0,43;-0,08;2,72
7,322;-0,10;0,43;1,97
7,333;-0,79;0,51;1,55
7,353;-1,05;0,37;1,43
7,356;-1,27;-0,04;1,58
7,361;-1,18;-0,00;1,57
7,429;-0,61;-1,24;2,60
7,431;-0,61;-1,24;2,60
7,432;0,05;-1,53;2,74
7,433;-0,08;-1,15;2,21
7,439;-0,33;-0,80;1,60
7,441;-0,58;-0,80;1,21
7,442;-0,51;-1,03;0,77
7,443;-0,22;-1,07;0,28
7,455;-0,02;-0,85;-0,00
7,470;-0,04;-0,47;-0,03
7,473;-0,12;-0,01;0,11
7,481;-0,18;0,33;0,02
7,525;-0,21;0,42;-0,23
7,527;-0,19;0,26;-0,49
7,529;-0,07;0,09;-0,56
7,531;-0,03;0,03;-0,58
7,533;0,03;0,03;-0,63
7,541;0,10;0,00;-0,79
7,552;0,05;-0,08;-0,88
7,566;-0,10;-0,17;-1,12
7,651;-0,18;-0,13;-1,21
7,653;-0,15;0,02;-1,34
7,656;-0,10;0,19;-1,40
7,658;-0,03;0,26;-1,34
7,661;-0,05;0,22;-1,31
7,663;0,07;0,23;-1,44
7,665;0,12;0,22;-1,79
7,666;-0,01;0,19;-2,16
7,668;-0,05;0,13;-2,39
7,670;0,10;0,13;-2,35
7,672;0,32;0,12;-2,07
7,682;0,43;0,15;-1,97
7,702;0,43;0,22;-2,05
7,706;0,24;0,27;-2,24
7,759;0,15;0,26;-2,25
7,761;0,15;0,26;-2,25
7,762;0,26;0,17;-1,98
7,763;0,36;0,30;-1,59
7,764;0,35;0,48;-0,96
7,765;0,29;0,55;-0,14
7,785;0,18;0,44;0,71
7,789;0,14;0,24;1,58
7,799;0,29;0,23;1,90
7,801;0,28;0,38;1,80
7,854;0,06;0,50;1,61
7,855;-0,11;0,53;1,44
7,856;-0,10;0,43;1,40
7,856;0,03;0,35;1,35
7,857;-0,04;0,21;1,32
7,860;-0,30;-0,03;1,41
7,871;-0,33;-0,17;1,69
7,889;0,07;0,20;1,74
7,892;0,40;0,78;1,53
7,901;0,55;1,13;1,30
7,931;0,59;1,16;1,07
7,933;0,47;0,55;1,10
7,934;0,40;-0,46;2,11
7,948;0,56;-1,12;3,73
7,951;0,79;-1,35;4,81
8,007;0,62;-1,30;4,93
8,011;0,31;-0,97;4,06
8,013;0,15;-0,58;2,58
8,014;-0,11;-0,45;0,94
8,016;-0,47;-0,62;-0,38
8,018;-0,57;-0,78;-1,05
8,021;-0,33;-0,76;-0,88
8,032;0,00;-0,55;-0,31
8,052;0,15;-0,29;0,16
8,056;0,15;-0,29;0,16
8,060;0,06;-0,11;0,43
8,062;-0,17;-0,13;0,47
8,128;-0,27;-0,17;0,31
8,130;-0,22;-0,17;0,05
8,132;-0,21;-0,15;0,05
8,133;-0,30;-0,03;-0,75
8,134;-0,30;0,11;-1,20
8,135;-0,27;0,17;-1,58
8,136;-0,19;0,19;-1,97
8,140;-0,13;0,22;-2,20
8,152;-0,12;0,23;-2,22
8,168;-0,13;0,13;-2,12
8,171;0,02;0,04;-1,91
8,224;0,19;-0,02;-1,70
8,227;0,18;-0,05;-1,54
8,230;0,14;0,03;-1,41
8,231;0,12;0,17;-1,37
8,234;0,05;0,22;-1,33
8,236;-0,08;0,15;-1,36
8,243;-0,15;-0,04;-1,49
8,256;-0,14;-0,19;-1,63
8,260;-0,14;-0,19;-1,63
8,261;0,01;-0,16;-1,66
8,274;0,11;0,06;-1,73
8,280;0,05;0,32;-1,77
8,328;0,05;0,50;-1,72
8,329;0,11;0,48;-1,65
8,329;0,13;0,29;-1,58
8,330;0,20;0,15;-1,18
8,331;0,22;0,11;-0,54
8,341;0,22;0,10;0,09
8,351;0,37;0,17;0,73
8,368;0,48;0,26;1,35
8,372;0,30;0,25;1,68
8,448;0,07;0,30;1,59
8,466;0,01;0,50;1,22
8,469;0,01;0,50;1,22
8,471;0,04;0,63;0,89
8,473;0,14;0,43;0,80
8,475;0,38;0,09;0,85
8,478;0,64;-0,09;1,17
8,481;0,76;-0,17;2,01
8,483;0,83;-0,01;2,87
8,485;0,55;0,46;3,13
8,487;0,55;0,46;3,13
8,489;0,05;1,10;2,64
8,491;-0,32;1,65;1,48
8,493;-0,88;1,51;0,45
8,502;-1,42;0,47;0,10
8,523;-1,24;-0,74;0,56
8,526;-0,54;-1,47;1,96
8,599;0,19;-1,67;3,44
8,600;0,36;-1,58;4,25
8,600;-0,03;-1,54;4,32
8,601;-0,59;-1,59;3,66
8,601;-0,75;-1,65;2,78
8,601;-0,48;-1,52;2,04
8,602;-0,14;-1,17;1,09
8,602;0,14;-0,63;0,24
8,616;0,15;-0,02;-0,71
8,622;-0,00;0,34;-1,47
8,650;-0,12;0,52;-1,69
8,653;-0,00;0,52;-1,55
8,655;0,27;0,42;-1,17
8,661;0,41;0,32;-0,80
8,730;0,30;0,18;-0,58
8,732;0,22;0,12;-0,58
8,733;0,27;0,08;-0,85
8,734;0,23;0,07;-1,31
8,735;0,14;0,06;-1,77
8,736;-0,02;0,06;-2,33
8,737;-0,02;0,01;-2,32
8,741;-0,28;0,10;-3,02
8,752;-0,20;0,20;-2,93
8,761;-0,01;0,21;-2,68
8,773;0,01;0,10;-2,58
8,784;-0,02;0,02;-2,43
8,842;-0,04;0,01;-2,21
8,844;-0,03;-0,00;-2,05
8,845;-0,05;-0,00;-2,01
8,847;-0,12;0,10;-1,86
8,848;-0,09;0,23;-1,79
8,850;0,05;0,38;-1,79
8,851;0,21;0,52;-1,94
8,860;0,32;0,59;-2,02
8,872;0,41;0,60;-2,09
8,884;0,41;0,58;-1,81
8,932;0,38;0,63;-1,39
8,934;0,29;0,57;-0,80
8,935;0,29;0,42;-0,17
8,936;0,24;0,32;0,48
8,937;0,07;0,28;1,01
8,940;-0,12;0,37;1,39
8,953;-0,12;0,35;1,39
8,961;-0,20;0,24;1,50
8,990;-0,32;-0,04;1,50
8,993;-0,28;-0,02;1,49
8,994;-0,40;-0,52;2,32
9,058;-0,20;-0,34;2,64
9,060;0,04;0,34;2,59
9,061;0,10;1,06;2,35
9,062;-0,10;1,41;1,90
9,063;-0,67;0,94;1,54
9,065;-0,71;-0,07;1,69
9,066;-0,09;-0,80;2,47
9,071;0,52;-1,16;3,71
9,080;0,62;-1,41;4,53
9,092;0,34;-1,53;4,55
9,152;0,05;-1,37;3,81
9,154;-0,17;-1,15;2,58
9,155;-0,42;-0,94;1,54
9,156;-0,43;-0,90;1,02
9,157;-0,11;-0,90;0,97
9,158;0,34;-0,77;1,04
9,161;0,57;-0,48;1,28
9,172;0,51;-0,14;1,23
9,180;0,26;0,08;1,02
9,206;0,08;0,07;0,79
9,208;0,08;0,07;0,79
9,212;-0,02;-0,09;0,47
9,214;0,07;-0,09;-0,13
9,278;0,06;-0,01;-0,69
9,280;0,06;-0,00;-0,69
9,281;-0,12;0,17;-1,97
9,283;-0,17;0,11;-2,46
9,284;-0,12;0,07;-2,63
9,285;-0,03;0,09;-2,62
9,286;0,01;0,13;-2,30
9,297;-0,01;0,22;-1,99
9,304;-0,02;0,20;-1,73
9,355;-0,05;0,21;-1,59
9,357;-0,03;0,25;-1,63
9,359;-0,08;0,30;-1,80
9,360;-0,19;0,24;-1,96
9,362;-0,20;0,18;-2,25
9,367;-0,19;0,15;-2,41
9,387;-0,17;0,11;-2,47
9,389;-0,22;0,02;-2,44
9,391;-0,18;-0,05;-2,43
9,400;-0,24;-0,06;-2,25
9,436;-0,20;-0,04;-2,14
9,437;-0,12;0,02;-2,02
9,438;0,08;0,18;-1,89
9,440;0,26;0,41;-1,75
9,454;0,23;0,52;-1,60
9,462;0,09;0,55;-1,20
9,482;0,06;0,54;-0,68
9,493;0,04;0,46;-0,16
9,494;0,13;0,47;0,24
9,557;0,32;0,57;0,62
9,561;0,30;0,51;0,63
9,564;0,32;0,86;0,97
9,565;0,12;0,80;1,28
9,567;0,07;0,64;1,65
9,569;0,25;0,45;2,14
9,571;0,32;0,19;2,37
9,572;0,12;-0,15;2,71
9,580;-0,18;-0,53;3,17
9,593;-0,28;-0,76;3,52
9,600;-0,10;-0,25;3,25
9,646;-0,37;0,42;2,73
9,647;-0,63;0,85;2,05
9,648;-0,95;0,63;1,34
9,648;-1,15;-0,11;1,06
9,651;-0,91;-0,85;1,24
9,660;-0,51;-1,21;1,98
9,683;-0,04;-1,08;2,71
9,686;-0,08;-0,71;2,92
9,732;-0,65;-0,66;2,73
9,735;-1,02;-0,96;2,47
9,737;-0,84;-1,37;2,09
9,738;-0,32;-1,62;1,81
9,740;0,16;-1,52;1,50
9,743;0,12;-1,20;1,23
9,751;-0,14;-0,76;0,94
9,765;-0,27;-0,40;0,77
9,814;-0,17;-0,19;0,65
9,816;-0,06;-0,16;0,56
9,817;-0,03;-0,23;0,42
9,818;-0,03;-0,28;0,22
9,820;0,05;-0,19;-0,08
9,821;0,20;0,01;-0,51
9,832;0,22;0,11;-1,02
9,849;0,14;0,16;-1,47
9,853;0,10;0,21;-1,70
9,903;0,09;0,22;-1,83
9,906;0,13;0,13;-1,79
9,908;0,24;0,21;-1,86
9,909;0,37;0,43;-2,01
9,911;0,46;0,61;-2,20
9,915;0,53;0,78;-2,47
9,916;0,53;0,78;-2,47
9,928;0,58;0,89;-2,65
9,933;0,56;0,87;-2,61
9,951;0,52;0,73;-2,32
9,954;0,52;0,58;-1,94
10,013;0,53;0,42;-1,55
10,015;0,44;0,35;-1,22
10,016;0,37;0,29;-0,99
10,017;0,38;0,36;-0,95
10,019;0,35;0,44;-1,08
10,022;0,20;0,46;-1,28
10,024;0,02;0,45;-1,51
10,033;-0,11;0,42;-1,75
10,056;-0,18;0,43;-1,88
10,059;-0,18;0,43;-1,88
10,061;-0,21;0,39;-1,68
10,063;-0,30;0,26;-1,28
10,075;-0,26;0,20;-0,75
10,126;-0,17;0,24;-0,37
10,128;-0,26;0,19;0,04
10,129;-0,30;0,08;0,70
10,131;-0,15;-0,02;1,41
10,132;-0,20;-0,27;1,95
10,133;-0,14;-0,54;2,54
10,141;0,02;-0,70;2,89
10,152;0,25;-0,39;2,56
10,167;0,22;0,36;1,76
10,183;-0,01;1,03;0,91
10,184;-0,24;1,31;0,35
10,228;-0,38;0,85;0,21
10,230;-0,10;-0,10;0,62
10,231;0,43;-0,83;1,99
10,233;0,67;-1,15;3,57
10,235;0,54;-1,18;4,50
10,242;0,52;-1,01;4,45
10,252;-0,02;-0,84;4,05
10,264;-0,18;-0,81;2,66
10,273;-0,27;-0,88;1,29
10,324;-0,19;-0,98;0,45
10,326;0,05;-0,93;0,15
10,327;0,34;-0,67;0,22
10,329;0,41;-0,40;0,57
10,330;0,37;-0,27;0,84
10,332;0,26;-0,12;0,80
10,345;0,10;-0,13;0,71
10,352;0,08;-0,09;0,71
10,366;0,13;-0,22;0,09
10,372;0,21;-0,13;-0,30
10,423;0,05;-0,04;-0,87
10,425;-0,21;-0,01;-1,28
10,426;-0,36;-0,04;-1,72
10,428;-0,38;-0,03;-1,82
10,429;-0,24;0,05;-1,72
10,432;-0,19;0,10;-1,67
10,445;-0,19;0,18;-1,68
10,454;-0,21;0,29;-1,81
10,456;-0,21;0,29;-1,81
10,468;-0,25;0,38;-1,99
10,472;-0,25;0,48;-2,15
10,529;-0,23;0,47;-2,27
10,531;-0,23;0,47;-2,27
10,532;-0,18;0,40;-2,47
10,533;-0,13;0,31;-2,57
10,534;-0,15;0,24;-2,64
10,535;-0,19;0,13;-2,49
10,536;-0,19;0,01;-2,27
10,540;-0,11;-0,02;-2,03
10,552;-0,01;0,04;-2,07
10,568;0,03;0,14;-2,09
10,573;0,04;0,18;-2,10
10,633;0,03;0,14;-1,99
10,635;0,06;0,14;-1,73
10,636;0,10;0,23;-1,30
10,637;0,12;0,35;-0,72
10,638;0,15;0,40;0,08
10,644;0,19;0,38;0,95
10,646;0,19;0,38;0,95
10,648;0,35;0,29;1,42
10,652;0,64;0,30;1,40
10,667;0,69;0,41;1,20
10,673;0,60;0,51;1,09
10,717;0,45;0,41;1,06
10,719;0,32;0,18;1,15
10,721;0,35;-0,02;1,38
10,722;0,39;-0,18;1,52
10,723;0,48;-0,16;1,59
10,732;0,36;0,28;1,57
10,741;0,02;0,81;1,43
10,761;-0,28;1,07;1,41
10,763;-0,84;0,43;1,95
10,771;-0,96;-0,82;3,19
10,805;-0,43;-1,74;4,53
10,807;0,06;-1,82;5,46
10,808;0,50;-1,59;5,63
10,817;0,37;-1,34;5,37
10,820;-0,15;-1,12;4,63
10,842;-0,44;-1,11;3,69
10,846;-0,43;-1,34;2,89
10,906;-0,25;-1,57;1,97
10,909;0,02;-1,29;1,19
10,910;0,09;-0,53;0,62
10,912;-0,01;0,12;0,20
10,914;-0,36;0,41;-0,03
10,916;-0,55;0,46;-0,11
10,917;-0,52;0,41;-0,17
10,921;-0,37;0,33;-0,26
10,938;-0,06;0,28;-0,19
10,941;0,28;0,17;-0,32
11,005;0,33;-0,01;-0,50
11,008;0,16;-0,14;-0,48
11,012;0,12;-0,11;-0,69
11,016;0,15;0,06;-0,92
11,020;0,10;0,23;-1,37
11,023;-0,11;0,29;-1,92
11,025;-0,27;0,29;-2,40
11,027;-0,36;0,38;-2,79
11,044;-0,35;0,40;-3,04
11,047;-0,28;0,36;-3,16
11,052;-0,17;0,30;-3,14
11,061;-0,07;0,26;-3,06
11,075;-0,00;0,19;-2,81
11,156;0,00;0,08;-2,40
11,158;0,00;0,08;-2,40
11,159;-0,00;-0,08;-1,91
11,161;0,14;-0,12;-1,50
11,162;0,32;-0,01;-1,26
11,163;0,41;0,15;-1,20
11,165;0,36;0,18;-1,19
11,166;0,55;0,30;-1,49
11,167;0,64;0,25;-1,67
11,169;0,71;0,36;-1,61
11,173;0,65;0,48;-1,46
11,180;0,43;0,49;-1,22
11,191;0,24;0,45;-0,91
11,261;0,12;0,42;-0,51
11,264;0,15;0,47;-0,08
11,266;0,29;0,68;0,12
11,267;0,41;0,88;0,20
11,269;0,23;0,81;0,27
11,273;-0,03;0,59;0,30
11,275;-0,33;0,33;0,35
11,277;-0,44;0,10;0,52
11,283;-0,38;-0,09;0,81
11,292;-0,22;-0,11;1,23
11,301;0,00;0,40;1,29
11,318;0,09;1,05;1,05
11,330;-0,11;1,27;0,68
11,331;-0,11;1,27;0,68
11,380;-0,26;0,88;0,58
11,381;-0,22;0,09;0,92
11,381;-0,15;-0,70;1,85
11,382;-0,34;-1,33;3,12
11,382;-0,38;-1,50;4,26
11,383;0,10;-1,38;4,75
11,392;0,30;-1,27;4,61
11,446;-0,06;-1,18;3,80
11,449;-0,51;-1,27;2,63
11,451;-0,47;-1,27;1,68
11,453;-0,03;-1,03;1,16
11,455;0,40;-0,85;0,88
11,456;0,61;-0,65;0,99
11,461;0,73;-0,43;1,05
11,477;0,72;-0,25;1,08
11,480;0,50;-0,19;0,97
11,531;0,26;-0,18;0,85
11,532;0,04;-0,20;0,56
11,532;-0,09;-0,18;0,09
11,532;-0,25;-0,19;-0,52
11,533;-0,32;-0,20;-0,99
11,541;-0,31;-0,22;-1,18
11,566;-0,26;-0,24;-1,31
11,569;-0,27;-0,26;-1,37
11,572;-0,29;-0,15;-1,45
11,581;-0,38;0,02;-1,53
11,611;-0,43;0,17;-1,72
11,613;-0,36;0,30;-1,87
11,614;-0,27;0,41;-2,04
11,621;-0,24;0,51;-2,14
11,631;-0,27;0,49;-2,28
11,655;-0,26;0,48;-2,57
11,657;-0,19;0,50;-2,81
11,659;-0,19;0,50;-2,81
11,660;-0,19;0,39;-2,80
11,681;-0,19;0,29;-2,64
11,684;-0,20;0,22;-2,37
11,692;-0,16;0,17;-2,12
11,700;-0,06;0,19;-1,76
11,712;0,12;0,24;-1,48
11,732;0,23;0,29;-1,29
11,735;0,28;0,31;-1,05
11,805;0,36;0,38;-0,93
11,808;0,32;0,46;-0,82
11,809;0,22;0,63;-0,57
11,811;0,05;0,81;-0,45
11,812;0,07;0,95;-0,13
11,819;0,22;0,92;0,17
11,821;0,40;0,76;0,41
11,822;0,52;0,72;0,86
11,824;0,53;0,66;1,17
11,832;0,49;0,53;1,55
11,845;0,42;0,23;1,96
11,851;0,29;-0,09;2,25
11,921;0,22;-0,31;2,49
11,923;0,28;-0,28;2,54
11,924;0,45;0,18;2,38
11,925;0,22;0,61;2,14
11,926;-0,13;0,68;1,78
11,927;-0,39;0,56;1,33
11,928;-0,85;0,04;1,39
11,932;-0,95;-0,77;2,05
11,940;-0,48;-1,35;2,86
11,951;0,06;-1,45;3,30
11,970;0,42;-1,11;3,19
11,972;0,14;-0,75;2,88
11,980;-0,54;-0,80;2,72
12,028;-0,80;-1,08;2,21
12,029;-0,41;-1,39;1,69
12,029;0,05;-1,39;1,20
12,030;0,29;-1,01;0,77
12,031;0,21;-0,43;0,52
12,041;-0,06;-0,02;0,16
12,051;-0,28;0,13;-0,09
12,063;-0,37;0,12;-0,24
12,127;-0,29;0,08;-0,15
12,129;-0,15;-0,08;0,00
12,131;-0,00;-0,26;0,13
12,132;0,20;-0,27;0,12
12,133;0,27;-0,18;-0,11
12,134;0,18;-0,06;-0,40
12,136;-0,02;0,03;-0,70
12,140;-0,15;0,13;-1,03
12,153;-0,21;0,17;-1,46
12,169;-0,22;0,17;-1,75
12,173;-0,22;0,17;-2,02
12,256;-0,25;0,23;-2,41
12,258;-0,22;0,31;-2,65
12,261;-0,11;0,38;-2,82
12,264;0,03;0,45;-2,94
12,266;0,13;0,52;-3,03
12,268;0,13;0,46;-2,98
12,271;0,08;0,32;-2,87
12,273;0,11;0,16;-2,65
12,275;0,21;0,02;-2,35
12,277;0,32;-0,06;-1,98
12,284;0,51;0,03;-1,64
12,293;0,53;0,26;-1,38
12,301;0,47;0,45;-1,25
12,320;0,35;0,53;-1,20
12,326;0,23;0,55;-1,15
12,381;0,18;0,58;-1,05
12,383;0,10;0,56;-0,91
12,384;-0,04;0,42;-0,60
12,385;0,03;0,43;-0,09
12,386;0,25;0,59;0,50
12,387;0,23;0,59;0,99
12,399;-0,04;0,39;1,13
12,471;-0,17;0,16;1,23
12,474;-0,17;0,16;1,23
12,477;-0,12;0,06;1,15
12,479;-0,16;0,29;1,08
12,482;-0,16;0,90;0,84
12,484;-0,07;1,49;0,75
12,485;-0,38;1,03;1,38
12,487;-0,75;-0,64;2,77
12,489;-0,48;-2,10;4,73
12,491;0,06;-2,65;6,68
12,493;0,36;-2,53;7,82
12,502;0,35;-2,34;8,24
12,516;-0,03;-2,10;7,48
12,520;-0,10;-1,59;5,68
12,584;0,10;-0,90;3,30
12,586;0,09;-0,53;1,11
12,587;-0,12;-0,43;-0,30
12,588;-0,08;-0,28;-1,52
12,594;0,29;-0,01;-2,01
12,596;0,65;0,23;-2,02
12,599;0,89;0,32;-1,71
12,602;1,17;0,36;-1,31
12,616;1,17;0,32;-0,88
12,620;1,02;0,22;-0,58
12,687;0,62;0,10;-0,34
12,691;0,24;0,02;-0,35
12,694;-0,05;0,01;-0,60
12,698;-0,25;-0,02;-0,85
12,701;-0,43;-0,14;-0,89
12,704;-0,42;-0,14;-0,89
12,706;-0,42;-0,13;-0,93
12,709;-0,40;0,01;-0,83
12,724;-0,31;0,06;-0,81
12,727;-0,23;0,17;-0,98
12,812;-0,22;0,23;-1,32
12,814;-0,35;0,27;-1,80
12,815;-0,40;0,32;-2,36
12,817;-0,54;0,37;-2,67
12,819;-0,76;0,39;-2,87
12,821;-0,88;0,43;-2,86
12,822;-0,74;0,49;-2,77
12,824;-0,74;0,49;-2,77
12,826;-0,56;0,47;-2,63
12,827;-0,41;0,42;-2,42
12,829;-0,26;0,28;-2,36
12,839;-0,09;0,31;-2,28
12,842;-0,10;0,38;-2,17
12,913;-0,19;0,35;-1,92
12,914;-0,19;0,26;-1,69
12,915;0,06;0,24;-1,44
12,915;0,36;0,31;-1,28
12,916;0,46;0,49;-1,11
12,916;0,41;0,66;-0,88
12,917;0,36;0,74;-0,27
12,920;0,54;0,62;0,19
12,976;0,70;0,47;0,73
12,977;0,71;0,59;1,07
12,979;0,50;0,73;1,36
12,981;0,01;0,60;1,86
12,982;-0,26;0,29;2,12
12,983;-0,28;0,07;2,26
12,991;-0,37;-0,06;2,37
13,004;-0,43;-0,07;2,39
13,074;-0,30;0,32;2,14
13,078;-0,34;0,86;1,78
13,081;-0,62;1,07;1,57
13,084;-1,22;0,60;1,57
13,089;-1,35;-0,38;2,06
13,093;-0,58;-1,26;3,12
13,095;0,08;-1,79;4,32
13,097;0,38;-2,14;5,08
13,099;0,55;-2,12;4,85
13,103;0,48;-1,53;3,80
13,123;0,19;-0,81;2,60
13,126;-0,14;-0,58;1,54
13,194;-0,35;-0,91;0,43
13,197;-0,25;-1,22;-0,39
13,198;0,03;-1,06;-0,81
13,200;0,22;-0,44;-0,75
13,201;0,23;0,22;-0,54
13,203;0,04;0,55;-0,38
13,205;-0,21;0,54;-0,28
13,206;-0,12;0,24;-0,12
13,212;0,17;-0,01;-0,07
13,229;0,29;-0,22;-0,16
13,232;0,13;-0,32;-0,34
13,242;-0,06;-0,33;-0,58
13,294;-0,10;-0,13;-0,80
13,307;-0,20;0,02;-0,87
13,310;-0,25;0,04;-0,93
13,312;-0,23;0,09;-0,90
13,315;-0,15;0,15;-1,19
13,316;-0,18;0,27;-1,54
13,318;-0,24;0,35;-2,04
13,330;-0,28;0,39;-2,62
13,333;-0,32;0,36;-2,94
13,341;-0,29;0,34;-3,10
13,402;-0,16;0,33;-2,96
13,405;0,03;0,39;-2,74
13,407;0,29;0,41;-2,44
13,411;0,41;0,36;-2,14
13,414;0,38;0,20;-1,91
13,416;0,27;0,01;-1,81
13,417;0,26;0,03;-1,58
13,431;0,45;0,24;-1,42
13,441;0,50;0,48;-1,32
13,442;0,50;0,48;-1,32
13,503;0,44;0,80;-1,30
13,505;0,43;0,94;-1,29
13,506;0,37;1,00;-1,01
13,507;0,33;0,89;-0,50
13,508;0,37;0,69;0,11
13,509;0,30;0,53;0,58
13,513;0,13;0,42;1,14
13,526;0,05;0,39;1,51
13,531;-0,14;0,25;1,88
13,601;-0,33;0,07;2,33
13,604;-0,33;0,07;2,33
13,605;-0,39;-0,14;2,91
13,607;-0,35;-0,35;3,18
13,609;-0,19;-0,26;3,14
13,613;-0,04;0,30;2,52
13,615;-0,03;1,04;1,60
13,617;0,07;1,45;1,09
13,619;-0,03;0,83;1,16
13,636;0,06;-0,54;2,27
13,640;0,58;-1,51;4,01
13,642;0,58;-1,51;4,01
13,644;0,90;-1,71;5,52
13,708;0,58;-1,52;6,15
13,710;-0,14;-1,43;5,99
13,712;-0,50;-1,45;4,80
13,713;-0,25;-1,36;3,04
13,714;0,17;-1,28;1,55
13,715;0,44;-1,13;0,63
13,717;0,50;-0,87;-0,07
13,727;0,48;-0,59;-0,56
13,732;0,45;-0,35;-0,81
13,806;0,51;-0,15;-0,89
13,811;0,51;-0,15;-0,89
13,817;0,58;-0,03;-0,74
13,821;0,43;0,01;-0,71
13,825;0,21;0,01;-0,77
13,828;-0,04;0,04;-0,95
13,832;-0,24;0,15;-1,28
13,834;-0,41;0,21;-1,72
13,836;-0,50;0,20;-2,16
13,838;-0,52;0,17;-2,56
13,840;-0,43;0,16;-2,61
13,842;-0,30;0,19;-2,52
13,856;-0,20;0,21;-2,24
13,862;-0,13;0,28;-2,01
13,950;-0,15;0,32;-1,81
13,954;-0,17;0,31;-1,74
13,956;-0,11;0,35;-1,73
13,958;-0,07;0,39;-1,82
13,963;-0,09;0,45;-2,06
13,965;-0,20;0,44;-2,33
13,966;-0,19;0,38;-2,52
13,969;-0,13;0,34;-2,51
13,971;-0,20;0,22;-2,32
13,973;-0,31;0,10;-2,02
13,974;-0,33;0,05;-1,64
13,988;-0,24;0,01;-1,27
13,993;-0,06;0,02;-0,91
14,000;0,10;0,08;-0,96
14,068;0,15;0,18;-1,05
14,072;0,25;0,29;-1,01
14,075;0,29;0,45;-0,85
14,078;0,33;0,64;-0,55
14,081;0,33;0,76;-0,14
14,084;0,18;0,63;0,31
14,086;0,16;0,46;0,76
14,089;0,16;0,46;0,76
14,129;0,29;0,79;1,62
14,131;0,12;0,76;1,86
14,132;0,05;0,55;2,02
14,133;0,01;0,29;2,12
14,134;-0,06;0,04;2,46
14,145;0,01;-0,01;2,76
14,151;0,17;0,29;2,83
14,188;0,14;0,68;2,71
14,189;0,22;1,13;2,23
14,191;-0,19;1,06;1,75
14,192;-1,06;-0,08;1,71
14,199;-1,10;-1,25;2,40
14,228;-0,37;-1,66;3,39
14,230;0,13;-1,47;3,97
14,238;0,21;-1,17;4,20
14,241;-0,17;-1,05;3,93
14,251;-0,52;-1,12;3,18
14,267;-0,58;-1,21;2,20
14,339;-0,48;-1,32;1,26
14,341;-0,48;-1,32;1,26
14,342;-0,27;-1,23;0,55
14,343;0,02;-0,77;0,19
14,345;0,17;-0,20;-0,03
14,346;0,05;0,10;-0,21
14,347;-0,14;0,13;-0,29
14,348;-0,08;0,01;-0,25
14,354;0,17;-0,07;-0,30
14,356;0,17;-0,07;-0,30
14,363;0,29;-0,20;-0,54
14,380;0,28;-0,15;-0,67
14,383;0,32;-0,02;-0,93
14,457;0,30;0,12;-1,42
14,458;0,25;0,26;-1,99
14,458;0,20;0,36;-2,49
14,459;0,15;0,38;-2,77
14,459;0,04;0,42;-2,74
14,460;0,03;0,47;-2,57
14,460;-0,04;0,47;-2,55
14,460;-0,04;0,47;-2,55
14,461;-0,11;0,42;-2,57
14,478;-0,05;0,34;-2,41
14,484;-0,05;0,24;-2,39
14,507;0,27;0,31;-1,91
14,510;0,27;0,31;-1,91
14,512;0,30;0,22;-1,98
14,514;0,15;0,10;-2,15
14,597;0,07;-0,03;-2,19
14,599;0,07;-0,03;-2,19
14,600;0,30;-0,16;-1,95
14,602;0,31;-0,02;-1,84
14,603;0,26;0,20;-1,75
14,604;0,14;0,38;-1,69
14,605;0,03;0,40;-1,49
14,607;-0,02;0,36;-1,22
14,609;0,11;0,28;-0,79
14,614;0,24;0,28;-0,18
14,621;0,28;0,39;0,47
14,636;0,15;0,52;0,93
14,714;0,06;0,52;1,34
14,715;-0,08;0,34;1,54
14,716;-0,18;0,17;1,87
14,717;-0,27;0,03;1,93
14,719;-0,33;-0,11;1,86
14,721;-0,14;-0,24;1,79
14,723;0,17;-0,03;1,50
14,725;0,43;0,66;1,18
14,727;0,53;1,38;0,77
14,737;0,30;1,45;0,65
14,815;0,06;0,59;1,12
14,818;0,13;-0,60;1,91
14,822;0,45;-1,13;3,31
14,827;0,38;-0,90;4,89
14,831;0,18;-0,77;4,97
14,834;-0,19;-0,83;4,54
14,836;-0,35;-1,34;3,06
14,838;-0,31;-1,35;2,56
14,841;-0,15;-1,42;1,70
14,843;0,15;-1,24;1,12
14,844;0,37;-0,92;0,89
14,857;0,43;-0,60;0,92
14,867;0,39;-0,39;0,86
14,868;0,39;-0,39;0,86
14,872;0,42;-0,31;0,74
14,947;0,33;-0,26;0,47
14,951;0,16;-0,26;0,14
14,954;0,18;-0,20;-0,29
14,956;0,18;-0,01;-0,76
14,959;-0,06;0,09;-1,28
14,963;-0,39;0,11;-1,63
14,965;-0,49;0,08;-1,92
14,969;-0,40;0,12;-2,00
14,973;-0,37;0,15;-1,97
14,975;-0,37;0,15;-1,97
14,988;-0,23;0,10;-1,59
14,992;-0,11;0,10;-1,78
15,068;-0,13;0,13;-2,18
15,070;-0,24;0,20;-2,47
15,072;-0,28;0,31;-2,69
15,073;-0,14;0,46;-2,85
15,074;-0,12;0,51;-2,85
15,075;-0,20;0,50;-2,91
15,076;-0,32;0,41;-2,86
15,078;-0,35;0,30;-2,62
15,131;-0,30;0,19;-2,60
15,133;-0,24;0,10;-1,92
15,134;-0,23;0,08;-1,69
15,135;-0,17;0,16;-1,59
15,136;-0,14;0,25;-1,44
15,137;-0,05;0,38;-1,22
15,141;0,05;0,37;-1,08
15,152;0,21;0,37;-0,68
15,160;0,29;0,31;-0,27
15,228;0,38;0,32;0,12
15,230;0,41;0,37;0,64
15,236;0,43;0,41;1,26
15,237;0,47;0,60;1,98
15,238;0,52;0,69;2,36
15,240;0,48;0,53;2,73
15,241;0,32;0,11;2,85
15,242;0,32;0,11;2,85
15,244;0,16;-0,18;2,87
15,287;-0,02;-0,36;2,79
15,289;-0,13;-0,31;2,56
15,290;-0,12;0,11;2,01
15,292;-0,35;0,70;1,60
15,293;-0,91;0,83;1,29
15,305;-1,22;0,38;1,48
15,312;-1,19;-0,35;2,13
15,350;-0,78;-0,89;2,94
15,352;-0,40;-1,23;3,56
15,353;-0,15;-1,27;3,82
15,354;-0,05;-1,07;3,47
15,362;-0,26;-0,83;2,72
15,372;-0,50;-0,71;1,86
15,389;-0,37;-0,85;1,02
15,391;-0,15;-1,08;0,56
15,431;0,11;-1,11;0,28
15,434;0,26;-0,77;0,29
15,435;0,35;-0,21;0,19
15,439;0,19;0,19;-0,06
15,442;0,19;0,19;-0,06
15,444;-0,07;0,19;-0,26
15,452;-0,10;0,04;-0,37
15,466;0,10;-0,04;-0,30
15,482;0,35;-0,15;-0,27
15,485;0,36;-0,28;-0,33
15,493;0,20;-0,29;-0,56
15,557;0,11;-0,20;-0,85
15,561;0,13;-0,09;-0,99
15,563;0,20;-0,04;-0,95
15,565;0,21;0,02;-1,04
15,567;0,15;0,05;-1,28
15,569;-0,03;0,09;-1,65
15,574;-0,12;0,14;-1,86
15,576;-0,18;0,24;-1,89
15,583;-0,21;0,36;-2,07
15,592;-0,28;0,39;-2,40
15,612;-0,28;0,35;-2,54
15,614;-0,11;0,30;-2,36
15,620;0,06;0,21;-2,07
15,682;0,20;0,11;-1,85
15,684;0,33;0,12;-1,68
15,685;0,35;0,21;-1,55
15,686;0,28;0,39;-1,55
15,687;0,19;0,54;-1,78
15,688;0,08;0,55;-1,90
15,693;0,15;0,52;-1,92
15,702;0,27;0,54;-1,67
15,712;0,35;0,59;-1,26
15,729;0,17;0,55;-0,59
15,737;-0,05;0,45;0,13
15,740;-0,05;0,45;0,13
15,741;-0,05;0,41;0,76
15,819;0,02;0,61;1,11
15,822;0,03;0,78;1,11
15,824;-0,15;0,74;1,19
15,825;-0,23;0,50;1,15
15,827;-0,30;0,25;1,38
15,830;-0,38;-0,09;1,74
15,840;-0,35;-0,39;2,04
15,842;-0,15;-0,37;2,07
15,844;0,11;0,09;1,60
15,846;0,05;0,69;0,94
15,861;0,11;1,12;0,31
15,864;0,29;1,22;-0,17
15,939;0,31;0,66;0,18
15,941;0,51;-0,33;1,50
15,942;0,81;-1,02;3,51
15,943;0,94;-1,29;4,89
15,944;0,84;-1,30;5,27
15,945;0,36;-1,10;4,75
15,946;-0,09;-0,91;3,21
15,947;-0,43;-0,91;1,73
15,960;-0,40;-1,07;0,89
15,962;-0,10;-1,12;0,56
16,039;0,29;-0,91;0,73
16,041;0,50;-0,54;0,85
16,042;0,50;-0,23;0,65
16,044;0,36;-0,02;0,30
16,045;0,21;0,00;-0,08
16,046;0,18;-0,11;-0,31
16,046;0,15;-0,09;-0,32
16,047;0,23;-0,27;-0,59
16,124;0,09;-0,12;-0,81
16,127;-0,21;-0,02;-0,96
16,128;-0,36;-0,04;-1,19
16,135;-0,37;-0,09;-1,33
16,138;-0,21;-0,10;-1,42
16,141;-0,10;-0,08;-1,57
16,142;-0,07;-0,06;-1,62
16,144;-0,12;-0,02;-1,73
16,146;-0,15;0,07;-1,89
16,147;-0,03;0,19;-2,06
16,165;0,02;0,37;-2,43
16,171;-0,05;0,50;-2,58
16,172;-0,16;0,54;-2,88
16,180;-0,20;0,54;-2,95
16,236;-0,17;0,45;-2,82
16,239;-0,14;0,40;-2,53
16,242;-0,10;0,36;-2,18
16,243;-0,04;0,34;-1,94
16,246;-0,18;0,34;-1,72
16,249;-0,32;0,29;-1,53
16,252;-0,25;0,30;-1,30
16,269;-0,08;0,24;-1,03
16,275;0,03;0,09;-0,60
16,276;0,03;0,09;-0,60
16,281;0,09;0,06;-0,06
16,344;0,22;0,26;0,30
16,346;0,21;0,44;0,64
16,348;0,07;0,49;0,96
16,353;-0,14;0,48;1,47
16,355;-0,20;0,51;1,70
16,356;-0,38;0,35;2,04
16,357;-0,37;0,01;2,49
16,406;-0,36;0,02;2,49
16,408;-0,14;-0,20;2,91
16,410;-0,05;-0,06;2,50
16,411;-0,22;0,55;1,73
16,412;-0,57;0,98;1,23
16,413;-0,68;1,04;0,87
16,428;-0,53;0,63;0,86
16,431;-0,37;-0,07;1,27
16,473;-0,28;-0,61;2,08
16,475;-0,28;-1,03;3,38
16,476;-0,10;-1,26;4,46
16,477;0,42;-1,31;4,45
16,480;0,57;-1,18;3,70
16,499;0,19;-0,92;2,69
16,501;-0,25;-0,67;1,69
16,538;-0,44;-0,66;1,06
16,540;-0,34;-0,70;0,48
16,541;-0,22;-0,52;0,18
16,542;-0,03;-0,10;-0,07
16,551;-0,15;0,31;-0,48
16,560;-0,49;0,47;-0,94
16,579;-0,75;0,52;-1,25
16,581;-0,74;0,47;-1,29
16,626;-0,42;0,33;-1,11
16,627;-0,13;0,11;-0,97
16,628;0,10;-0,10;-0,83
16,630;0,24;-0,23;-0,77
16,631;0,27;-0,22;-0,86
16,641;0,23;-0,24;-1,01
16,651;0,24;-0,25;-0,84
16,670;0,26;-0,21;-0,83
16,673;0,21;-0,18;-1,07
16,681;0,14;-0,16;-1,16
16,717;0,11;-0,05;-1,41
16,719;0,01;0,03;-1,83
16,720;-0,03;0,06;-2,16
16,723;0,02;0,16;-2,45
16,731;0,05;0,24;-2,73
16,756;0,11;0,25;-2,76
16,760;0,20;0,20;-2,62
16,762;0,21;0,15;-2,50
16,771;0,28;0,07;-2,32
16,844;0,37;0,14;-2,02
16,851;0,48;0,30;-1,83
16,858;0,42;0,42;-1,72
16,861;0,31;0,52;-1,68
16,865;0,33;0,53;-1,67
16,868;0,37;0,47;-1,39
16,871;0,42;0,43;-0,94
16,875;0,54;0,34;-0,33
16,877;0,72;0,42;0,25
16,879;0,76;0,47;0,82
16,881;0,52;0,40;1,34
16,906;0,31;0,13;1,74
16,909;0,20;-0,07;1,77
17,009;-0,02;-0,25;1,85
17,012;-0,02;-0,25;1,85
17,014;-0,29;-0,43;1,97
17,015;-0,40;-0,53;2,17
17,017;-0,28;-0,44;2,21
17,020;-0,06;0,15;1,79
17,022;0,03;1,01;0,93
17,024;-0,28;1,58;0,10
17,026;-0,27;1,54;0,11
17,028;-0,63;0,49;0,30
17,030;0,06;-0,53;1,85
17,032;0,66;-1,05;4,02
17,034;0,60;-1,16;5,49
17,036;0,13;-1,09;5,93
17,042;-0,09;-0,84;5,61
17,052;-0,05;-0,60;4,14
17,071;-0,15;-0,58;2,17
17,074;-0,19;-0,74;0,78
17,154;0,03;-0,83;0,30
17,158;0,30;-0,68;0,22
17,162;0,55;-0,37;0,47
17,164;0,64;-0,06;0,51
17,166;0,64;0,12;0,39
17,168;0,50;0,15;0,13
17,176;0,24;0,07;-0,22
17,177;-0,03;-0,08;-0,39
17,182;-0,03;-0,08;-0,39
17,183;-0,12;-0,15;-0,59
17,185;-0,22;-0,13;-0,86
17,187;-0,41;-0,13;-1,16
17,230;-0,52;-0,11;-1,34
17,232;-0,55;-0,09;-1,38
17,234;-0,50;-0,13;-1,26
17,235;-0,33;-0,14;-1,00
17,236;-0,09;-0,05;-0,85
17,241;-0,06;0,05;-1,03
17,254;-0,17;0,16;-1,39
17,337;-0,18;0,28;-1,87
17,340;-0,18;0,28;-1,87
17,341;0,14;0,50;-2,86
17,343;0,14;0,49;-3,09
17,344;-0,04;0,40;-3,20
17,346;-0,20;0,25;-3,09
17,348;-0,29;0,04;-2,69
17,350;-0,22;-0,06;-2,11
17,352;0,02;0,02;-1,73
17,353;0,10;0,13;-1,67
17,399;-0,12;0,10;-1,83
17,400;-0,22;0,12;-1,91
17,401;-0,07;0,25;-2,04
17,402;0,06;0,36;-2,24
17,403;0,03;0,37;-2,22
17,422;0,02;0,45;-1,88
17,424;0,07;0,53;-1,23
17,467;0,10;0,46;-0,35
17,469;0,18;0,29;0,74
17,470;0,46;0,37;1,47
17,471;0,76;0,60;2,14
17,472;0,64;0,56;2,62
17,480;0,38;0,27;2,78
17,491;0,17;-0,06;2,77
17,507;0,07;-0,24;2,81
17,593;0,01;-0,45;2,86
17,597;0,01;-0,45;2,86
17,599;0,07;-0,43;2,82
17,601;0,20;0,10;2,68
17,604;0,05;0,64;2,49
17,606;-0,08;1,00;2,29
17,608;-0,89;0,78;2,15
17,610;-1,63;0,13;2,29
17,614;-1,67;-0,37;2,97
17,615;-1,26;-0,54;3,71
17,617;-0,75;-0,44;4,57
17,619;-0,28;-0,36;4,87
17,621;-0,30;-0,39;4,22
17,640;-0,48;-0,66;2,81
17,724;-0,47;-0,93;1,63
17,727;-0,47;-0,93;1,63
17,729;-0,21;-1,07;0,87
17,732;0,11;-0,97;0,14
17,734;0,26;-0,64;-0,37
17,736;0,36;-0,24;-0,52
17,738;0,22;-0,00;-0,69
17,741;0,17;0,03;-0,72
17,742;0,19;-0,09;-0,68
17,744;0,31;-0,25;-0,69
17,746;0,48;-0,38;-0,85
17,748;0,60;-0,49;-1,03
17,760;0,63;-0,53;-1,15
17,762;0,49;-0,51;-1,10
17,843;0,39;-0,44;-1,05
17,849;0,41;-0,38;-1,09
17,855;0,43;-0,31;-1,21
17,859;0,37;-0,20;-1,52
17,862;0,21;-0,00;-1,94
17,866;0,01;0,24;-2,39
17,869;-0,21;0,50;-2,91
17,873;-0,41;0,72;-3,30
17,875;-0,54;0,84;-3,35
17,877;-0,46;0,75;-3,22
17,879;-0,38;0,48;-2,94
17,881;-0,16;0,16;-2,41
17,895;0,09;-0,03;-1,75
17,898;0,09;-0,03;-1,75
17,911;0,24;-0,14;-1,30
17,912;0,24;-0,14;-1,30
17,994;0,59;-0,10;-0,72
17,996;0,57;0,10;-1,09
17,998;0,46;0,32;-1,63
17,999;0,22;0,41;-2,09
18,001;0,17;0,44;-2,10
18,003;0,25;0,46;-1,57
18,005;0,25;0,34;-0,79
18,007;0,31;0,24;-0,05
18,009;0,38;0,38;0,79
18,064;0,30;0,41;0,79
18,066;0,31;0,58;0,88
18,067;0,18;0,67;0,90
18,069;-0,04;0,49;0,86
18,070;-0,20;0,24;0,79
18,071;-0,34;-0,00;1,07
18,073;-0,34;-0,23;1,62
18,081;-0,13;-0,08;1,90
18,095;0,02;0,50;1,84
18,104;0,05;1,14;1,47
18,112;-0,05;1,27;1,27
18,186;-0,34;0,52;1,85
18,189;-0,20;-0,42;3,07
18,191;0,26;-1,01;4,11
18,193;0,73;-0,97;4,57
18,195;0,59;-0,89;5,04
18,196;-0,23;-1,08;4,74
18,198;-0,76;-1,16;3,79
18,201;-0,64;-1,18;2,19
18,203;-0,50;-1,06;1,82
18,259;-0,21;-0,91;1,31
18,261;0,20;-0,69;1,04
18,262;0,51;-0,50;0,86
18,264;0,61;-0,42;0,79
18,265;0,62;-0,38;0,43
18,266;0,57;-0,30;0,24
18,279;0,52;-0,27;-0,03
18,281;0,43;-0,30;-0,29
18,332;0,33;-0,27;-0,55
18,334;0,23;-0,20;-0,81
18,335;0,10;-0,18;-1,26
18,336;-0,12;-0,21;-1,56
18,337;-0,26;-0,29;-1,78
18,383;-0,32;-0,34;-1,98
18,384;-0,29;-0,30;-2,16
18,385;-0,35;-0,19;-2,26
18,386;-0,53;-0,02;-2,33
18,387;-0,53;-0,02;-2,33
18,390;-0,62;0,24;-2,62
18,400;-0,46;0,43;-2,84
18,412;-0,43;0,52;-3,00
18,463;-0,33;0,57;-3,15
18,466;-0,31;0,47;-3,05
18,468;-0,28;0,49;-2,94
18,471;-0,28;0,56;-2,62
18,473;-0,22;0,45;-2,15
18,475;-0,26;0,34;-1,70
18,481;-0,22;0,31;-1,39
18,499;-0,13;0,27;-1,28
18,589;-0,05;0,24;-1,17
18,593;0,08;0,17;-0,93
18,595;0,26;0,20;-0,71
18,597;0,26;0,25;-0,44
18,601;0,19;0,44;0,10
18,604;0,17;0,55;0,50
18,606;0,13;0,52;0,77
18,609;0,25;0,54;1,26
18,611;0,40;0,61;1,56
18,614;0,38;0,70;1,89
18,616;0,22;0,62;2,06
18,619;0,06;0,38;2,15
18,623;-0,14;0,15;2,40
18,631;-0,26;-0,06;2,64
18,647;-0,23;-0,08;2,93
18,657;-0,20;0,21;2,76
18,732;-0,39;0,64;2,32
18,735;-0,61;1,07;1,69
18,738;-1,14;0,95;1,49
18,743;-1,26;0,17;1,85
18,745;-0,61;-0,60;2,60
18,747;0,04;-1,17;3,47
18,749;0,30;-1,62;4,14
18,752;0,45;-1,88;4,00
18,755;0,29;-1,65;3,61
18,756;0,02;-1,22;2,79
18,769;-0,48;-0,97;1,82
18,773;-0,71;-1,04;0,95
18,781;-0,47;-1,11;0,41
18,855;-0,02;-0,78;-0,02
18,858;0,12;-0,31;-0,45
18,860;-0,00;0,14;-0,85
18,863;-0,19;0,34;-1,05
18,865;-0,33;0,30;-1,08
18,866;-0,32;0,15;-0,97
18,868;-0,10;-0,06;-0,76
18,871;0,31;-0,16;-0,58
18,872;0,35;-0,23;-0,57
18,888;0,29;-0,29;-0,47
18,892;0,21;-0,26;-0,35
18,900;0,15;-0,13;-0,32
18,974;0,23;-0,02;-0,62
18,981;0,20;0,04;-0,95
18,983;0,15;0,16;-1,45
18,985;0,07;0,38;-1,88
18,987;0,07;0,62;-2,33
18,989;0,06;0,74;-2,66
18,991;0,04;0,69;-2,71
18,993;0,09;0,53;-2,57
18,994;0,09;0,53;-2,57
18,995;0,17;0,36;-2,28
19,035;0,22;0,31;-1,94
19,037;0,24;0,30;-1,73
19,038;0,20;0,24;-1,63
19,040;0,20;0,20;-1,40
19,041;0,32;0,22;-1,37
19,051;0,42;0,33;-1,39
19,105;0,39;0,37;-1,38
19,107;0,30;0,40;-1,43
19,108;0,27;0,42;-1,44
19,112;0,23;0,49;-1,32
19,113;0,22;0,67;-1,13
19,114;0,21;0,77;-1,00
19,120;0,08;0,65;-0,71
19,152;0,11;0,54;-0,17
19,154;0,30;0,53;0,48
19,154;0,32;0,54;1,11
19,163;0,07;0,55;1,34
19,171;-0,14;0,44;1,62
19,181;-0,37;0,27;2,00
19,269;-0,51;0,11;2,13
19,272;-0,74;-0,13;2,31
19,275;-0,68;-0,26;2,25
19,276;-0,40;0,04;1,99
19,278;-0,04;0,58;1,25
19,281;-0,06;0,91;0,67
19,283;0,00;0,89;0,42
19,284;0,14;0,34;0,71
19,286;0,42;-0,53;1,71
19,288;0,60;-1,29;3,40
19,304;0,57;-1,62;4,83
19,306;0,57;-1,62;4,83
19,320;0,55;-1,11;4,68
19,407;0,31;-0,87;3,28
19,409;0,31;-0,87;3,28
19,410;-0,04;-1,15;0,38
19,412;0,16;-1,10;-0,35
19,413;0,33;-0,82;-0,48
19,414;0,44;-0,53;-0,50
19,415;0,39;-0,46;-0,51
19,416;0,40;-0,22;-0,10
19,418;0,37;-0,13;0,01
19,419;0,13;-0,16;0,05
19,421;-0,05;-0,17;0,08
19,432;-0,17;-0,20;0,10
19,440;-0,22;-0,23;-0,17
19,452;-0,32;-0,25;-0,54
19,541;-0,33;-0,18;-0,89
19,544;-0,24;-0,10;-1,08
19,546;-0,21;0,01;-1,28
19,549;-0,25;0,03;-1,42
19,552;-0,31;0,05;-1,43
19,553;-0,18;0,12;-1,41
19,554;-0,09;0,22;-1,51
19,556;-0,12;0,24;-1,71
19,557;-0,22;0,30;-1,81
19,558;-0,22;0,30;-1,81
19,560;-0,21;0,37;-2,35
19,607;-0,22;0,33;-2,33
19,608;-0,27;0,28;-2,20
19,610;-0,30;0,17;-2,16
19,611;-0,32;0,11;-2,11
19,621;-0,30;0,08;-2,02
19,623;-0,30;0,08;-2,02
19,624;-0,17;0,14;-2,03
19,669;-0,14;0,26;-2,20
19,671;-0,27;0,39;-2,34
19,672;-0,52;0,40;-2,20
19,673;-0,40;0,28;-1,77
19,674;0,02;0,23;-1,02
19,681;0,41;0,24;-0,27
19,692;0,55;0,33;0,20
19,707;0,48;0,33;0,56
19,791;0,50;0,33;0,93
19,793;0,50;0,33;0,93
19,795;0,64;0,53;1,19
19,796;0,53;0,78;1,13
19,797;0,34;0,87;0,98
19,799;0,26;0,66;0,91
19,801;0,26;0,26;1,20
19,804;0,24;-0,05;1,88
19,805;0,06;-0,23;2,57
19,807;-0,10;-0,20;2,89
19,809;-0,21;0,20;2,73
19,814;-0,17;0,85;2,22
19,821;-0,30;1,28;1,28
19,846;-0,93;0,78;0,71
19,848;-1,12;-0,37;1,09
19,852;-0,47;-1,23;2,37
19,862;0,26;-1,53;4,13
19,934;0,75;-1,41;5,29
19,938;0,60;-1,31;5,40
19,943;0,12;-1,22;4,66
19,946;-0,16;-1,04;3,47
19,948;-0,18;-0,92;2,28
19,950;-0,05;-0,84;1,29
19,953;0,15;-0,66;0,20
19,955;0,18;-0,32;-0,46
19,957;0,09;0,08;-0,76
19,972;-0,10;0,35;-0,83
19,975;-0,38;0,45;-0,88
20,068;-0,54;0,44;-0,75
20,073;-0,40;0,34;-0,49
20,075;-0,23;0,21;-0,31
20,079;-0,05;0,01;-0,25
20,085;0,00;-0,16;-0,32
20,088;0,05;-0,23;-0,55
20,092;-0,08;-0,23;-0,58
20,094;-0,15;-0,21;-0,83
20,096;-0,16;-0,13;-0,82
20,108;-0,07;-0,03;-0,96
20,110;-0,10;-0,01;-1,41
20,112;-0,26;-0,00;-1,98
20,114;-0,29;0,04;-2,48
20,116;-0,23;0,13;-2,92
20,133;-0,02;0,16;-3,23
20,135;0,06;0,15;-3,46
20,140;0,04;0,11;-3,54
20,240;0,02;0,06;-3,46
20,241;0,08;0,05;-3,30
20,241;0,20;0,04;-3,01
20,242;0,29;0,01;-2,73
20,243;0,25;-0,12;-2,19
20,243;0,26;-0,19;-1,52
20,244;0,51;-0,11;-1,02
20,245;0,63;0,07;-0,60
20,245;0,49;0,23;-0,37
20,246;0,21;0,29;-0,34
20,328;0,18;0,34;-0,17
20,330;0,37;0,40;0,28
20,332;0,41;0,42;1,05
20,334;0,50;0,44;1,75
20,335;0,49;0,54;2,28
20,336;0,33;0,67;2,63
20,339;0,13;0,73;2,71
20,341;0,03;0,63;2,69
20,342;0,06;0,37;2,69
20,343;0,24;0,06;2,75
20,357;0,44;0,10;2,58
20,361;0,36;0,53;1,99
20,450;0,10;1,10;1,11
20,453;-0,06;1,52;0,46
20,454;-0,19;1,48;-0,12
20,455;-0,13;0,89;0,20
20,457;0,13;0,02;1,50
20,458;0,35;-0,69;3,16
20,461;0,37;-1,35;4,22
20,463;0,46;-1,70;4,74
20,465;0,58;-1,52;4,74
20,467;0,56;-0,95;3,55
20,480;0,09;-0,54;1,61
20,483;-0,23;-0,51;0,13
20,551;-0,12;-0,68;-0,48
20,553;-0,12;-0,68;-0,48
20,553;0,24;-0,76;-0,56
20,555;0,60;-0,60;-0,36
20,555;0,86;-0,31;-0,11
20,556;0,85;-0,05;-0,11
20,557;0,62;0,11;-0,31
20,558;0,33;0,15;-0,57
20,561;0,14;0,03;-0,67
20,605;0,01;-0,06;-0,84
20,607;-0,05;-0,03;-1,13
20,608;-0,17;0,01;-1,46
20,609;-0,28;0,05;-1,67
20,612;-0,24;0,02;-1,77
20,635;-0,02;-0,02;-1,63
20,638;0,16;-0,02;-1,43
20,641;0,05;0,05;-1,44
20,695;-0,14;0,20;-1,51
20,697;-0,31;0,26;-1,68
20,699;-0,28;0,25;-1,83
20,702;-0,16;0,22;-2,08
20,705;-0,17;0,08;-2,21
20,708;-0,18;-0,01;-2,24
20,714;-0,09;-0,01;-2,02
20,733;-0,09;0,05;-1,80
20,735;-0,16;0,15;-1,66
20,834;-0,22;0,18;-1,76
20,837;-0,24;0,27;-2,01
20,840;-0,23;0,30;-2,32
20,842;-0,30;0,24;-2,26
20,845;-0,40;0,14;-1,97
20,847;-0,39;0,03;-1,38
20,849;-0,22;0,10;-0,63
20,851;-0,00;0,32;0,01
20,854;0,09;0,58;0,33
20,855;0,05;0,80;0,34
20,857;-0,10;0,88;0,43
20,859;-0,25;0,72;0,62
20,861;-0,13;0,67;0,86
20,891;-0,01;0,82;0,98
20,894;-0,01;0,82;0,98
20,896;-0,03;0,83;1,15
20,898;-0,16;0,59;1,37
20,900;-0,17;0,30;1,64
20,976;-0,11;0,08;1,87
20,978;-0,09;-0,16;2,26
20,980;-0,08;-0,31;2,73
20,981;-0,02;-0,04;2,78
20,982;-0,17;0,39;2,56
20,984;-0,34;0,73;1,91
20,985;-0,57;0,73;1,25
20,987;-0,93;0,14;1,43
20,992;-0,69;-0,51;2,54
21,000;-0,18;-0,94;3,81
21,015;0,06;-1,18;4,60
21,113;0,19;-1,34;4,50
21,116;0,04;-1,34;3,94
21,118;-0,13;-1,13;2,78
21,132;-0,32;-0,96;1,55
21,133;-0,43;-0,88;0,84
21,134;-0,41;-1,03;0,45
21,136;-0,22;-1,08;0,08
21,138;-0,21;-0,80;-0,13
21,140;-0,15;-0,24;-0,46
21,141;-0,18;0,16;-0,79
21,142;-0,23;0,31;-0,93
21,144;-0,19;0,21;-0,84
21,146;0,09;0,07;-0,56
21,152;0,38;-0,11;-0,36
21,170;0,53;-0,18;-0,31
21,173;0,49;-0,15;-0,48
21,181;0,27;-0,07;-0,55
21,191;0,15;0,10;-0,63
21,262;0,12;0,18;-0,69
21,265;0,02;0,14;-0,83
21,267;-0,06;0,17;-1,19
21,269;-0,17;0,18;-1,43
21,281;-0,31;0,18;-1,58
21,283;-0,39;0,25;-1,67
21,285;-0,28;0,29;-1,75
21,288;-0,25;0,32;-2,01
21,293;-0,20;0,32;-2,06
21,296;-0,14;0,32;-2,08
21,302;-0,22;0,33;-2,20
21,323;-0,34;0,24;-2,23
21,327;-0,40;0,06;-2,08
21,338;-0,25;-0,06;-1,73
21,341;0,12;-0,02;-1,37
21,426;0,36;0,08;-1,15
21,429;0,40;0,26;-1,21
21,433;0,31;0,35;-1,35
21,434;0,20;0,38;-1,34
21,436;0,19;0,41;-1,25
21,438;0,20;0,32;-0,86
21,441;0,30;0,28;-0,17
21,443;0,40;0,34;0,52
21,444;0,48;0,56;0,77
21,446;0,44;0,78;0,81
21,452;0,37;0,85;0,86
21,467;0,20;0,70;1,07
21,471;0,10;0,35;1,32
21,557;0,11;-0,07;1,38
21,558;0,14;-0,21;1,37
21,558;0,25;0,24;1,00
21,559;0,24;1,01;0,54
21,559;0,09;1,19;0,27
21,559;-0,07;0,53;0,47
21,560;0,08;-0,41;1,57
21,560;0,52;-0,84;3,41
21,560;0,66;-0,93;4,76
21,572;0,38;-0,83;5,12
21,583;0,11;-0,67;4,94
21,617;-0,09;-0,65;4,05
21,621;-0,09;-0,65;4,05
21,622;-0,37;-0,79;2,65
21,624;-0,62;-0,86;1,50
21,626;-0,66;-0,78;0,90
21,710;-0,42;-0,56;0,91
21,712;-0,04;-0,28;1,03
21,713;0,15;-0,09;0,87
21,715;0,24;0,09;0,52
21,716;0,30;0,18;0,07
21,718;0,41;0,31;-0,58
21,720;0,30;0,33;-0,89
21,722;0,25;0,25;-1,21
21,724;0,15;0,02;-1,17
21,725;0,10;-0,10;-1,05
21,732;0,09;-0,13;-1,01
21,740;-0,01;-0,22;-1,15
21,752;-0,11;-0,28;-1,26
21,854;-0,14;-0,29;-1,42
21,857;-0,16;-0,23;-1,65
21,860;-0,18;-0,20;-1,84
21,863;-0,21;-0,04;-2,03
21,865;-0,25;0,06;-2,14
21,867;-0,29;0,09;-2,22
21,869;-0,32;0,12;-2,34
21,871;-0,32;0,15;-2,17
21,873;-0,25;0,20;-1,85
21,874;-0,16;0,25;-1,57
21,875;-0,14;0,24;-1,42
21,877;-0,21;0,09;-1,24
21,921;-0,29;0,05;-1,15
21,923;-0,30;0,05;-1,29
21,924;-0,32;0,02;-1,71
21,925;-0,24;0,05;-2,07
21,926;-0,10;0,06;-2,01
21,938;-0,07;0,00;-2,00
21,941;0,22;0,01;-1,21
21,992;0,29;0,03;-0,67
21,994;0,32;0,20;0,02
21,995;0,20;0,39;0,41
21,996;0,05;0,41;0,56
21,997;0,00;0,44;0,64
22,004;0,17;0,63;0,68
22,040;0,29;0,75;0,73
22,043;0,18;0,64;1,00
22,045;0,18;0,64;1,00
22,055;0,15;0,37;1,36
22,057;0,24;0,12;1,64
22,062;0,34;0,01;1,91
22,063;0,37;-0,08;2,11
22,141;0,42;0,06;2,35
22,145;0,39;0,51;2,40
22,147;0,17;1,16;2,09
22,150;-0,21;1,49;1,47
22,154;-0,66;0,94;1,03
22,156;-0,74;-0,08;0,88
22,158;-0,56;-0,87;1,43
22,160;-0,26;-1,12;2,60
22,163;-0,01;-1,12;3,70
22,165;-0,01;-1,12;3,70
22,166;0,19;-1,03;4,04
22,174;0,13;-0,95;3,67
22,189;-0,26;-1,07;2,84
22,194;-0,31;-1,12;1,87
22,286;-0,14;-1,10;1,14
22,287;0,10;-0,80;0,55
22,287;0,17;-0,30;0,07
22,288;0,07;0,09;-0,37
22,288;-0,06;0,26;-0,48
22,289;-0,09;0,24;-0,47
22,289;0,21;0,16;-0,35
22,289;0,43;-0,04;-0,34
22,290;0,45;-0,28;-0,32
22,291;0,39;-0,40;-0,37
22,352;0,40;-0,34;-0,37
22,353;0,35;-0,16;-0,41
22,354;0,21;0,02;-0,75
22,355;0,04;0,03;-1,18
22,356;-0,11;0,06;-1,42
22,357;-0,10;0,05;-1,42
22,361;-0,02;0,33;-1,96
22,373;-0,12;0,38;-2,43
22,381;-0,25;0,39;-2,74
22,465;-0,33;0,35;-3,05
22,469;-0,33;0,35;-3,05
22,477;-0,37;0,26;-3,06
22,481;-0,36;0,25;-2,96
22,482;-0,14;0,28;-2,66
22,484;-0,10;0,15;-1,86
22,485;-0,17;-0,13;-0,83
22,487;-0,04;-0,32;-0,08
22,488;-0,00;-0,38;-0,12
22,490;-0,00;-0,23;-0,28
22,492;0,05;0,01;-0,64
22,495;0,19;0,31;-1,32
22,532;0,26;0,60;-1,95
22,534;0,17;0,83;-2,26
22,535;-0,10;0,89;-2,24
22,536;-0,11;0,75;-2,21
22,540;-0,21;0,86;-1,07
22,556;-0,12;0,86;-0,14
22,560;-0,07;0,88;0,38
22,615;0,01;0,94;1,06
22,617;0,12;0,77;1,32
22,619;0,14;0,45;1,29
22,621;0,23;0,10;1,38
22,622;0,21;-0,18;1,60
22,623;0,10;-0,36;1,89
22,632;0,26;-0,12;1,99
22,646;0,49;0,67;1,68
22,747;0,64;1,46;1,35
22,752;0,57;1,67;1,31
22,756;0,34;0,78;1,87
22,759;0,31;-0,65;2,99
22,762;0,23;-1,83;4,56
22,765;0,13;-2,20;5,96
22,767;-0,09;-1,90;6,30
22,771;-0,60;-1,52;5,97
22,774;-0,66;-1,31;4,89
22,776;-0,34;-1,23;3,30
22,778;0,06;-1,17;1,87
22,781;0,27;-1,09;0,54
22,783;0,20;-0,88;-0,41
22,784;0,09;-0,52;-0,95
22,792;0,13;-0,18;-1,32
22,829;0,13;0,02;-1,39
22,832;0,02;0,02;-1,23
22,833;-0,07;-0,14;-1,11
22,835;-0,07;-0,14;-1,11
22,937;-0,41;-0,20;-1,32
22,941;-0,53;-0,09;-1,45
22,944;-0,49;-0,08;-1,46
22,947;-0,73;0,02;-1,61
22,950;-0,65;0,05;-1,62
22,954;-0,40;0,05;-1,61
22,957;-0,07;0,04;-1,71
22,960;0,21;0,08;-1,97
22,962;0,20;0,05;-2,08
22,964;0,15;0,06;-2,01
22,966;0,19;0,22;-1,98
22,967;0,18;0,44;-2,06
22,969;-0,02;0,42;-1,96
22,972;0,00;0,38;-1,77
22,982;0,04;0,26;-1,62
22,997;0,09;0,12;-1,58
23,113;0,15;0,13;-1,65
23,136;0,15;0,13;-1,65
23,139;0,20;0,21;-1,64
23,141;0,17;0,33;-1,90
23,144;-0,04;0,33;-2,24
23,148;-0,20;0,33;-2,40
23,152;-0,31;0,24;-2,24
23,154;-0,26;0,16;-1,79
23,156;-0,06;0,22;-1,19
23,162;0,23;0,48;-0,47
23,163;0,30;0,69;0,09
23,165;0,21;0,61;0,87
23,167;0,21;0,60;1,36
23,172;0,12;0,71;1,42
23,173;-0,01;0,63;1,35
23,174;-0,05;0,46;1,55
23,175;0,04;0,21;2,17
23,176;0,31;-0,02;2,75
23,178;0,55;-0,01;3,30
23,181;0,65;-0,06;3,47
23,193;0,69;0,06;3,25
23,200;0,56;0,58;2,67
23,296;0,27;1,19;1,99
23,297;0,07;1,77;1,38
23,298;-0,67;1,44;1,14
23,299;-1,56;0,07;1,70
23,299;-1,42;-1,06;2,93
23,300;-0,56;-1,42;3,87
23,300;0,10;-1,32;4,15
23,301;0,03;-1,16;3,87
23,301;-0,31;-0,95;3,33
23,302;-0,50;-0,97;2,54
23,370;-0,51;-1,15;1,76
23,372;-0,40;-1,32;1,11
23,373;-0,14;-1,16;0,40
23,374;0,08;-0,69;-0,25
23,375;0,06;-0,13;-0,72
23,376;-0,16;0,17;-1,06
23,377;-0,30;0,26;-1,25
23,380;-0,23;0,16;-1,07
23,397;-0,10;-0,08;-0,80
23,401;0,05;-0,35;-0,47
23,475;0,26;-0,45;-0,49
23,477;0,31;-0,43;-0,67
23,479;0,29;-0,27;-1,01
23,480;0,12;-0,15;-1,31
23,482;0,01;-0,19;-1,35
23,483;0,02;-0,21;-1,31
23,485;0,13;-0,07;-1,30
23,486;-0,08;0,02;-1,37
23,548;-0,19;0,15;-1,50
23,550;-0,15;0,38;-1,72
23,551;-0,19;0,52;-2,12
23,552;-0,26;0,49;-2,38
23,553;-0,22;0,41;-2,58
23,554;-0,05;0,32;-2,46
23,556;0,13;0,23;-2,20
23,567;0,27;0,19;-1,84
23,571;0,41;0,23;-1,66
23,627;0,44;0,28;-1,52
23,628;0,53;0,32;-1,39
23,630;0,50;0,26;-1,33
23,632;0,39;0,20;-1,40
23,633;0,33;0,22;-1,47
23,634;0,28;0,38;-1,42
23,642;0,24;0,53;-1,16
23,656;0,23;0,64;-0,76
23,662;0,36;0,68;-0,36
23,671;0,52;0,65;-0,08
23,755;0,53;0,61;0,18
23,758;0,45;0,63;0,31
23,760;0,28;0,64;0,47
23,762;0,06;0,46;0,75
23,763;-0,11;0,23;1,11
23,765;-0,17;0,03;1,24
23,767;-0,26;-0,15;1,75
23,768;-0,26;-0,14;2,00
23,770;-0,06;0,32;1,86
23,774;0,00;0,89;1,58
23,780;0,10;1,23;1,21
23,799;0,07;1,09;0,78
23,802;0,07;1,09;0,78
23,895;-0,07;0,26;0,82
23,897;-0,07;0,26;0,82
23,898;0,11;-0,50;1,78
23,900;0,41;-0,92;2,96
23,901;0,41;-1,22;3,88
23,903;0,20;-1,37;4,18
23,904;-0,11;-1,43;3,91
23,906;-0,36;-1,38;2,76
23,907;-0,52;-1,38;1,57
23,909;-0,48;-1,45;1,01
23,911;-0,34;-1,43;1,13
23,912;0,06;-1,13;1,39
23,913;0,62;-0,63;1,45
23,963;0,61;-0,27;1,10
23,965;0,34;-0,06;0,52
23,966;0,10;0,09;-0,04
23,966;-0,03;0,11;-0,41
23,967;-0,14;0,03;-0,67
23,971;-0,24;-0,03;-0,99
23,987;-0,34;0,06;-1,28
23,992;-0,41;0,16;-1,59
24,045;-0,47;0,18;-1,77
24,047;-0,52;0,16;-1,99
24,048;-0,48;0,11;-1,99
24,050;-0,34;0,17;-1,90
24,051;-0,19;0,28;-1,67
24,052;-0,04;0,36;-1,82
24,061;-0,08;0,40;-1,99
24,100;-0,07;0,48;-2,12
24,102;0,01;0,59;-2,49
24,103;-0,11;0,60;-2,46
24,104;-0,06;0,56;-2,34
24,114;0,09;0,56;-2,12
24,116;0,09;0,56;-2,12
24,120;0,19;0,43;-1,94
24,140;0,14;0,17;-2,02
24,143;0,05;-0,04;-2,08
24,244;0,01;-0,06;-2,02
24,247;0,08;0,03;-1,91
24,249;0,07;0,09;-1,87
24,254;-0,03;0,06;-1,86
24,257;-0,09;-0,05;-1,56
24,261;0,06;-0,08;-1,04
24,264;0,27;-0,02;-0,45
24,266;0,38;0,09;0,20
24,268;0,26;0,22;0,68
24,273;0,00;0,29;1,15
24,275;-0,02;0,36;1,35
24,277;0,07;0,53;1,35
24,279;0,02;0,74;1,44
24,281;-0,24;0,76;1,61
24,294;-0,31;0,57;1,78
24,307;-0,15;0,33;2,08
24,400;0,12;0,16;2,43
24,402;0,14;-0,08;2,83
24,403;0,09;-0,13;2,82
24,404;0,12;0,34;2,34
24,405;-0,03;0,88;1,75
24,406;-0,16;1,08;1,06
24,408;-0,61;0,62;0,82
24,409;-0,87;-0,45;1,47
24,413;-0,61;-1,14;2,84
24,414;-0,28;-1,27;4,22
24,416;0,10;-1,21;4,97
24,421;0,25;-1,16;4,82
24,439;0,33;-1,04;3,86
24,442;0,17;-0,97;2,66
24,507;-0,09;-1,18;1,46
24,510;-0,12;-1,46;0,48
24,517;0,28;-1,33;-0,08
24,520;0,56;-0,81;-0,16
24,522;0,42;-0,23;-0,37
24,523;0,04;0,10;-0,62
24,525;-0,37;0,17;-0,80
24,527;-0,45;-0,00;-0,82
24,532;-0,16;-0,19;-0,66
24,545;0,19;-0,33;-0,29
24,569;0,39;-0,40;0,22
24,583;0,37;-0,38;0,39
24,584;0,19;-0,27;0,17
24,585;0,01;-0,21;-0,25
24,658;-0,19;-0,12;-0,71
24,662;-0,20;0,02;-1,11
24,665;-0,27;0,19;-1,45
24,667;-0,28;0,30;-1,74
24,669;-0,17;0,38;-1,96
24,672;0,02;0,49;-2,16
24,674;0,12;0,54;-2,32
24,676;0,12;0,53;-2,53
24,677;0,09;0,52;-2,66
24,692;0,11;0,42;-2,60
24,695;0,13;0,36;-2,43
24,787;0,16;0,33;-2,36
24,788;0,05;0,26;-2,08
24,789;0,08;0,14;-1,92
24,789;0,10;0,20;-1,67
24,789;0,10;0,39;-1,15
24,790;0,26;0,59;-0,88
24,790;0,37;0,62;-0,93
24,791;0,19;0,51;-1,03
24,791;0,05;0,51;-0,90
24,791;0,19;0,59;-0,61
24,802;0,38;0,66;-0,42
24,815;0,47;0,77;-0,28
24,902;0,48;0,87;-0,05
24,903;0,26;0,66;0,33
24,903;0,14;0,38;0,95
24,904;-0,05;0,00;1,68
24,904;-0,32;-0,35;2,12
24,905;-0,39;-0,44;2,59
24,905;-0,31;-0,40;2,69
24,906;-0,18;-0,25;2,30
24,906;-0,06;0,24;1,45
24,911;0,05;1,00;0,55
24,964;-0,23;1,51;-0,09
24,966;-0,75;1,28;-0,03
24,967;-0,62;0,21;0,78
24,969;-0,07;-0,88;2,06
24,971;0,29;-1,48;3,75
24,976;0,74;-1,48;4,96
24,980;0,48;-1,43;5,25
24,992;0,17;-1,03;4,22
25,090;0,05;-0,68;2,51
25,093;-0,15;-0,77;1,26
25,094;-0,14;-0,89;0,89
25,095;0,31;-0,74;0,62
25,096;0,56;-0,49;0,43
25,097;0,44;-0,30;0,38
25,098;0,38;-0,11;0,39
25,100;0,39;0,04;0,33
25,102;0,15;0,02;0,22
25,103;-0,12;-0,01;-0,01
25,104;-0,27;0,01;-0,36
25,155;-0,37;0,14;-0,90
25,156;-0,48;0,20;-1,50
25,157;-0,55;0,19;-2,06
25,158;-0,59;0,06;-2,22
25,160;-0,29;0,16;-2,57
25,161;-0,27;0,21;-2,48
25,176;-0,34;0,23;-2,40
25,180;-0,27;0,35;-2,24
25,235;-0,27;0,36;-2,07
25,237;-0,09;0,42;-2,11
25,238;-0,05;0,37;-1,80
25,239;0,01;0,28;-1,68
25,240;0,03;0,19;-1,59
25,241;0,12;0,10;-1,88
25,252;0,12;0,04;-2,08
25,263;0,14;-0,05;-2,00
25,327;0,24;-0,08;-2,08
25,332;0,39;-0,06;-2,02
25,334;0,38;-0,03;-1,73
25,337;0,24;0,06;-1,54
25,341;0,02;0,11;-1,46
25,343;-0,08;0,10;-1,28
25,345;0,05;0,18;-1,04
25,346;0,19;0,23;-0,93
25,365;0,24;0,28;-0,89
25,368;0,09;0,33;-0,79
25,470;-0,06;0,41;-0,48
25,475;-0,05;0,48;0,13
25,480;0,11;0,70;0,68
25,483;0,14;0,84;0,96
25,485;0,01;0,73;1,18
25,488;-0,12;0,51;1,45
25,491;-0,13;0,28;1,83
25,493;-0,09;0,09;2,19
25,494;-0,15;-0,08;2,41
25,496;-0,19;-0,04;2,40
25,497;-0,09;0,44;2,08
25,499;-0,09;0,44;2,08
25,501;-0,11;1,18;1,87
25,502;-0,45;1,37;1,50
25,504;-1,00;0,40;1,60
25,516;-0,76;-0,78;2,37
25,629;-0,07;-1,34;3,51
25,633;0,25;-1,51;4,50
25,637;0,27;-1,61;5,19
25,641;0,22;-1,60;5,24
25,643;0,15;-1,43;4,54
25,645;-0,01;-1,21;3,59
25,648;-0,07;-1,12;2,67
25,650;-0,13;-1,21;1,49
25,654;0,03;-1,12;0,53
25,656;0,16;-0,79;-0,10
25,660;0,06;-0,30;-0,55
25,662;-0,09;0,10;-0,98
25,664;-0,21;0,36;-1,28
25,665;-0,32;0,49;-1,28
25,667;-0,25;0,39;-1,05
25,731;-0,10;0,12;-0,67
25,734;0,07;-0,20;-0,24
25,736;0,29;-0,28;0,02
25,741;0,33;-0,23;-0,07
25,744;0,21;-0,11;-0,33
25,746;0,09;0,03;-0,54
25,749;0,00;0,11;-0,57
25,751;-0,13;0,05;-0,83
25,753;-0,07;0,17;-0,87
25,773;-0,04;0,16;-0,87
25,776;-0,22;0,28;-1,86
25,781;-0,43;0,29;-2,36
25,876;-0,48;0,32;-2,66
25,878;-0,37;0,34;-2,75
25,879;-0,15;0,34;-2,73
25,881;0,02;0,20;-2,62
25,882;0,14;0,12;-2,39
25,883;0,25;0,10;-2,09
25,885;0,31;0,07;-1,85
25,886;0,44;0,14;-1,71
25,887;0,51;0,17;-1,81
25,889;0,42;0,19;-1,88
25,893;0,31;0,24;-1,77
25,950;0,19;0,38;-1,50
25,952;0,27;0,49;-1,29
25,953;0,27;0,48;-1,12
25,954;0,17;0,39;-0,80
25,955;0,06;0,37;-0,16
25,957;-0,02;0,45;0,68
25,975;-0,02;0,45;0,68
25,976;-0,06;0,52;1,18
25,977;0,09;0,52;1,36
26,008;-0,09;0,39;1,57
26,009;-0,44;0,18;1,74
26,009;-0,55;0,01;2,02
26,010;-0,41;-0,18;2,38
26,020;-0,05;-0,18;2,52
26,069;0,24;0,05;2,28
26,070;0,33;0,71;1,58
26,070;0,21;1,51;0,44
26,070;0,18;1,47;0,44
26,071;0,12;0,92;-0,51
26,084;0,40;-0,38;0,19
26,145;0,46;-1,22;1,55
26,147;0,42;-1,45;3,40
26,148;0,28;-1,39;4,73
26,149;0,14;-1,30;5,24
26,150;0,16;-1,23;4,73
26,151;0,22;-1,23;3,48
26,152;0,24;-1,14;2,16
26,206;0,22;-0,85;1,16
26,207;0,31;-0,43;0,62
26,208;0,39;-0,09;0,28
26,209;0,48;0,17;-0,09
26,210;0,39;0,25;-0,35
26,211;0,22;0,17;-0,49
26,220;0,08;0,01;-0,43
26,234;0,05;-0,10;-0,32
26,241;0,09;-0,12;-0,59
26,336;-0,04;-0,06;-0,86
26,339;-0,13;0,00;-1,29
26,342;-0,14;-0,04;-1,47
26,344;-0,12;-0,08;-1,82
26,346;-0,09;-0,06;-2,01
26,349;-0,09;0,06;-2,06
26,351;-0,17;0,19;-1,93
26,353;-0,22;0,30;-1,86
26,355;-0,24;0,33;-1,91
26,358;-0,15;0,34;-2,04
26,361;-0,12;0,30;-2,27
26,365;-0,16;0,28;-2,43
26,372;-0,15;0,20;-2,53
26,393;-0,18;0,10;-2,23
26,396;-0,26;0,05;-1,88
26,402;-0,38;0,00;-1,55
26,498;-0,27;0,02;-1,36
26,502;-0,18;0,08;-1,36
26,504;-0,20;0,09;-1,52
26,506;-0,25;0,13;-1,72
26,508;-0,25;0,21;-1,92
26,513;-0,23;0,19;-1,96
26,515;-0,13;0,09;-1,73
26,516;0,12;0,17;-1,25
26,517;0,25;0,33;-0,76
26,519;0,34;0,46;-0,39
26,521;0,33;0,49;-0,16
26,522;0,22;0,38;0,14
26,535;0,25;0,29;0,60
26,541;0,43;0,50;0,98
26,639;0,42;0,80;1,29
26,641;0,33;0,90;1,41
26,643;0,24;0,78;1,39
26,644;0,07;0,56;1,17
26,649;-0,10;0,31;1,12
26,650;-0,12;0,06;1,35
26,652;0,00;0,13;1,65
26,653;0,10;0,58;1,92
26,654;0,09;1,23;1,82
26,656;-0,49;1,02;1,57
26,657;-1,32;-0,40;1,88
26,708;-1,09;-1,80;3,33
26,710;-0,14;-2,23;5,12
26,711;0,39;-2,00;5,95
26,712;0,28;-1,69;6,22
26,713;-0,13;-1,47;5,72
26,714;-0,31;-1,28;4,62
26,724;-0,32;-1,09;4,59
26,786;-0,40;-1,45;1,81
26,788;-0,26;-1,56;0,91
26,789;-0,09;-1,33;0,13
26,790;-0,13;-0,73;-0,05
26,791;-0,33;-0,10;-0,23
26,792;-0,53;0,28;-0,43
26,793;-0,70;0,35;-0,58
26,852;-0,69;0,27;-0,56
26,855;-0,45;0,12;-0,44
26,857;-0,22;0,00;-0,39
26,859;-0,15;-0,06;-0,47
26,862;-0,13;-0,04;-0,58
26,866;-0,15;0,03;-0,64
26,868;-0,09;0,09;-0,75
26,889;-0,03;0,19;-0,90
26,892;0,02;0,32;-1,19
26,894;0,07;0,42;-1,47
26,994;0,13;0,50;-1,74
26,999;0,07;0,54;-2,10
27,001;0,04;0,56;-2,49
27,004;0,04;0,47;-2,73
27,008;0,08;0,34;-2,79
27,022;0,14;0,23;-2,56
27,024;0,28;0,23;-2,35
27,026;0,42;0,19;-2,13
27,027;0,51;0,13;-2,00
27,029;0,49;0,16;-1,71
27,032;0,47;0,23;-1,43
27,033;0,44;0,43;-1,53
27,035;0,37;0,44;-1,65
27,037;0,28;0,48;-1,89
27,051;0,20;0,55;-1,98
27,053;0,17;0,61;-1,92
27,061;0,18;0,66;-1,69
27,168;0,18;0,60;-1,27
27,172;0,39;0,52;-0,49
27,175;0,49;0,47;0,36
27,177;0,43;0,53;1,03
27,179;0,15;0,63;1,34
27,183;-0,14;0,47;1,36
27,185;-0,17;0,42;1,37
27,187;-0,30;-0,08;1,31
27,189;-0,23;-0,27;1,34
27,191;-0,23;-0,38;1,63
27,193;-0,04;-0,31;1,82
27,194;0,18;0,14;1,56
27,196;0,13;0,70;1,02
27,251;0,01;1,05;0,35
27,253;0,04;0,94;-0,01
27,254;0,17;0,14;0,10
27,255;0,56;-0,82;1,15
27,256;0,72;-1,50;3,15
27,256;0,68;-1,38;3,12
27,260;0,39;-1,74;5,52
27,284;0,35;-1,50;5,48
27,287;-0,12;-1,64;4,04
27,293;-0,15;-1,70;2,72
27,386;0,07;-1,51;1,73
27,390;0,42;-1,28;1,25
27,392;0,77;-0,96;1,12
27,394;0,89;-0,60;1,04
27,396;0,81;-0,33;0,79
27,398;0,79;-0,14;0,52
27,405;0,75;0,06;0,06
27,407;0,66;0,16;-0,35
27,409;0,37;0,18;-0,57
27,411;0,12;0,24;-0,88
27,413;-0,10;0,30;-1,26
27,415;-0,28;0,34;-1,41
27,429;-0,28;0,32;-1,56
27,431;-0,34;0,23;-1,35
27,471;-0,34;0,21;-1,05
27,474;-0,37;0,21;-0,82
27,475;-0,37;0,19;-0,77
27,476;-0,29;0,21;-0,77
27,481;-0,30;0,28;-0,96
27,507;-0,27;0,36;-1,26
27,509;-0,29;0,44;-1,66
27,512;-0,30;0,45;-2,08
27,520;-0,37;0,41;-2,36
27,531;-0,43;0,39;-2,45
27,560;-0,41;0,47;-2,30
27,566;-0,46;0,44;-2,18
27,569;-0,44;0,34;-2,16
27,572;-0,41;0,27;-2,30
27,616;-0,49;0,27;-2,34
27,618;-0,49;0,33;-2,33
27,620;-0,30;0,45;-2,34
27,622;-0,13;0,53;-2,34
27,623;-0,07;0,46;-2,34
27,631;-0,11;0,33;-2,06
27,649;-0,14;0,28;-1,52
27,705;0,05;0,41;-0,79
27,707;0,05;0,41;-0,79
27,709;0,22;0,50;-0,06
27,711;0,23;0,43;0,52
27,713;0,28;0,32;0,90
27,715;0,44;0,41;1,21
27,717;0,64;0,64;1,29
27,720;0,60;0,79;1,53
27,722;0,27;0,60;1,78
27,732;0,08;0,22;1,69
27,750;-0,13;0,02;1,73
27,755;-0,30;-0,14;1,99
27,814;-0,24;-0,28;2,28
27,816;-0,11;-0,10;2,26
27,817;-0,19;0,51;1,88
27,818;-0,35;0,97;1,59
27,821;-0,37;1,13;1,26
27,822;-1,08;0,63;1,28
27,824;-1,31;-0,20;2,02
27,833;-0,75;-0,84;3,34
27,856;-0,42;-1,29;4,52
27,863;-0,25;-1,61;5,22
27,864;-0,00;-1,58;4,99
27,909;-0,11;-1,41;3,95
27,912;-0,31;-1,23;2,72
27,913;-0,38;-1,31;1,66
27,914;-0,28;-1,56;1,00
27,915;0,02;-1,42;0,71
27,921;0,22;-0,90;0,28
27,931;0,17;-0,34;0,21
27,948;0,01;0,02;0,01
27,951;-0,04;0,15;-0,13
28,009;0,16;0,09;-0,13
28,011;0,40;-0,02;-0,01
28,012;0,51;-0,21;0,05
28,013;0,51;-0,29;0,10
28,014;0,54;-0,28;0,03
28,015;0,41;-0,30;-0,02
28,020;0,23;-0,21;-0,18
28,032;0,10;0,01;-0,41
28,050;0,03;0,16;-0,66
28,110;-0,06;0,26;-1,01
28,112;-0,06;0,26;-1,01
28,113;-0,10;0,33;-1,25
28,115;-0,09;0,41;-1,75
28,116;-0,17;0,53;-2,25
28,117;-0,24;0,62;-2,64
28,118;-0,26;0,64;-2,76
28,120;-0,18;0,57;-2,62
28,121;-0,10;0,44;-2,28
28,131;-0,03;0,34;-1,89
28,147;0,10;0,28;-1,67
28,151;0,26;0,27;-1,60
28,204;0,35;0,33;-1,67
28,207;0,36;0,42;-2,04
28,209;0,25;0,46;-2,38
28,211;0,11;0,47;-2,32
28,213;0,07;0,44;-1,76
28,215;0,17;0,47;-1,15
28,221;0,24;0,52;-0,66
28,233;0,19;0,62;-0,31
28,279;0,18;0,68;-0,28
28,281;0,16;0,66;-0,30
28,282;0,32;0,64;-0,09
28,283;0,44;0,55;0,39
28,284;0,39;0,41;0,85
28,295;0,13;0,14;1,04
28,301;-0,03;-0,07;1,04
28,319;-0,19;-0,19;0,90
28,322;-0,36;-0,27;0,74
28,376;-0,35;-0,24;0,59
28,379;-0,14;0,13;0,31
28,380;0,05;0,69;-0,13
28,381;0,08;1,22;-0,69
28,382;-0,03;1,44;-0,99
28,383;-0,18;0,78;-0,33
28,396;-0,28;-0,57;1,44
28,401;-0,02;-1,64;4,11
28,419;0,42;-2,14;5,95
28,422;0,69;-1,98;7,00
28,485;0,54;-1,45;6,98
28,487;0,22;-0,95;5,41
28,488;-0,08;-0,87;2,99
28,489;-0,03;-0,99;0,95
28,492;0,26;-1,10;-0,04
28,494;0,55;-0,88;-0,70
28,495;0,57;-0,52;-0,96
28,501;0,54;-0,11;-0,85
28,517;0,44;0,18;-0,57
28,521;0,39;0,29;-0,40
28,567;0,33;0,30;-0,16
28,569;0,17;0,13;0,02
28,570;0,05;0,04;-0,01
28,571;-0,14;-0,02;-0,32
28,572;-0,34;-0,02;-0,67
28,580;-0,44;-0,02;-0,96
28,592;-0,38;0,05;-1,08
28,603;-0,44;0,03;-1,20
28,660;-0,52;-0,03;-1,03
28,663;-0,55;-0,07;-0,73
28,665;-0,55;-0,03;-0,68
28,666;-0,51;-0,03;-0,68
28,669;-0,53;0,24;-1,14
28,671;-0,54;0,33;-1,47
28,673;-0,64;0,40;-1,63
28,681;-0,67;0,45;-1,78
28,692;-0,58;0,47;-1,96
28,706;-0,50;0,44;-2,13
28,767;-0,48;0,32;-2,23
28,770;-0,47;0,19;-2,16
28,772;-0,40;0,20;-2,21
28,773;-0,34;0,28;-2,16
28,774;-0,28;0,29;-2,12
28,777;-0,11;0,32;-2,10
28,779;0,09;0,35;-2,05
28,781;0,11;0,35;-1,86
28,792;0,17;0,37;-1,59
28,807;0,35;0,40;-1,08
28,817;0,45;0,46;-0,62
28,820;0,40;0,53;-0,28
28,879;0,42;0,57;-0,00
28,881;0,52;0,44;0,28
28,882;0,58;0,28;0,41
28,883;0,61;0,31;0,50
28,884;0,53;0,42;0,57
28,886;0,26;0,34;0,84
28,892;0,02;0,04;1,23
28,902;0,04;-0,20;1,94
28,912;0,21;-0,32;2,70
28,928;0,24;-0,32;3,17
28,946;0,17;-0,09;3,23
28,948;-0,02;0,24;2,72
28,965;-0,21;0,53;1,94
28,967;-0,22;0,82;0,91
29,002;-0,42;0,80;0,32
29,003;-0,62;0,31;0,74
29,003;-0,38;-0,22;1,71
29,003;-0,02;-0,42;2,51
29,016;0,19;-0,51;3,19
29,020;-0,07;-0,97;3,59
29,031;-0,19;-1,52;3,66
29,040;-0,01;-1,73;3,22
29,091;0,17;-1,43;2,40
29,092;0,06;-1,09;1,46
29,092;-0,26;-0,95;0,76
29,092;-0,61;-1,01;0,04
29,093;-0,66;-1,07;-0,21
29,102;-0,45;-0,94;-0,19
29,136;-0,13;-0,51;-0,23
29,141;-0,13;-0,51;-0,23
29,143;-0,06;-0,32;-0,32
29,145;-0,14;-0,14;-0,56
29,147;-0,28;-0,10;-0,83
29,224;-0,24;-0,21;-1,06
29,226;-0,02;-0,31;-0,99
29,227;0,19;-0,48;-0,76
29,229;0,31;-0,60;-0,71
29,230;0,37;-0,46;-0,69
29,232;0,33;-0,27;-0,60
29,234;0,30;-0,14;-0,42
29,236;0,14;-0,04;-0,27
29,237;0,13;0,17;-0,24
29,238;0,13;0,17;-0,24
29,242;0,16;0,42;-0,42
29,259;0,01;0,52;-0,78
29,261;-0,11;0,55;-1,17
29,308;-0,10;0,48;-1,22
29,309;0,04;0,46;-0,97
29,310;0,19;0,45;-0,65
29,310;0,22;0,43;-0,41
29,311;0,31;0,52;-0,25
29,321;0,35;0,60;-0,18
29,355;0,32;0,55;-0,37
29,359;0,32;0,55;-0,37
29,361;0,31;0,50;-0,72
29,362;0,35;0,43;-1,09
29,364;0,31;0,39;-1,25
29,426;0,38;0,43;-1,24
29,428;0,41;0,43;-1,04
29,430;0,29;0,47;-0,79
29,431;0,16;0,49;-0,68
29,433;-0,01;0,54;-0,72
29,435;-0,08;0,49;-0,67
29,436;-0,15;0,48;-0,42
29,441;-0,09;0,53;-0,22
29,463;-0,13;0,44;-0,27
29,466;-0,26;0,29;-0,44
29,517;-0,29;0,25;-0,44
29,518;-0,27;0,26;-0,36
29,520;-0,27;0,29;-0,13
29,521;-0,27;0,26;0,09
29,522;-0,28;0,20;0,32
29,523;-0,24;0,14;0,46
29,532;-0,29;0,12;0,55
29,540;-0,27;0,13;0,58
29,558;-0,25;0,22;0,59
29,570;-0,24;0,23;0,66
29,572;-0,24;0,23;0,66
29,573;-0,26;0,18;0,68
29,633;-0,29;0,10;0,78
29,635;-0,32;0,07;0,82
29,636;-0,35;0,07;0,84
29,637;-0,36;0,23;0,87
29,639;-0,27;0,47;0,69
29,641;-0,27;0,53;0,50
29,642;-0,25;0,48;0,33
29,651;-0,14;0,59;0,27
29,660;-0,04;0,84;0,32
29,676;-0,04;0,73;0,42
29,681;0,06;-0,03;0,86
29,732;0,18;-0,22;1,09
29,734;0,52;-0,47;1,49
29,735;0,68;-0,55;1,74
29,736;0,61;-0,50;1,70
29,737;0,45;-0,56;1,41
29,743;0,54;-0,70;1,03
29,762;0,71;-0,84;0,53
29,764;0,75;-0,95;0,05
29,822;0,75;-0,95;-0,14
29,824;0,71;-0,89;-0,09
29,825;0,58;-0,78;0,04
29,826;0,43;-0,57;0,00
29,827;0,29;-0,44;-0,14
29,828;0,21;-0,34;-0,31
29,831;0,09;-0,34;-0,34
29,841;0,13;-0,30;-0,58
29,865;0,03;-0,32;-0,57
29,869;-0,03;-0,26;-0,46
29,874;0,05;-0,11;-0,24
29,876;0,05;-0,11;-0,24
29,883;0,07;-0,17;-0,23
29,940;0,12;-0,34;-0,28
29,942;0,15;-0,35;-0,27
29,943;0,17;-0,43;-0,17
29,944;0,05;-0,53;0,06
29,945;-0,08;-0,58;0,32
29,946;-0,19;-0,62;0,40
29,951;-0,28;-0,53;0,43
29,961;-0,27;-0,34;0,28
29,984;-0,29;-0,13;-0,01
29,987;-0,33;-0,01;-0,28
29,994;-0,35;-0,06;-0,42
30,001;-0,32;-0,10;-0,20
30,057;-0,28;0,02;0,09
30,060;-0,29;0,08;0,14
30,061;-0,35;0,22;0,04
30,062;-0,32;0,27;-0,21
30,063;-0,26;0,21;-0,42
30,064;-0,20;0,14;-0,50
30,078;-0,12;0,11;-0,41
30,081;-0,06;0,10;-0,35
30,136;0,05;0,15;-0,20
30,139;0,04;0,17;-0,08
30,141;-0,00;0,16;0,07
30,143;-0,03;0,14;0,23
30,145;0,02;0,13;0,27
30,147;0,10;0,19;0,32
30,152;0,10;0,25;0,36
30,163;0,02;0,30;0,29
30,189;-0,01;0,30;0,24
30,193;0,07;0,29;0,15
30,195;0,10;0,29;-0,02
30,200;0,09;0,27;-0,08
30,246;0,06;0,28;-0,01
30,248;0,03;0,23;0,09
30,250;0,07;0,18;0,11
30,251;0,10;0,20;0,12
30,253;0,11;0,28;0,01
30,265;0,18;0,28;-0,05
30,271;0,18;0,23;-0,13
30,320;0,14;0,24;-0,23
30,322;0,10;0,29;-0,22
30,323;0,02;0,27;-0,24
30,324;-0,02;0,20;-0,19
30,325;0,05;0,19;-0,20
30,331;0,02;0,16;0,00
30,340;-0,08;0,12;0,15
30,351;-0,15;0,13;0,43
30,364;-0,05;0,17;0,59
30,372;-0,04;0,14;0,52
30,423;-0,03;0,16;0,35
30,425;0,02;0,18;0,13
30,427;0,02;0,22;-0,04
30,428;0,03;0,31;-0,10
30,432;0,05;0,35;-0,03
30,434;0,05;0,32;-0,02
30,437;0,05;0,32;-0,02
30,442;0,15;0,31;-0,00
30,451;0,21;0,25;0,01
30,464;0,34;0,22;-0,06
30,472;0,31;0,21;-0,12
30,518;0,18;0,21;-0,20
30,520;0,04;0,17;-0,08
30,521;0,05;0,15;0,10
30,522;0,12;0,13;0,17
30,524;0,06;0,09;0,12
30,532;-0,02;0,09;0,04
30,542;-0,02;0,08;0,05
30,557;-0,16;-0,00;-0,24
30,562;-0,22;-0,06;-0,37
30,571;-0,27;-0,05;-0,34
30,617;-0,23;-0,03;-0,28
30,620;-0,25;-0,02;-0,23
30,622;-0,37;-0,03;0,05
30,624;-0,31;0,00;0,17
30,626;-0,28;0,02;0,23
30,633;-0,16;-0,01;0,27
30,653;-0,11;-0,06;0,17
30,657;-0,11;-0,09;0,00
30,663;-0,16;-0,04;-0,08
30,671;-0,12;0,01;0,02
30,713;-0,04;0,07;0,20
30,715;0,09;0,13;0,28
30,716;0,13;0,07;0,25
30,717;0,09;0,06;0,09
30,721;0,11;0,10;-0,10
30,731;0,09;0,15;-0,17
30,741;0,10;0,13;-0,08
30,756;0,09;0,13;-0,04
30,835;0,06;0,11;-0,04
30,837;-0,03;0,04;-0,06
30,839;-0,04;-0,04;-0,04
30,840;-0,09;-0,09;0,02
30,842;-0,07;-0,09;0,13
30,843;-0,04;-0,06;0,10
30,845;-0,06;-0,09;0,08
30,846;-0,11;-0,11;0,01
30,847;-0,07;-0,04;-0,01
30,853;-0,03;0,03;0,01
30,873;-0,03;0,04;0,06
30,880;-0,04;0,00;-0,00
30,881;-0,07;0,01;0,06
30,891;-0,06;0,01;0,09
30,933;-0,06;0,01;0,12
30,934;-0,04;-0,00;0,11
30,934;-0,05;-0,01;0,10
30,935;-0,01;-0,01;0,11
30,941;0,03;-0,02;0,21
30,953;0,00;0,02;0,21
30,974;-0,02;0,07;0,08
30,977;-0,05;0,13;-0,10
31,054;-0,05;0,12;-0,22
31,056;-0,05;0,11;-0,23
31,057;-0,08;0,04;-0,14
31,058;-0,06;0,03;-0,00
31,060;-0,03;0,06;0,08
31,063;-0,01;0,06;0,07
31,065;-0,03;-0,00;0,13
31,067;-0,03;-0,03;0,19
31,069;0,02;-0,04;0,25
31,074;-0,05;-0,04;0,21
31,088;-0,04;-0,03;0,15
31,092;-0,08;0,03;0,19
31,141;-0,08;0,05;0,18
31,143;-0,05;0,06;0,23
31,145;-0,01;0,04;0,19
31,146;-0,00;0,03;0,06
31,147;-0,03;0,02;-0,10
31,158;-0,06;0,01;-0,13
31,163;-0,06;0,00;-0,13
31,216;0,04;0,10;0,03
31,223;-0,03;0,07;0,12
31,226;-0,05;0,07;0,10
31,232;0,01;0,07;-0,01
31,234;0,04;0,05;-0,11
31,235;0,02;0,01;-0,21
31,237;-0,01;0,00;-0,20
31,242;-0,02;0,00;-0,05
31,259;0,04;-0,00;0,10
31,263;0,07;-0,02;0,11
31,338;0,02;-0,01;0,11
31,340;0,01;-0,01;0,11
31,341;-0,03;-0,02;0,09
31,342;0,02;0,07;-0,03
31,343;-0,01;0,06;-0,09
31,344;-0,02;0,04;-0,06
31,346;-0,06;0,04;-0,01
31,347;-0,07;0,01;-0,01
31,351;-0,05;-0,01;0,01
31,360;-0,02;0,02;0,03
31,377;-0,03;-0,01;0,00
31,430;-0,08;-0,02;0,08
31,432;-0,01;0,01;0,10
31,433;0,09;0,06;0,07
31,434;0,02;0,03;-0,01
31,435;-0,04;0,03;0,03
31,436;-0,01;0,04;0,08
31,442;-0,00;0,04;0,13
31,453;-0,02;0,04;0,19
31,461;-0,02;0,05;0,12
31,481;-0,03;0,04;0,10
31,484;-0,03;0,04;0,10
31,488;-0,00;0,03;0,08
31,491;-0,00;0,03;0,08
31,493;-0,02;0,04;0,14
31,540;-0,01;0,06;0,15
31,542;-0,05;0,06;0,06
31,543;-0,02;0,06;-0,07
31,544;-0,04;0,07;-0,08
31,545;-0,07;0,03;-0,04
31,552;-0,06;0,06;-0,02
31,562;0,01;0,08;-0,02
31,590;-0,03;0,02;0,00
31,593;-0,05;-0,02;-0,02
31,594;0,01;-0,02;0,04
31,629;0,07;0,04;0,06
31,631;0,06;0,07;0,04
31,633;0,03;0,07;-0,00
31,634;0,04;0,02;0,04
31,635;0,04;0,02;0,04
31,641;0,06;-0,01;0,00
31,656;0,03;-0,01;-0,02
31,660;0,07;0,02;-0,02
31,711;0,07;0,01;0,08
31,716;0,04;-0,01;0,05
31,721;0,08;-0,01;0,14
31,724;0,06;-0,04;0,12
31,725;0,01;-0,06;0,03
31,730;0,01;-0,04;-0,09
31,734;0,01;-0,04;-0,09
31,748;-0,02;0,02;-0,12
31,754;-0,04;0,03;-0,16
31,761;-0,00;0,03;-0,06
31,801;0,03;0,02;-0,05
31,803;0,01;-0,01;-0,01
31,804;0,04;0,00;-0,01
31,806;0,06;-0,03;0,05
31,812;0,01;-0,06;0,03
31,820;0,01;-0,06;-0,02
31,836;0,10;-0,09;0,02
31,849;-0,02;-0,04;0,08
31,851;-0,02;-0,04;0,08
31,853;-0,02;-0,00;0,08
31,879;0,01;0,01;0,08
31,880;0,02;-0,07;0,14
31,881;0,02;-0,09;0,20
31,936;0,05;-0,08;0,27
31,937;0,04;-0,03;0,22
31,937;0,02;-0,00;0,21
31,938;-0,00;0,02;0,15
31,938;0,00;0,02;0,10
31,943;-0,02;0,02;-0,00
31,956;-0,05;0,06;-0,08
31,961;-0,01;0,09;-0,09
31,980;-0,08;0,05;-0,09
31,983;-0,07;0,04;-0,16
32,040;-0,02;0,03;-0,10
32,042;0,00;0,01;-0,05
32,044;-0,03;-0,02;0,02
32,045;-0,03;-0,03;-0,01
32,046;-0,03;0,01;0,03
32,049;-0,05;0,01;0,07
32,052;-0,05;0,01;0,07
32,054;-0,04;-0,03;0,01
32,060;0,01;-0,05;0,12
32,083;0,06;-0,04;0,20
32,091;0,05;-0,04;0,23
32,095;0,04;-0,05;0,20
32,097;0,04;-0,05;0,20
32,101;0,05;-0,05;0,23
32,160;0,05;-0,04;0,14
32,165;0,06;-0,02;0,10
32,168;0,04;-0,05;0,07
32,170;-0,01;-0,05;0,12
32,172;0,01;-0,05;0,09
32,174;0,02;-0,05;0,06
32,176;-0,01;-0,03;0,05
32,181;-0,02;-0,03;0,08
32,198;-0,01;-0,01;0,02
32,202;-0,02;0,00;-0,00
32,247;-0,02;0,02;-0,01
32,249;-0,03;-0,01;0,07
32,250;-0,01;-0,04;0,15
32,252;-0,00;-0,01;0,15
32,253;-0,06;-0,02;0,11
32,264;-0,05;-0,02;0,01
32,316;-0,03;-0,01;-0,01
32,319;-0,00;0,00;0,01
32,321;-0,00;-0,01;0,12
32,322;-0,02;0,00;0,06
32,323;-0,04;0,00;0,03
32,325;-0,03;0,00;-0,04
32,332;-0,01;-0,01;-0,04
32,347;-0,00;-0,01;-0,02
32,351;0,06;0,01;0,00
32,402;0,04;0,01;0,00
32,406;0,01;-0,00;-0,02
32,407;0,03;-0,03;-0,11
32,408;-0,00;-0,04;-0,00
32,409;-0,03;-0,06;0,04
32,412;0,00;-0,06;0,08
32,422;-0,01;-0,06;0,07
32,431;-0,06;-0,06;0,08
32,450;-0,09;-0,03;0,10
32,453;-0,02;0,01;0,12
32,501;-0,02;0,06;0,08
32,503;0,02;0,07;0,04
32,505;0,03;0,05;-0,01
32,506;0,00;0,04;-0,04
32,507;-0,01;0,02;-0,03
32,513;0,03;0,05;-0,03
32,520;0,05;0,05;0,06
32,534;0,03;0,02;0,10
32,603;-0,02;-0,00;0,13
32,607;-0,02;-0,02;0,12
32,609;0,02;-0,02;0,11
32,610;0,03;-0,04;0,14
32,612;0,02;-0,03;0,13
32,614;0,02;-0,01;0,10
32,615;-0,02;0,02;0,09
32,617;-0,05;0,01;0,16
32,621;-0,08;0,01;0,21
32,633;-0,07;0,06;0,19
32,650;-0,05;0,03;0,09
32,653;-0,06;0,02;0,05
32,707;-0,07;0,04;-0,04
32,710;-0,10;0,04;-0,04
32,711;-0,08;0,05;0,01
32,713;-0,06;0,05;0,07
32,715;-0,06;0,03;0,08
32,716;-0,04;0,02;0,07
32,720;-0,06;0,02;0,10
32,732;-0,04;0,01;0,04
32,753;-0,00;0,01;0,02
32,757;0,02;0,00;-0,06
32,828;-0,03;0,01;-0,03
32,830;-0,01;0,00;0,04
32,831;-0,01;-0,01;0,02
32,832;-0,03;-0,01;0,03
32,834;-0,05;-0,02;0,06
32,838;0,00;-0,01;0,12
32,840;0,03;0,00;0,15
32,841;-0,01;-0,01;0,12
32,842;0,00;-0,01;0,09
32,853;0,05;-0,01;0,08
32,873;0,07;-0,01;0,10
32,877;0,06;0,00;0,03
32,880;0,04;-0,01;-0,04
32,943;0,05;0,01;0,04
32,945;0,03;0,03;0,07
32,947;0,02;0,02;0,10
32,948;-0,03;-0,00;0,05
32,952;-0,03;0,01;0,02
32,954;0,01;0,01;-0,02
32,956;0,00;0,02;-0,06
32,962;0,02;0,04;-0,01
32,972;0,04;0,03;0,03
32,992;-0,00;0,03;0,07
32,995;-0,03;0,00;0,07
32,996;-0,03;0,00;0,07
33,000;-0,01;0,03;0,12
33,049;0,01;0,01;0,06
33,052;0,04;0,01;0,04
33,053;0,02;-0,04;0,11
33,054;0,02;-0,01;0,12
33,055;0,00;0,01;0,23
33,064;-0,05;0,00;0,21
33,072;-0,01;-0,00;0,17
33,087;-0,01;0,05;0,05
33,092;-0,04;0,07;-0,07
33,130;0,00;0,05;-0,07
33,133;-0,07;0,01;-0,03
33,134;-0,09;-0,01;-0,03
33,135;-0,03;0,01;0,05
33,140;-0,06;-0,01;0,09
33,151;-0,13;-0,03;0,03
33,168;-0,11;0,02;-0,02
33,174;-0,02;0,06;-0,06
33,248;-0,03;0,04;-0,01
33,250;-0,03;0,04;-0,01
33,251;-0,03;0,04;-0,01
33,252;0,02;0,06;0,06
33,253;0,04;0,07;0,08
33,254;0,02;0,04;0,05
33,256;0,02;0,00;0,02
33,257;0,04;0,02;0,01
33,258;0,01;0,02;0,04
33,265;0,01;-0,03;0,06
33,272;0,03;-0,03;0,06
33,299;0,06;-0,01;0,10
33,302;0,07;-0,03;0,18
33,303;0,10;-0,05;0,22
33,362;0,08;-0,03;0,11
33,364;0,08;-0,03;0,11
33,365;0,08;0,02;0,10
33,366;0,06;0,01;0,08
33,367;0,02;0,04;0,04
33,369;0,00;0,03;0,07
33,370;-0,00;0,01;0,10
33,372;0,02;0,03;0,07
33,400;-0,01;0,02;0,08
33,403;-0,05;0,03;0,05
33,405;-0,03;0,02;0,02
33,441;0,01;0,02;0,09
33,443;-0,00;0,00;0,12
33,444;-0,04;-0,02;0,10
33,446;-0,04;-0,02;0,10
33,447;-0,05;0,00;0,06
33,457;-0,02;0,03;0,03
33,461;0,01;0,03;-0,03
33,502;0,01;0,04;-0,02
33,504;0,00;0,03;0,01
33,505;-0,02;-0,01;0,04
33,506;-0,02;-0,00;0,04
33,515;-0,00;-0,03;0,02
33,521;0,02;-0,04;0,05
33,539;-0,01;-0,04;0,08
33,541;-0,01;-0,01;0,11
33,591;0,02;-0,01;0,20
33,594;0,03;-0,00;0,29
33,596;0,02;-0,02;0,35
33,597;0,02;0,02;0,23
33,599;0,03;0,03;0,10
33,601;-0,00;0,01;0,03
33,612;-0,03;0,01;0,01
33,624;0,00;0,04;-0,04
33,676;0,08;0,07;0,03
33,678;0,02;0,06;0,13
33,680;-0,00;0,03;0,08
33,681;-0,01;0,03;0,10
33,682;0,02;0,04;0,02
33,684;0,01;0,01;0,02
33,692;-0,02;-0,01;0,09
33,700;-0,03;-0,00;0,12
33,712;-0,00;0,02;0,15
33,723;-0,02;0,00;0,13
33,789;-0,02;-0,04;0,11
33,791;-0,02;-0,04;0,05
33,792;-0,00;-0,00;0,01
33,793;-0,04;0,01;0,00
33,800;-0,07;-0,02;0,02
33,801;-0,00;0,01;0,07
33,802;0,04;0,03;0,08
33,803;-0,01;0,00;0,02
33,811;-0,07;-0,00;0,02
33,822;0,01;-0,01;0,09
33,869;0,03;-0,01;0,13
33,871;-0,03;-0,06;0,13
33,873;-0,09;-0,07;0,09
33,874;-0,03;-0,03;0,06
33,875;0,00;0,04;0,05
33,881;-0,04;0,05;0,05
33,892;-0,08;0,06;0,03
33,904;-0,04;0,06;-0,04
33,912;0,04;0,03;-0,05
33,923;0,02;0,04;-0,04
33,944;0,00;0,04;-0,06
33,947;0,03;0,05;0,03
34,011;0,09;0,08;0,12
34,013;0,08;0,02;0,15
34,014;0,04;-0,02;0,11
34,017;0,05;-0,04;0,11
34,020;0,04;-0,01;0,10
34,021;0,06;-0,01;0,12
34,022;0,04;0,01;0,11
34,024;0,02;0,02;0,10
34,052;0,00;0,02;0,14
34,055;0,00;0,02;0,14
34,056;-0,01;0,05;0,14
34,061;0,03;0,07;0,05
34,063;0,03;0,07;0,05
34,095;-0,10;0,04;0,03
34,097;-0,06;0,05;0,04
34,100;0,04;0,05;0,06
34,104;-0,05;0,02;0,02
34,111;-0,09;-0,03;-0,03
34,120;-0,04;-0,03;0,01
34,132;0,05;-0,01;0,07
34,143;0,04;-0,00;0,15
34,206;-0,00;0,01;0,17
34,208;-0,04;-0,00;0,13
34,209;-0,01;-0,03;0,11
34,210;0,01;-0,01;0,13
34,212;0,02;0,01;0,14
34,213;-0,03;-0,01;0,10
34,214;-0,03;-0,02;-0,00
34,221;0,04;0,01;-0,03
34,232;0,04;-0,00;0,05
34,246;0,01;-0,03;0,10
34,296;0,03;0,01;0,14
34,298;0,04;0,01;0,10
34,300;0,01;-0,03;0,09
34,301;0,00;-0,00;0,06
34,303;0,06;0,01;0,09
34,304;0,05;0,01;0,04
34,312;0,03;0,02;0,03
34,328;-0,01;0,00;0,01
34,332;0,01;-0,02;0,03
34,377;0,03;-0,01;-0,00
34,379;0,03;0,01;-0,01
34,380;0,02;0,01;0,06
34,381;-0,02;-0,00;0,12
34,382;-0,02;0,02;0,22
34,392;-0,00;0,07;0,19
34,401;0,01;0,04;0,14
34,412;0,00;0,02;0,14
34,433;0,00;0,03;0,14
34,436;0,01;0,06;0,14
34,503;-0,02;0,05;0,13
34,506;0,01;0,05;0,12
34,507;0,04;0,04;0,09
34,508;0,03;0,03;0,06
34,510;-0,04;0,07;-0,03
34,512;-0,01;0,03;-0,02
34,514;0,02;0,01;0,03
34,515;0,03;-0,04;0,07
34,525;0,03;-0,01;0,08
34,531;0,01;-0,01;0,06
34,550;0,01;0,01;0,10
34,553;0,02;-0,02;0,11
34,614;-0,01;-0,05;0,10
34,616;-0,05;-0,07;0,01
34,617;-0,08;-0,05;-0,04
34,618;-0,06;-0,04;-0,02
34,620;-0,07;-0,01;-0,02
34,622;-0,08;0,04;-0,07
34,623;-0,07;0,03;-0,05
34,631;-0,05;0,06;-0,02
34,650;-0,02;0,06;-0,05
34,653;0,01;0,06;-0,04
34,687;0,01;0,06;0,03
34,689;-0,02;0,02;0,07
34,690;-0,00;0,02;0,12
34,692;0,04;-0,00;0,18
34,701;0,02;-0,01;0,21
34,711;-0,03;-0,03;0,24
34,730;-0,01;-0,03;0,13
34,770;0,04;-0,05;0,11
34,772;0,04;-0,05;0,11
34,774;0,04;-0,02;0,18
34,781;-0,02;0,01;0,16
34,782;-0,03;0,02;0,15
34,784;-0,02;0,02;0,13
34,791;-0,04;0,04;0,08
34,800;-0,04;0,07;0,06
34,811;-0,03;0,07;0,10
34,821;-0,02;0,05;0,05
34,831;-0,02;0,06;0,04
34,878;-0,04;0,04;-0,04
34,880;-0,03;0,03;-0,02
34,881;-0,01;0,01;-0,03
34,882;-0,01;0,01;-0,03
34,883;0,01;0,02;-0,03
34,891;-0,03;0,02;0,02
34,900;-0,03;0,02;0,02
34,911;-0,03;-0,01;0,03
34,921;-0,01;-0,02;0,08
34,934;0,02;-0,04;0,09
34,992;-0,02;-0,05;0,12
34,994;-0,02;-0,05;0,12
34,995;-0,01;-0,02;0,08
34,996;0,05;-0,00;0,06
34,997;0,03;0,01;0,06
34,998;-0,03;0,01;0,05
35,000;-0,03;0,03;-0,01
35,010;0,03;0,05;-0,03
35,021;0,03;0,04;0,00
35,036;0,01;0,06;0,06
35,104;-0,00;0,04;0,10
35,106;-0,00;0,04;0,10
35,107;0,03;0,04;0,13
35,109;0,04;0,00;0,10
35,110;0,01;-0,00;0,03
35,112;0,02;0,03;0,02
35,113;0,03;0,03;0,06
35,115;0,05;0,03;0,14
35,116;0,04;0,03;0,14
35,121;0,04;0,02;0,21
35,132;0,04;0,01;0,21
35,176;-0,02;0,01;0,15
35,178;-0,00;0,03;0,05
35,179;-0,02;0,02;-0,01
35,181;-0,03;0,02;-0,02
35,182;-0,06;0,01;0,02
35,190;-0,05;0,03;0,06
35,201;-0,03;0,04;0,09
35,211;-0,01;0,02;0,13
35,221;-0,01;-0,01;0,01
35,237;0,03;-0,03;-0,12
35,245;0,05;0,01;-0,05
35,247;0,05;0,01;-0,05
35,250;0,02;0,03;0,03
35,298;0,01;0,03;0,09
35,300;0,01;0,03;0,09
35,301;0,04;-0,00;0,16
35,302;0,06;-0,01;0,14
35,303;0,02;-0,05;0,13
35,305;0,02;-0,06;0,15
35,311;0,01;-0,02;0,13
35,321;-0,01;0,03;0,13
35,331;-0,02;0,05;0,05
35,341;-0,03;0,04;-0,02
35,355;-0,01;0,05;-0,12
35,423;0,01;0,05;-0,11
35,425;0,01;0,05;-0,11
35,427;0,00;0,08;-0,06
35,428;0,01;0,04;0,03
35,430;0,01;-0,02;0,08
35,431;0,03;-0,02;0,10
35,432;0,00;-0,02;0,08
35,434;0,03;-0,02;0,13
35,435;0,01;-0,00;0,19
35,442;0,01;-0,05;0,21
35,459;0,03;-0,04;0,28
35,460;0,03;-0,00;0,23
35,472;0,01;0,05;0,18
35,497;-0,03;0,03;0,03
35,498;-0,02;0,03;-0,05
35,500;-0,05;0,04;-0,10
35,515;-0,05;0,08;-0,07
35,521;-0,04;0,09;-0,08
35,532;-0,04;0,06;-0,06
35,541;0,01;0,04;-0,02
35,556;0,01;0,05;0,03
35,623;0,05;0,04;0,07
35,625;0,05;0,04;0,07
35,626;0,01;0,03;0,09
35,627;0,02;-0,00;0,10
35,629;0,00;0,01;0,03
35,631;0,01;-0,00;0,07
35,632;0,01;0,01;0,01
35,634;-0,00;0,01;-0,00
35,635;-0,02;-0,00;0,00
35,641;0,00;-0,01;0,06
35,659;-0,02;-0,00;0,15
35,660;-0,05;-0,01;0,22
35,670;-0,06;-0,02;0,19
35,701;-0,02;0,01;0,15
35,702;-0,00;-0,00;0,06
35,702;-0,01;-0,00;0,02
35,711;-0,01;0,01;-0,03
35,722;-0,00;0,04;-0,05
35,741;-0,00;0,04;-0,05
35,744;-0,02;0,06;-0,03
35,807;0,00;0,04;0,12
35,810;0,02;0,02;0,13
35,811;0,02;0,00;0,10
35,813;0,00;0,02;0,09
35,814;-0,05;0,06;0,09
35,815;-0,04;0,02;0,03
35,816;0,01;0,02;0,03
35,824;-0,01;-0,01;-0,02
35,843;-0,02;0,01;0,03
35,846;-0,01;0,03;0,05
35,890;0,00;0,02;0,09
35,893;-0,03;0,01;0,19
35,894;0,00;0,01;0,20
35,896;0,01;0,02;0,15
35,899;0,02;0,03;0,08
35,903;0,01;0,01;0,08
35,911;0,01;-0,03;0,03
35,922;0,03;-0,02;-0,01
35,944;0,03;-0,02;-0,01
35,948;0,01;0,05;-0,01
35,952;0,02;0,02;0,01
35,960;-0,01;-0,01;0,05
36,002;0,01;-0,08;0,06
36,004;0,01;-0,08;0,06
36,005;-0,00;-0,03;0,04
36,006;-0,04;0,01;0,15
36,012;0,02;-0,01;0,11
36,021;0,08;0,03;-0,02
36,047;0,10;0,03;-0,11
36,049;0,10;0,03;-0,11
36,050;0,13;-0,00;-0,09
36,050;0,15;-0,05;-0,00
36,060;0,15;-0,02;0,06
36,078;0,11;-0,04;0,03
36,080;0,11;-0,07;0,05
36,090;0,03;0,02;0,11
36,100;0,17;0,09;-0,05
36,111;0,05;0,09;-0,23
36,121;-0,05;0,04;-0,32
36,131;-0,05;0,05;-0,26
36,147;-0,02;0,07;-0,11
36,154;-0,10;0,04;-0,09
36,162;-0,21;0,05;0,02
36,213;-0,24;0,03;0,21
36,216;-0,14;0,01;0,24
36,217;-0,10;0,04;0,28
36,218;-0,02;0,02;0,31
36,220;0,04;-0,05;0,24
36,221;0,10;-0,01;0,17
36,234;0,04;0,01;0,21
36,241;-0,02;0,01;0,25
36,261;0,04;0,03;-0,03
36,263;0,07;0,03;-0,13
36,307;0,04;-0,00;-0,15
36,310;-0,07;0,03;-0,10
36,312;-0,11;0,06;-0,02
36,313;-0,15;0,08;0,14
36,315;-0,12;0,08;0,17
36,322;-0,22;0,02;0,15
36,331;-0,24;-0,09;0,20
36,344;-0,10;-0,11;0,16
36,355;0,00;-0,10;-0,01
36,360;-0,07;-0,07;-0,13
36,399;-0,20;0,00;-0,12
36,402;-0,20;0,03;-0,02
36,403;-0,14;0,06;0,04
36,404;-0,13;0,07;0,05
36,410;-0,21;-0,01;0,08
36,421;-0,15;-0,05;0,08
36,432;-0,02;-0,03;0,10
36,446;0,04;-0,08;0,13
36,491;0,08;-0,09;0,11
36,494;0,07;-0,10;0,08
36,495;0,26;0,12;-0,10
36,496;-0,22;-0,01;0,17
36,498;0,15;0,01;0,01
36,504;0,08;-0,08;0,22
36,511;0,01;-0,01;0,36
36,521;-0,02;-0,04;0,37
36,531;-0,01;-0,01;0,27
36,542;-0,06;-0,05;0,08
36,563;0,02;0,12;-0,21
36,566;0,00;0,13;-0,13
36,571;-0,17;0,09;0,02
36,580;-0,22;0,11;0,03
36,627;-0,16;0,11;0,15
36,629;-0,05;0,10;0,13
36,630;0,12;0,09;-0,10
36,631;-0,05;0,04;-0,15
36,633;-0,24;0,02;0,18
36,641;-0,23;0,02;0,18
36,651;-0,13;0,16;0,54
36,669;0,13;0,08;0,12
36,682;0,21;-0,05;-0,25
36,683;0,21;-0,05;-0,25
36,717;-0,08;0,08;-0,41
36,724;-0,02;0,14;-0,16
36,726;0,07;0,16;0,11
36,727;0,04;0,08;0,21
36,732;0,08;-0,04;0,10
36,742;0,12;-0,05;-0,01
36,750;0,15;-0,06;-0,08
36,769;0,09;-0,04;0,04
36,771;0,10;-0,01;0,26
36,781;0,11;-0,03;0,40
36,806;0,08;-0,05;0,36
36,807;-0,02;-0,04;0,35
36,810;-0,02;-0,01;0,23
36,822;0,01;0,01;0,08
36,831;0,04;0,06;-0,09
36,845;0,03;0,09;-0,18
36,899;0,04;0,08;-0,12
36,901;0,04;0,08;-0,12
36,903;-0,04;0,11;0,07
36,904;-0,05;0,08;0,31
36,905;0,01;0,05;0,40
36,907;0,06;-0,04;0,27
36,908;0,04;-0,01;0,09
36,912;-0,01;0,11;-0,08
36,924;-0,06;0,20;-0,10
36,931;-0,03;0,15;-0,02
36,945;0,04;0,04;-0,06
36,950;-0,00;-0,00;-0,09
36,997;-0,08;0,03;-0,01
36,999;-0,07;0,09;0,11
37,001;-0,01;0,07;0,18
37,002;-0,04;-0,02;0,17
37,003;-0,05;-0,04;0,11
37,011;-0,04;-0,01;0,06
37,029;-0,00;0,05;0,00
37,034;-0,06;0,05;-0,01
37,078;-0,07;-0,01;0,02
37,080;-0,05;-0,04;0,10
37,081;0,04;-0,01;0,12
37,082;0,15;-0,05;0,05
37,083;0,07;-0,00;-0,05
37,092;-0,09;0,04;0,03
37,101;-0,07;-0,02;0,05
37,113;0,06;0,03;0,05
37,122;0,11;0,06;0,05
37,137;0,07;-0,01;0,06
37,151;0,06;-0,00;0,17
37,152;0,06;-0,00;0,17
37,159;0,05;0,04;0,27
37,206;0,04;0,10;0,24
37,208;-0,02;0,08;0,03
37,210;-0,06;0,09;-0,12
37,212;-0,03;0,06;-0,11
37,214;-0,05;0,04;-0,04
37,215;0,03;-0,03;-0,10
37,221;0,07;-0,01;-0,08
37,232;-0,04;0,05;0,00
37,248;-0,03;0,07;0,08
37,252;0,03;-0,03;0,21
37,287;0,04;-0,08;0,19
37,290;-0,01;0,01;0,20
37,291;-0,03;0,09;0,18
37,292;-0,04;0,06;0,13
37,301;-0,05;0,05;0,13
37,312;0,01;0,01;0,04
37,321;0,06;-0,08;-0,11
37,337;0,01;-0,06;-0,16
37,342;-0,07;-0,02;-0,05
37,395;-0,07;-0,04;0,10
37,397;0,00;-0,05;0,20
37,398;-0,01;0,03;0,11
37,400;-0,02;0,03;0,04
37,401;-0,02;0,06;-0,04
37,402;-0,03;0,06;-0,04
37,410;-0,03;0,05;0,02
37,421;0,04;0,05;0,09
37,432;0,08;-0,03;0,13
37,441;0,06;-0,06;0,02
37,458;-0,01;-0,06;0,02
37,461;-0,02;-0,04;0,06
37,472;0,03;0,04;0,18
37,524;0,05;0,04;0,20
37,526;0,09;0,02;0,11
37,527;0,04;-0,00;0,03
37,528;-0,02;-0,02;0,07
37,530;0,03;-0,00;0,19
37,532;0,03;-0,00;0,19
37,540;0,01;0,00;0,10
37,550;-0,05;0,01;0,01
37,565;-0,00;0,06;-0,03
37,571;0,01;0,09;-0,01
37,600;0,01;0,04;0,02
37,602;0,04;0,01;0,01
37,603;0,01;-0,01;-0,01
37,611;-0,09;0,05;0,04
37,620;-0,09;0,05;0,10
37,633;-0,07;0,03;0,06
37,641;-0,08;-0,00;0,12
37,660;-0,07;-0,03;0,22
37,663;-0,04;-0,02;0,22
37,673;-0,10;0,03;0,14
37,685;-0,07;0,03;-0,01
37,730;0,04;0,04;-0,03
37,732;-0,01;-0,02;-0,05
37,733;-0,04;-0,02;-0,00
37,734;-0,03;0,03;0,10
37,735;-0,01;0,06;0,16
37,740;-0,04;0,04;0,09
37,751;-0,01;0,03;-0,02
37,760;0,03;-0,00;-0,07
37,771;-0,04;0,02;-0,04
37,814;-0,04;0,07;0,08
37,816;0,03;0,05;0,08
37,817;0,02;0,02;-0,00
37,819;-0,02;-0,03;-0,08
37,820;0,03;-0,01;-0,10
37,831;-0,00;0,03;-0,02
37,841;0,03;0,01;0,11
37,853;0,07;-0,01;0,24
37,911;0,04;-0,06;0,18
37,914;0,07;-0,05;0,05
37,915;0,04;-0,04;0,03
37,917;0,07;-0,02;0,02
37,919;0,05;0,00;0,07
37,921;0,02;0,04;0,13
37,922;0,03;0,04;0,02
37,931;-0,07;0,00;0,16
37,941;-0,01;0,05;0,26
37,954;0,02;0,00;0,11
37,961;-0,04;-0,06;0,02
38,001;-0,08;-0,05;0,08
38,002;-0,06;-0,00;0,14
38,003;-0,06;0,06;0,17
38,003;-0,09;0,05;0,14
38,016;-0,05;0,07;0,02
38,021;-0,01;0,10;-0,08
38,033;-0,02;0,10;-0,11
38,040;0,03;0,05;-0,01
38,054;0,10;0,02;0,10
38,060;0,04;0,00;0,10
38,097;0,04;-0,02;0,09
38,099;-0,03;-0,04;0,11
38,101;0,00;-0,06;0,13
38,102;0,03;-0,03;0,20
38,110;0,00;-0,05;0,19
38,121;0,01;-0,05;0,19
38,137;-0,01;0,01;0,13
38,148;-0,02;-0,03;0,06
38,150;-0,02;-0,03;0,06
38,151;-0,01;0,01;-0,04
38,177;0,01;0,04;-0,10
38,179;-0,01;0,05;-0,10
38,181;-0,08;0,02;-0,02
38,191;-0,03;0,08;0,09
38,201;-0,04;0,10;0,05
38,211;0,05;0,02;-0,19
38,220;0,06;0,00;-0,47
38,235;-0,04;-0,04;-0,33
38,240;-0,02;-0,06;-0,02
38,272;-0,05;0,02;0,36
38,273;-0,11;0,04;0,49
38,274;-0,06;-0,01;0,22
38,282;0,01;-0,09;0,02
38,298;-0,01;-0,15;0,15
38,315;0,01;-0,08;0,25
38,316;0,08;0,04;0,23
