0,005;0,21;-0,38;-0,38
0,010;0,22;-0,17;-0,89
0,022;0,26;0,05;-0,90
0,030;0,32;0,17;-0,70
0,041;0,27;0,18;-0,46
0,051;0,09;-0,01;-0,31
0,062;-0,01;-0,14;-0,03
0,071;-0,05;-0,19;0,40
0,093;0,01;-0,12;0,98
0,095;-0,20;0,14;1,59
0,125;0,28;0,17;1,53
0,126;0,64;0,10;1,18
0,127;0,45;-0,07;0,41
0,134;0,12;-0,12;-0,13
0,151;-0,07;-0,12;-0,18
0,152;0,00;-0,02;0,20
0,167;0,07;0,11;0,46
0,184;0,05;0,12;0,19
0,186;0,10;-0,08;-0,57
0,201;0,18;-0,22;-0,74
0,223;0,34;-0,00;-0,25
0,225;0,36;0,22;0,25
0,226;0,30;0,27;0,80
0,234;-0,01;0,02;0,30
0,250;-0,47;-0,34;-0,37
0,252;-0,52;-0,14;-0,55
0,268;-0,19;0,01;-0,75
0,285;-0,10;0,06;-0,64
0,287;0,04;0,10;-0,59
0,303;-0,14;-0,05;-0,22
0,304;-0,38;-0,24;0,05
0,331;-0,34;-0,28;0,14
0,333;-0,10;-0,17;0,50
0,335;0,08;0,05;0,75
0,342;-0,06;0,08;0,89
0,353;-0,45;0,01;0,72
0,361;-0,44;-0,04;0,49
0,370;-0,28;-0,03;0,48
0,383;-0,10;0,02;0,35
0,408;0,04;0,09;-0,19
0,410;0,01;-0,02;-0,65
0,411;-0,09;-0,03;-0,77
0,424;-0,14;0,12;-0,54
0,431;-0,14;0,24;-0,18
0,441;0,01;0,27;0,12
0,451;0,06;0,22;0,19
0,463;0,08;0,15;0,23
0,487;0,15;0,14;0,33
0,488;0,31;0,13;0,29
0,491;0,32;0,05;0,10
0,511;0,25;-0,08;0,09
0,513;0,25;-0,08;0,09
0,514;0,25;-0,10;0,10
0,522;0,42;-0,08;0,20
0,531;0,49;-0,08;0,30
0,542;0,49;0,03;0,50
0,551;0,36;0,01;0,03
0,563;0,36;0,12;-0,28
0,587;0,36;0,19;-0,23
0,589;0,27;0,12;-0,15
0,591;0,34;0,08;-0,28
0,602;0,33;0,13;-0,27
0,628;0,31;0,21;-0,34
0,631;0,25;0,06;-0,49
0,632;0,25;-0,08;-0,47
0,642;0,30;-0,27;-0,26
0,651;0,12;-0,38;0,25
0,662;-0,03;-0,35;0,49
0,688;-0,05;-0,23;0,36
0,691;0,02;-0,30;0,21
0,693;-0,11;-0,50;0,19
0,727;-0,38;-0,61;0,43
0,730;-0,40;-0,40;0,62
0,732;-0,28;-0,06;0,60
0,734;-0,42;0,07;0,08
0,744;-0,55;0,09;-0,35
0,752;-0,52;0,14;-0,47
0,762;-0,41;0,14;-0,33
0,780;-0,30;0,06;-0,07
0,783;-0,17;0,05;-0,02
0,826;-0,06;0,07;-0,24
0,828;-0,06;0,07;-0,24
0,829;-0,19;-0,18;-0,73
0,830;-0,35;-0,27;-0,50
0,831;-0,36;-0,14;0,04
0,842;-0,25;0,03;0,70
0,851;-0,04;0,05;1,08
0,862;0,07;-0,02;0,88
0,891;0,00;-0,06;0,38
0,893;-0,03;-0,10;-0,10
0,894;-0,03;-0,10;-0,10
0,895;-0,04;-0,04;-0,61
0,902;0,12;0,03;-1,02
0,913;0,13;-0,02;-1,20
0,923;-0,08;-0,03;-0,86
0,931;-0,28;0,05;-0,30
0,942;-0,15;0,18;0,31
0,951;-0,07;0,25;0,83
0,962;-0,08;0,26;1,11
0,976;-0,09;0,05;0,86
0,982;-0,08;-0,14;0,48
1,008;0,00;-0,18;0,08
1,009;0,18;-0,17;-0,26
1,012;0,35;-0,10;-0,32
1,027;0,30;-0,02;0,03
1,032;0,14;0,03;0,37
1,045;-0,05;0,07;0,52
1,052;-0,22;0,19;0,62
1,064;-0,20;0,16;0,31
1,072;-0,18;0,06;-0,19
1,087;-0,09;0,00;-0,25
1,096;-0,00;-0,02;0,29
1,103;0,13;-0,08;0,77
1,126;0,15;-0,15;0,87
1,128;0,14;-0,03;0,70
1,132;0,07;0,09;0,59
1,142;-0,07;0,23;0,39
1,152;-0,05;0,25;0,26
1,163;0,23;0,21;0,09
1,173;0,43;0,16;-0,17
1,188;0,57;0,24;-0,33
1,194;0,52;0,25;-0,57
1,203;0,25;0,26;-0,79
1,238;0,03;0,22;-0,88
1,241;0,14;0,08;-0,80
1,242;0,25;-0,17;-0,33
1,243;0,35;-0,36;-0,13
1,253;0,56;-0,53;-0,01
1,262;0,54;-0,59;0,24
1,271;0,39;-0,55;0,49
1,282;0,24;-0,36;0,60
1,298;0,12;-0,25;0,46
1,302;-0,01;-0,25;0,29
1,312;-0,11;-0,18;0,21
1,321;-0,30;-0,09;0,01
1,331;-0,40;-0,07;-0,26
1,343;-0,31;-0,06;-0,36
1,351;-0,13;0,00;-0,47
1,363;0,07;0,05;-0,49
1,372;0,23;0,05;-0,31
1,388;0,27;0,04;-0,25
1,426;0,27;0,02;-0,18
1,427;0,08;0,00;-0,13
1,429;-0,16;0,02;0,05
1,430;-0,39;0,03;0,26
1,431;-0,56;0,08;0,47
1,443;-0,62;0,13;0,65
1,451;-0,51;0,17;0,66
1,462;-0,29;0,03;0,48
1,470;-0,13;-0,08;0,26
1,483;0,04;-0,15;0,02
1,491;0,10;-0,17;-0,10
1,526;0,07;-0,17;-0,10
1,528;-0,14;-0,11;0,15
1,529;-0,29;-0,06;0,53
1,531;-0,14;-0,07;0,76
1,544;0,22;-0,09;0,65
1,551;0,41;-0,17;0,45
1,562;0,40;-0,19;0,23
1,572;0,28;-0,18;0,12
1,602;0,26;-0,15;-0,06
1,605;0,19;-0,08;-0,14
1,606;0,12;0,00;-0,19
1,646;0,09;0,03;-0,31
1,648;0,03;0,04;-0,35
1,649;0,01;0,08;-0,49
1,650;-0,24;-0,01;-0,40
1,651;-0,55;-0,05;0,20
1,664;-0,52;-0,04;0,20
1,671;-0,60;0,01;1,47
1,687;-0,15;-0,03;1,25
1,691;0,27;-0,11;0,75
1,718;0,45;-0,11;0,40
1,720;0,44;0,06;0,35
1,722;0,28;0,30;0,33
1,732;0,10;0,37;-0,06
1,742;-0,52;0,04;-0,94
1,751;0,67;0,28;-0,40
1,763;0,74;0,27;-0,18
1,771;0,14;0,33;-0,01
1,783;-0,58;0,33;-0,03
1,793;-0,65;0,15;0,13
1,815;-0,23;-0,02;0,10
1,820;-0,05;-0,19;-0,07
1,824;-0,18;-0,24;-0,04
1,866;-0,18;-0,23;-0,04
1,869;-0,21;-0,19;-0,09
1,871;-0,22;-0,12;-0,25
1,872;-0,28;-0,07;-0,52
1,873;-0,29;-0,03;-0,61
1,882;-0,23;-0,09;-0,47
1,891;-0,10;-0,09;-0,23
1,909;-0,02;-0,05;-0,23
1,912;0,03;-0,03;-0,03
1,926;0,16;-0,03;0,03
1,935;0,23;-0,09;0,06
1,942;0,39;-0,07;0,10
1,951;0,32;-0,16;0,22
1,963;0,18;-0,22;0,25
1,971;0,17;-0,13;0,05
1,983;0,02;-0,02;-0,07
1,992;-0,19;0,11;-0,29
2,022;-0,23;0,26;-0,40
2,022;-0,13;0,17;-0,41
2,022;0,05;0,09;-0,28
2,031;0,32;0,08;0,01
2,046;0,28;-0,02;0,20
2,064;0,12;-0,24;0,38
2,066;0,07;-0,16;0,25
2,081;0,06;-0,04;0,08
2,083;-0,01;-0,08;0,08
2,099;0,02;0,03;0,18
2,153;0,03;0,13;0,12
2,155;0,03;0,13;0,12
2,157;0,08;0,24;0,04
2,159;0,12;0,13;-0,03
2,160;0,06;-0,06;-0,05
2,162;0,05;-0,04;-0,06
2,164;-0,05;0,05;-0,04
2,165;-0,17;0,04;-0,07
2,171;-0,15;0,04;0,02
2,184;-0,18;-0,07;0,17
2,191;-0,29;-0,16;0,18
2,210;-0,23;-0,06;0,22
2,214;-0,11;0,07;0,33
2,232;-0,15;0,03;0,43
2,233;-0,01;0,00;0,43
2,242;0,04;-0,02;0,34
2,252;0,01;-0,04;0,19
2,263;-0,05;-0,00;0,04
2,272;-0,06;0,02;0,03
2,284;-0,06;0,03;-0,06
2,296;-0,01;0,02;-0,08
2,296;-0,01;0,02;-0,08
2,313;0,03;0,09;-0,10
2,314;-0,02;0,12;-0,01
2,322;-0,16;0,10;0,24
2,331;-0,17;0,11;0,46
2,342;-0,08;0,12;0,43
2,351;-0,11;0,08;0,25
2,362;-0,02;0,11;0,04
2,371;0,03;0,07;-0,04
2,390;0,06;-0,06;0,06
2,416;0,13;-0,10;0,17
2,418;0,13;-0,10;0,17
2,419;0,11;-0,16;0,26
2,420;-0,04;-0,13;0,38
2,422;-0,22;-0,15;0,44
2,433;-0,29;-0,16;0,44
2,443;-0,20;-0,08;0,26
2,451;-0,24;-0,05;-0,06
2,462;-0,12;-0,09;-0,16
2,471;0,03;-0,00;0,04
2,500;-0,03;-0,03;0,40
2,503;0,15;-0,00;0,71
2,506;0,21;0,05;0,56
2,508;0,21;0,05;0,56
2,511;0,15;0,07;0,07
2,547;0,15;0,05;-0,40
2,552;0,07;-0,09;-0,59
2,554;-0,00;-0,18;-0,44
2,555;-0,04;-0,01;-0,12
2,563;-0,19;0,09;0,06
2,571;-0,21;0,04;0,09
2,591;-0,07;0,04;-0,02
2,594;0,02;0,03;-0,15
2,638;0,23;0,03;-0,16
2,640;0,34;0,12;-0,29
2,641;0,33;0,27;-0,33
2,643;0,25;0,27;-0,15
2,644;0,02;0,18;0,02
2,651;-0,23;0,12;0,04
2,662;-0,34;0,07;-0,05
2,671;-0,28;0,09;-0,15
2,683;-0,13;0,06;-0,24
2,693;0,05;0,02;-0,30
2,724;0,16;-0,07;-0,14
2,726;0,16;-0,04;0,10
2,727;0,09;0,04;0,22
2,732;0,05;0,01;0,25
2,743;-0,05;-0,04;0,09
2,753;-0,02;-0,09;-0,01
2,762;0,03;-0,07;-0,08
2,773;0,11;0,04;-0,15
2,783;0,12;0,09;-0,26
2,799;0,12;0,15;-0,30
2,804;0,07;0,12;-0,35
2,812;0,07;-0,00;-0,34
2,851;0,03;-0,11;-0,27
2,854;-0,06;-0,18;0,00
2,855;-0,04;-0,18;0,44
2,857;0,03;-0,09;0,76
2,863;0,10;-0,05;0,83
2,872;0,16;-0,06;0,65
2,882;0,20;-0,09;0,37
2,894;0,21;-0,05;0,24
2,938;0,26;0,05;0,16
2,940;0,21;0,15;0,08
2,942;0,12;0,21;0,01
2,943;0,09;0,25;-0,16
2,945;0,10;0,30;-0,20
2,954;-0,07;0,25;-0,03
2,962;-0,04;0,14;0,18
2,972;-0,02;0,03;0,40
2,984;0,02;0,06;0,56
2,996;0,18;0,19;0,57
3,055;0,24;0,21;0,38
3,057;0,24;0,21;0,38
3,058;0,11;0,14;-0,02
3,060;0,04;0,09;-0,36
3,062;0,10;0,15;-0,45
3,063;0,06;0,20;-0,27
3,065;0,03;0,13;-0,11
3,066;-0,12;0,05;-0,11
3,073;-0,22;0,04;-0,12
3,083;-0,34;0,10;-0,02
3,102;-0,30;0,11;0,06
3,105;-0,13;0,08;0,15
3,112;-0,04;0,02;0,20
3,123;0,07;-0,10;0,13
3,131;0,07;-0,23;0,05
3,142;0,04;-0,30;0,14
3,151;-0,03;-0,37;0,35
3,163;-0,11;-0,33;0,63
3,178;-0,18;-0,24;0,90
3,231;-0,23;-0,15;0,67
3,234;-0,23;-0,15;0,67
3,241;-0,17;-0,10;0,48
3,243;-0,05;-0,01;0,07
3,244;0,06;0,03;-0,17
3,245;-0,10;0,02;-0,18
3,247;-0,17;0,04;-0,09
3,248;-0,17;0,04;-0,09
3,250;-0,12;0,08;-0,08
3,255;-0,03;0,08;-0,06
3,263;-0,00;0,06;-0,01
3,271;-0,01;0,06;0,15
3,282;-0,07;0,13;0,38
3,297;-0,11;0,16;0,47
3,303;-0,26;0,14;0,16
3,327;-0,33;0,12;-0,22
3,329;-0,31;0,15;-0,43
3,331;-0,24;0,13;-0,27
3,343;-0,05;0,02;0,08
3,351;0,01;-0,08;0,39
3,368;0,14;-0,08;0,26
3,382;0,23;-0,06;-0,03
3,384;0,20;-0,03;0,02
3,420;0,01;-0,06;0,30
3,422;-0,08;-0,02;0,49
3,424;-0,06;0,03;0,25
3,425;-0,04;0,06;-0,02
3,431;0,02;0,04;-0,29
3,443;0,04;0,06;-0,43
3,451;0,08;0,14;-0,48
3,463;0,02;0,13;-0,51
3,487;0,02;0,11;-0,47
3,491;0,02;0,03;-0,23
3,492;0,01;-0,12;-0,01
3,503;0,14;-0,22;0,17
3,512;0,03;-0,23;0,35
3,523;-0,03;-0,16;0,58
3,531;-0,15;-0,11;0,63
3,543;-0,18;-0,05;0,50
3,552;-0,25;-0,03;0,16
3,564;-0,24;0,01;-0,19
3,572;-0,13;0,09;-0,51
3,587;-0,09;0,13;-0,67
3,599;-0,08;0,13;-0,67
3,604;-0,00;0,26;-0,48
3,640;-0,05;0,14;-0,29
3,643;-0,06;-0,01;0,01
3,645;-0,01;-0,06;0,32
3,646;-0,04;-0,02;0,46
3,652;-0,07;-0,02;0,36
3,662;-0,03;-0,01;0,20
3,672;-0,03;0,03;0,08
3,683;-0,06;0,00;0,30
3,703;0,01;0,03;0,47
3,752;0,03;0,07;0,38
3,754;0,03;0,07;0,38
3,755;0,17;-0,13;-0,16
3,757;0,16;-0,14;-0,26
3,758;0,00;-0,08;-0,05
3,760;-0,12;0,04;0,31
3,763;-0,15;0,10;0,42
3,771;-0,14;-0,02;0,19
3,782;-0,10;-0,12;-0,05
3,806;-0,11;-0,07;-0,14
3,813;-0,06;-0,00;-0,14
3,814;0,06;-0,03;-0,22
3,843;0,11;-0,04;-0,20
3,845;0,19;-0,04;-0,01
3,846;0,17;-0,09;0,19
3,851;0,08;-0,09;0,38
3,862;-0,03;-0,04;0,55
3,871;-0,10;0,01;0,43
3,883;-0,13;0,06;0,24
3,893;-0,08;0,05;-0,03
3,902;-0,05;0,05;-0,15
3,920;0,07;0,03;-0,12
3,923;0,24;0,04;-0,02
3,934;0,26;-0,01;-0,02
3,945;0,18;-0,00;-0,02
3,951;0,22;-0,01;0,03
3,962;0,23;0,01;0,13
3,972;0,20;0,03;0,43
3,984;0,02;0,07;0,55
3,992;-0,07;0,13;0,64
4,009;-0,10;0,09;0,51
4,014;-0,18;0,02;0,20
4,022;-0,12;0,05;0,03
4,050;0,06;0,14;-0,15
4,052;0,16;0,12;-0,28
4,053;0,15;0,06;-0,19
4,063;-0,06;0,07;-0,05
4,071;-0,18;0,08;0,07
4,081;-0,17;0,06;0,09
4,090;-0,08;0,02;-0,13
4,102;-0,07;-0,00;-0,31
4,120;-0,04;0,07;-0,31
4,122;-0,11;-0,05;-0,12
4,131;0,16;-0,05;0,09
4,142;0,17;0,18;0,39
4,152;-0,00;0,06;0,36
4,165;0,03;-0,01;0,32
4,167;0,03;-0,01;0,32
4,174;0,13;-0,03;0,28
4,187;0,14;-0,02;0,21
4,191;0,12;0,01;0,09
4,219;0,12;0,02;-0,06
4,221;0,09;0,05;-0,08
4,222;0,08;0,10;-0,04
4,231;0,25;0,17;0,25
4,242;0,25;0,20;0,31
4,252;0,09;0,13;0,03
4,264;-0,01;0,06;-0,37
4,272;-0,06;0,06;-0,59
4,285;-0,08;0,03;-0,62
4,293;-0,10;-0,03;-0,51
4,311;-0,00;-0,03;-0,16
4,314;0,04;-0,06;0,06
4,322;-0,04;-0,07;0,27
4,358;-0,12;-0,00;0,33
4,360;-0,05;0,04;0,20
4,361;-0,04;-0,02;0,07
4,363;0,05;-0,16;-0,07
4,371;0,08;-0,20;-0,15
4,388;-0,04;-0,19;-0,06
4,392;-0,05;-0,13;0,24
4,415;-0,08;-0,05;0,53
4,417;-0,03;-0,03;0,71
4,422;0,03;-0,07;0,70
4,431;0,04;-0,11;0,49
4,442;0,00;-0,14;-0,00
4,451;-0,03;-0,14;-0,06
4,466;-0,05;-0,13;0,10
4,472;-0,15;-0,11;0,17
4,483;-0,20;-0,07;0,15
4,492;-0,18;0,03;0,01
4,506;-0,16;0,04;-0,20
4,511;-0,14;0,04;-0,28
4,547;-0,03;0,06;-0,16
4,549;-0,01;0,10;-0,04
4,550;-0,02;0,16;0,13
4,552;-0,08;0,20;0,19
4,564;-0,06;0,22;0,14
4,571;-0,05;0,18;-0,02
4,582;0,20;0,12;0,01
4,591;0,20;0,12;0,09
4,606;0,09;0,19;0,05
4,612;-0,05;0,23;0,03
4,659;-0,13;0,22;-0,05
4,666;-0,09;0,21;-0,25
4,667;-0,00;0,25;-0,07
4,669;0,05;0,19;0,16
4,671;0,11;0,01;0,06
4,672;0,11;-0,04;-0,11
4,688;0,06;-0,02;-0,05
4,694;0,03;-0,06;0,11
4,716;-0,09;-0,08;0,13
4,718;-0,20;-0,07;0,04
4,723;-0,24;-0,11;0,06
4,732;-0,26;-0,13;0,18
4,742;-0,17;-0,05;0,08
4,751;-0,02;-0,01;-0,18
4,762;0,09;0,00;-0,35
4,771;0,23;-0,02;-0,52
4,788;0,23;-0,05;-0,60
4,791;0,24;-0,11;-0,32
4,822;0,22;-0,08;-0,03
4,824;0,12;-0,03;0,18
4,826;-0,01;-0,02;0,25
4,833;-0,08;0,00;0,28
4,843;-0,20;0,12;0,29
4,852;-0,19;0,16;0,24
4,863;-0,12;0,19;0,14
4,873;-0,01;0,20;-0,05
4,897;0,18;0,22;-0,29
4,900;0,27;0,17;-0,46
4,906;0,28;0,15;-0,48
4,912;0,16;0,14;-0,58
4,937;0,08;0,12;-0,31
4,939;0,09;0,13;0,18
4,942;0,05;0,10;0,40
4,951;-0,04;0,05;0,39
4,962;0,09;-0,00;0,24
4,971;0,22;-0,05;0,27
5,002;0,27;-0,06;0,45
5,004;0,11;-0,05;0,41
5,005;0,11;-0,05;0,41
5,010;0,07;-0,01;0,19
5,022;0,04;0,04;0,10
5,032;-0,05;0,06;-0,04
5,042;0,00;0,12;0,06
5,051;0,08;0,17;0,21
5,063;0,03;0,19;0,37
5,071;-0,07;0,17;0,21
5,086;-0,09;0,02;0,02
5,095;-0,01;0,01;-0,14
5,138;0,04;0,07;0,03
5,139;-0,02;0,09;0,18
5,139;0,02;0,05;0,12
5,139;0,04;-0,00;0,21
5,143;0,01;0,12;0,24
5,152;0,01;0,14;0,43
5,162;-0,23;0,04;0,36
5,175;-0,14;0,08;0,00
5,186;-0,04;0,03;-0,34
5,191;0,15;-0,17;-0,14
5,209;0,30;-0,37;0,25
5,211;0,21;-0,44;0,50
5,246;0,15;-0,32;0,62
5,248;-0,05;0,23;3,69
5,251;0,34;-0,12;3,31
5,253;0,25;-0,66;0,80
5,262;0,57;-0,58;-2,10
5,271;-0,05;0,61;-3,29
5,282;-0,77;1,26;-3,59
5,294;-0,78;1,40;-2,61
5,312;0,56;1,09;-2,33
5,314;0,31;0,80;-2,87
5,322;0,91;0,56;-1,88
5,331;0,75;0,18;-1,07
5,342;1,17;0,07;-0,37
5,353;0,78;-0,31;0,32
5,363;-0,27;-0,66;0,48
5,372;-0,48;-0,63;0,97
5,383;-0,27;-0,19;1,60
5,397;0,02;0,34;1,97
5,444;-0,04;0,57;1,71
5,446;0,15;0,49;1,07
5,448;0,49;0,16;0,68
5,449;0,63;-0,05;0,57
5,451;0,69;-0,17;0,05
5,453;0,38;-0,17;-0,86
5,462;0,14;0,04;-1,45
5,472;0,13;0,31;-1,58
5,482;0,21;0,32;-1,52
5,494;0,08;0,08;-1,21
5,509;0,06;0,01;-0,80
5,511;-0,26;-0,07;-0,47
5,522;-0,68;-0,01;0,21
5,531;-0,75;0,03;0,80
5,542;-1,01;-0,19;1,04
5,551;-1,34;-0,30;0,93
5,562;-1,73;-0,19;0,34
5,572;-1,75;0,53;0,48
5,583;-2,02;0,51;-0,08
5,599;-1,33;0,27;-0,63
5,647;0,10;-0,29;-0,10
5,651;0,10;-0,29;-0,10
5,653;0,31;-0,44;-0,40
5,655;0,26;-0,57;-0,91
5,657;-0,22;-0,43;-0,75
5,658;-0,80;-0,26;0,13
5,660;-0,95;-0,16;1,05
5,663;-0,69;-0,15;1,53
5,673;-0,36;-0,19;1,57
5,683;-0,02;-0,17;1,07
5,697;0,27;-0,23;0,03
5,735;0,11;-0,39;-0,95
5,738;-0,19;-0,39;-1,10
5,739;-0,35;-0,14;-0,23
5,740;-0,11;0,18;1,06
5,743;0,39;0,51;2,00
5,751;0,79;0,87;2,35
5,762;0,79;1,16;1,97
5,772;0,33;1,24;1,34
5,783;-0,19;1,13;0,93
5,799;-0,67;0,79;0,85
5,803;-0,95;0,45;0,66
5,823;-1,12;0,23;0,47
5,825;-1,18;0,19;0,05
5,831;-1,10;0,29;-0,52
5,842;-1,06;0,39;-1,00
5,853;-0,98;0,58;-1,16
5,866;-0,71;0,71;-1,03
5,870;-0,71;0,71;-1,03
5,873;-0,33;0,73;-0,69
5,882;0,04;0,60;-0,36
5,901;0,27;0,44;-0,14
5,948;0,35;0,19;0,15
5,950;0,35;0,19;0,15
5,951;0,39;-0,07;0,24
5,952;0,45;-0,25;0,17
5,954;0,46;-0,35;-0,12
5,956;0,54;-0,35;-0,53
5,957;0,64;-0,20;-1,20
5,963;0,69;0,02;-1,88
5,971;0,47;0,18;-2,21
5,984;0,21;0,22;-2,07
5,985;0,21;0,22;-2,07
5,997;-0,02;0,11;-1,69
6,002;0,11;-0,03;-1,04
6,018;0,56;0,02;-0,44
6,027;0,73;0,08;-0,11
6,031;0,48;-0,02;-0,15
6,042;0,04;-0,17;-0,24
6,051;-0,49;-0,44;-0,18
6,063;-0,77;-0,62;-0,45
6,074;-0,82;-0,67;-0,87
6,083;-0,56;-0,34;-1,55
6,099;-0,36;0,16;-1,97
6,140;-0,29;0,13;-1,96
6,142;-0,41;0,51;-1,47
6,144;-0,59;0,64;-0,83
6,149;-0,54;0,75;-0,22
6,151;-0,10;0,89;-0,05
6,152;0,67;0,70;0,30
6,153;0,91;0,39;0,04
6,162;1,19;0,12;-0,03
6,171;1,31;-0,45;0,25
6,182;0,53;-1,15;1,33
6,198;-0,52;-1,47;2,96
6,202;-1,74;-1,59;4,55
6,226;-2,00;-1,53;5,10
6,227;-1,49;-1,24;4,68
6,231;-0,57;-0,64;4,12
6,243;0,27;0,12;3,74
6,251;1,05;0,76;3,18
6,262;1,62;1,14;2,29
6,270;1,68;1,05;1,43
6,282;1,43;0,88;1,18
6,298;0,55;0,61;1,33
6,301;-0,11;0,30;1,75
6,330;-0,30;-0,28;1,79
6,332;0,08;-1,02;1,84
6,333;0,51;-1,44;2,37
6,342;0,63;-1,22;3,13
6,352;1,15;-0,85;3,12
6,362;1,43;-0,64;2,59
6,371;1,58;-0,39;1,85
6,382;1,77;-0,25;1,05
6,400;1,53;-0,12;0,42
6,403;0,71;0,14;0,20
6,440;-0,54;0,23;0,35
6,443;-1,44;0,11;0,32
6,444;-1,97;-0,14;0,22
6,445;-2,12;-0,40;-0,19
6,451;-1,69;-0,68;-0,87
6,462;-0,94;-0,81;-1,66
6,471;0,10;-0,81;-2,40
6,483;1,25;-0,70;-2,63
6,507;2,05;-0,37;-2,57
6,509;2,20;0,31;-3,01
6,520;1,40;1,19;-3,22
6,522;1,40;1,19;-3,22
6,536;-0,17;1,61;-2,29
6,545;-0,44;1,11;-2,60
6,551;-0,67;0,45;-3,19
6,563;-1,01;-0,12;-3,78
6,572;-1,41;-0,49;-4,24
6,584;-1,50;-0,65;-4,36
6,593;-1,19;-0,35;-3,49
6,609;-0,77;0,25;-2,34
6,617;-0,51;0,56;-1,01
6,622;-0,32;0,45;-0,08
6,652;-0,18;-0,04;0,15
6,653;-0,31;-0,58;-0,35
6,655;-0,62;-0,98;-0,88
6,662;-0,93;-1,23;-1,12
6,671;-1,17;-1,28;-0,65
6,683;-1,01;-0,76;0,72
6,691;-0,73;-0,32;1,54
6,702;0,05;0,56;3,11
6,734;0,95;1,34;4,36
6,736;1,29;1,91;5,08
6,736;1,55;2,08;4,98
6,741;1,22;1,44;3,94
6,751;0,38;0,50;2,42
6,762;-0,45;-0,15;1,48
6,772;-0,67;-0,15;1,99
6,783;-0,47;0,31;3,34
6,792;-0,67;0,61;4,77
6,813;-1,42;0,25;5,12
6,816;-2,37;-0,41;4,71
6,823;-3,04;-1,00;3,72
6,873;-3,39;-1,41;2,69
6,876;-3,65;-1,54;2,02
6,881;-3,23;-1,23;1,88
6,884;-1,31;-0,41;2,19
6,886;-0,69;-0,07;2,45
6,887;0,09;0,23;3,11
6,891;0,89;0,41;3,72
6,909;1,51;0,49;3,71
6,914;1,68;0,63;2,89
6,923;1,48;0,82;1,66
6,930;0,89;0,93;0,44
6,942;0,54;1,02;-0,53
6,951;0,59;1,13;-1,10
6,962;0,81;1,18;-1,49
6,972;0,92;1,02;-1,94
6,982;0,86;0,53;-2,64
6,991;0,79;-0,09;-3,32
7,002;0,75;-0,60;-3,82
7,011;0,73;-0,75;-3,91
7,044;1,14;-0,55;-4,42
7,045;1,13;-0,55;-4,61
7,045;1,11;-0,60;-3,78
7,051;1,03;-0,66;-2,38
7,064;0,86;-0,73;-1,13
7,071;0,80;-0,92;-0,62
7,083;0,72;-1,12;-1,15
7,092;0,61;-1,20;-2,61
7,107;0,06;-1,09;-3,74
7,111;-0,52;-0,95;-3,95
7,132;-0,88;-0,89;-3,26
7,134;-0,75;-0,71;-3,28
7,142;-0,52;-0,49;-2,98
7,152;-0,21;-0,26;-2,40
7,163;0,03;-0,05;-1,71
7,173;0,14;0,04;-1,11
7,186;0,09;-0,04;-0,75
7,189;0,09;-0,04;-0,75
7,192;-0,12;-0,29;-0,89
7,210;-0,58;-0,47;-1,37
7,258;-1,00;-0,46;-1,93
7,260;-1,00;-0,46;-1,93
7,262;-1,08;-0,20;-2,11
7,263;-0,63;0,22;-1,58
7,264;0,21;0,57;-0,74
7,266;1,07;0,79;-0,12
7,267;1,47;0,80;0,22
7,272;1,42;0,67;0,83
7,283;1,10;0,50;2,14
7,291;0,65;0,18;3,69
7,310;0,11;-0,29;4,52
7,312;-0,33;-0,65;4,67
7,327;-0,50;-0,69;4,21
7,335;-0,36;-0,43;3,17
7,342;-0,08;-0,00;1,96
7,351;0,25;0,38;0,73
7,362;0,62;0,73;-0,19
7,372;1,07;1,09;0,05
7,382;1,50;1,17;1,14
7,391;1,74;0,73;2,48
7,402;1,73;0,08;3,71
7,411;1,40;-0,46;4,71
7,446;0,83;-0,88;5,09
7,446;0,05;-1,19;4,72
7,447;-0,74;-1,32;3,63
7,455;-1,22;-1,22;1,92
7,462;-1,34;-0,83;0,22
7,471;-1,26;-0,29;-0,85
7,485;-0,97;0,20;-1,10
7,491;-0,52;0,57;-1,00
7,504;-0,24;0,71;-0,81
7,512;-0,39;0,59;-0,53
7,528;-0,62;0,18;-0,25
7,577;-0,67;-0,28;-0,29
7,579;-0,66;-0,71;-0,77
7,580;-0,42;-0,96;-1,69
7,581;0,12;-0,93;-2,88
7,582;0,83;-0,64;-3,96
7,584;1,41;-0,20;-4,55
7,591;1,76;0,28;-4,22
7,609;1,82;0,65;-3,18
7,611;1,60;0,80;-2,04
7,627;0,92;0,74;-1,22
7,632;0,17;0,59;-0,90
7,643;-0,41;0,37;-1,15
7,654;-0,73;0,11;-1,64
7,663;-0,69;0,04;-2,31
7,671;-0,48;0,10;-2,67
7,682;-0,34;0,27;-2,75
7,691;-0,17;0,45;-2,52
7,714;-0,15;0,58;-2,09
7,717;-0,41;0,64;-1,39
7,766;-0,54;0,64;-0,74
7,768;-0,54;0,64;-0,74
7,770;-0,58;0,53;-0,03
7,771;-0,54;0,38;0,36
7,773;-0,50;0,22;0,59
7,774;-0,26;0,08;0,95
7,775;0,12;-0,02;2,02
7,783;0,39;-0,01;3,44
7,792;0,29;0,03;4,50
7,809;-0,10;-0,16;4,59
7,813;-0,75;-0,49;4,21
7,848;-1,21;-0,73;4,12
7,850;-1,11;-0,85;4,11
7,851;-0,78;-0,80;4,45
7,853;-0,55;-0,52;4,78
7,863;-0,59;-0,09;5,09
7,871;-0,67;0,29;5,00
7,882;-0,66;0,50;4,45
7,891;-0,54;0,46;3,55
7,909;-0,57;0,27;2,80
7,911;-0,66;0,16;2,32
7,931;-0,78;0,25;2,28
7,932;-0,75;0,49;2,57
7,943;-0,56;0,80;2,68
7,951;-0,44;0,94;2,40
7,962;-0,48;0,78;1,67
7,970;-0,72;0,32;0,84
7,982;-0,91;-0,13;0,23
7,991;-0,87;-0,32;-0,13
8,011;-0,80;-0,29;-0,21
8,013;-0,62;-0,18;-0,18
8,064;-0,36;-0,14;-0,49
8,066;-0,36;-0,14;-0,49
8,067;0,03;-0,18;-1,43
8,068;0,29;-0,32;-2,20
8,069;0,53;-0,47;-3,30
8,072;0,55;-0,49;-3,29
8,082;0,88;-0,57;-5,62
8,093;0,96;-0,55;-6,58
8,108;1,17;-0,53;-7,44
8,139;1,39;-0,47;-8,04
8,141;1,39;-0,47;-8,04
8,142;1,59;-0,53;-7,31
8,143;1,31;-0,80;-6,49
8,144;0,83;-0,94;-4,65
8,151;0,22;-1,04;-2,74
8,162;-0,28;-1,13;-0,76
8,172;-0,59;-1,19;0,67
8,182;-0,74;-1,31;1,18
8,191;-0,79;-1,35;0,94
8,203;-0,62;-1,02;0,19
8,219;-0,37;-0,38;-0,83
8,225;-0,17;0,27;-1,52
8,231;0,25;0,81;-1,90
8,272;0,76;1,13;-1,50
8,273;1,09;1,00;-0,44
8,274;0,91;0,21;0,97
8,275;0,37;-0,89;2,66
8,282;-0,30;-2,02;4,16
8,291;-0,85;-2,69;5,21
8,303;-1,07;-2,58;5,51
8,318;-0,82;-1,92;4,72
8,337;-0,27;-1,09;3,52
8,338;0,49;-0,03;2,46
8,342;1,32;1,05;1,34
8,351;1,68;2,08;0,54
8,362;1,32;2,82;0,26
8,372;0,75;2,69;-0,09
8,383;0,13;1,63;-0,78
8,393;-0,57;0,09;-1,25
8,403;-1,27;-1,47;-0,80
8,417;-1,29;-2,15;1,38
8,473;-1,08;-1,86;4,30
8,475;-0,65;-0,99;6,43
8,476;-0,01;-0,39;6,74
8,477;0,51;-0,20;5,11
8,478;0,61;-0,04;2,32
8,480;0,83;0,37;-0,88
8,483;1,37;0,96;-3,30
8,491;1,64;1,51;-4,59
8,502;1,22;1,65;-4,81
8,519;0,41;1,24;-4,17
8,523;-0,20;0,50;-2,90
8,537;-0,43;-0,16;-1,75
8,542;-0,49;-0,64;-0,98
8,551;-0,47;-0,92;-1,07
8,562;-0,38;-1,08;-1,66
8,571;-0,24;-1,06;-2,14
8,582;-0,32;-1,05;-2,62
8,601;-0,16;-0,73;-3,57
8,604;-0,33;-0,53;-3,57
8,627;-0,54;-0,06;-2,53
8,630;-0,75;0,50;-1,21
8,633;-0,95;0,72;0,02
8,642;-1,21;0,48;0,41
8,652;-1,66;-0,03;0,31
8,664;-1,87;-0,39;0,24
8,672;-1,96;-0,13;0,05
8,683;-1,88;0,64;-0,14
8,706;-1,28;1,43;0,11
8,709;-0,28;1,97;0,76
8,713;0,70;2,19;1,14
8,766;1,12;2,14;1,42
8,768;0,95;1,80;1,68
8,770;0,56;1,27;1,77
8,772;0,38;0,69;1,96
8,777;0,28;0,31;2,54
8,781;0,01;0,11;3,35
8,786;-0,14;-0,08;4,22
8,794;0,04;-0,20;4,75
8,803;0,35;-0,20;5,02
8,815;0,58;0,07;4,93
8,821;0,55;0,45;4,29
8,837;0,17;0,78;3,30
8,846;-0,46;0,90;2,29
8,851;-0,97;0,90;1,46
8,862;-1,27;0,74;1,01
8,871;-1,32;0,34;0,59
8,881;-1,31;-0,25;0,32
8,893;-0,95;-0,77;0,04
8,902;-0,36;-0,97;0,24
8,925;0,25;-1,02;0,81
8,927;0,66;-1,20;1,61
8,931;0,89;-1,41;1,90
8,944;0,91;-1,52;1,44
8,951;0,93;-1,42;0,32
8,963;1,32;-1,17;-1,36
8,971;1,85;-0,68;-3,69
8,983;1,93;-0,11;-5,80
8,992;1,42;0,59;-6,31
9,011;0,77;1,06;-4,96
9,014;0,19;1,05;-2,56
9,023;-0,36;0,38;-0,70
9,072;-0,89;-0,56;-0,09
9,074;-1,33;-1,30;-0,52
9,075;-1,47;-1,63;-1,76
9,076;-1,10;-1,62;-3,57
9,077;-0,38;-1,31;-5,00
9,085;0,19;-0,80;-5,38
9,092;0,54;-0,18;-4,39
9,107;0,55;0,36;-2,93
9,112;0,31;0,50;-1,76
9,125;0,04;0,33;-0,98
9,131;-0,37;0,05;-0,33
9,142;-0,79;-0,23;0,03
9,151;-0,90;-0,47;-0,11
9,162;-0,86;-0,70;-0,25
9,172;-0,92;-0,80;0,18
9,182;-0,72;-0,63;1,01
9,191;-0,29;-0,42;2,22
9,207;0,31;-0,30;3,29
9,230;0,80;-0,40;3,94
9,232;0,85;-0,64;3,91
9,232;0,65;-0,77;3,71
9,242;0,44;-0,78;3,62
9,251;0,21;-0,66;3,67
9,262;0,01;-0,30;3,94
9,271;-0,12;0,24;4,20
9,284;-0,01;0,80;4,00
9,292;-0,06;1,26;3,35
9,311;-0,15;1,50;2,64
9,314;-0,15;1,46;1,89
9,324;-0,03;1,31;1,40
9,370;-0,01;1,18;0,97
9,372;-0,19;1,10;0,74
9,373;-0,28;0,99;0,39
9,374;-0,21;0,85;0,16
9,375;-0,20;0,51;-0,53
9,384;-0,56;0,12;-0,70
9,391;-0,61;0,07;-0,56
9,411;-0,46;0,07;-0,41
9,413;-0,43;0,05;-0,41
9,423;1,05;-0,19;-1,73
9,431;1,20;-0,26;-2,08
9,442;1,40;-0,39;-2,92
9,451;1,37;-0,60;-3,82
9,463;1,02;-0,74;-4,27
9,471;0,46;-0,80;-4,20
9,481;0,10;-0,77;-3,78
9,490;-0,54;-0,71;-2,90
9,505;-1,15;-0,69;-2,07
9,511;-1,54;-0,71;-1,63
9,559;-1,67;-0,71;-1,42
9,560;-1,50;-0,66;-1,40
9,562;-1,04;-0,39;-1,48
9,563;-0,40;0,02;-1,76
9,564;0,22;0,67;-2,17
9,571;0,36;0,83;-1,96
9,582;0,53;1,26;-1,09
9,591;0,53;1,59;-0,12
9,609;0,54;1,66;0,77
9,613;0,46;1,61;1,31
9,636;0,51;1,50;1,37
9,638;0,50;1,31;1,15
9,642;0,05;1,00;0,86
9,651;-0,60;0,57;0,73
9,663;-1,10;0,06;1,27
9,673;-0,96;-0,40;2,55
9,684;-0,43;-0,64;4,34
9,692;0,07;-0,54;6,01
9,704;0,30;-0,42;6,64
9,716;0,45;-0,36;6,01
9,734;0,84;-0,13;4,75
9,736;1,03;0,47;3,91
9,743;0,80;1,19;3,50
9,780;0,21;1,85;3,03
9,782;-0,57;2,20;2,64
9,783;-1,19;2,18;2,32
9,784;-1,62;1,87;1,74
9,791;-1,49;1,39;1,09
9,802;-0,97;0,70;0,65
9,811;-0,02;0,29;0,53
9,830;1,16;0,27;0,79
9,833;1,16;0,27;0,79
9,843;2,77;0,42;2,83
9,860;2,83;0,15;3,63
9,864;2,40;-0,27;3,95
9,872;1,67;-0,58;3,69
9,885;0,79;-0,65;2,69
9,892;-0,12;-0,54;1,25
9,904;-0,85;-0,36;-0,52
9,912;-1,25;-0,20;-2,42
9,927;-1,26;0,04;-4,44
9,979;-1,19;0,16;-6,31
9,981;-1,11;0,06;-7,42
9,982;-0,95;-0,27;-7,71
9,983;-0,84;-0,74;-7,20
9,984;-0,67;-1,24;-6,32
9,985;-0,54;-1,51;-5,34
9,986;-0,54;-1,51;-5,34
9,991;-0,45;-1,70;-4,64
10,002;-0,54;-1,83;-4,06
10,011;-0,54;-1,93;-3,65
10,022;-0,48;-1,95;-3,38
10,031;-0,30;-1,92;-3,15
10,052;-0,21;-1,75;-3,00
10,054;-0,30;-1,38;-2,85
10,062;-0,34;-0,81;-2,75
10,072;-0,20;-0,34;-2,61
10,082;0,07;-0,13;-2,43
10,092;0,31;-0,13;-1,84
10,112;0,35;-0,28;-0,77
10,115;0,16;-0,51;0,21
10,122;-0,10;-0,82;0,90
10,132;-0,29;-1,23;1,39
10,159;-0,45;-1,59;1,94
10,162;-0,41;-1,58;2,73
10,164;-0,10;-1,15;3,64
10,172;0,43;-0,64;3,96
10,182;0,72;-0,11;3,85
10,191;0,79;0,47;3,34
10,210;0,84;0,88;2,35
10,212;0,99;1,07;1,25
10,233;1,29;1,23;0,86
10,235;1,36;1,27;1,88
10,243;1,23;1,08;3,96
10,252;1,07;0,69;5,85
10,262;0,68;0,34;6,91
10,271;0,08;0,14;6,84
10,283;-0,51;-0,08;5,34
10,293;-0,94;-0,38;3,06
10,317;-0,92;-0,63;0,26
10,321;-0,45;-0,64;-3,20
10,325;-0,03;-0,37;-6,14
10,332;0,22;0,21;-7,29
10,382;0,82;0,87;-6,71
10,384;1,63;1,17;-5,16
10,386;1,97;0,80;-3,11
10,387;1,64;0,09;-1,41
10,389;0,72;-0,55;-0,75
10,391;-0,21;-0,96;-0,84
10,402;-0,97;-1,25;-1,47
10,411;-1,53;-1,49;-2,19
10,429;-1,75;-1,47;-2,67
10,431;-1,46;-1,10;-2,89
10,470;-0,97;-0,66;-2,66
10,472;-0,45;-0,16;-2,24
10,473;0,00;0,39;-1,53
10,475;0,14;0,85;-0,54
10,482;-0,19;1,14;0,25
10,492;-0,54;1,17;0,72
10,518;-0,89;1,02;0,74
10,522;-1,22;0,79;0,42
10,524;-1,32;0,51;-0,07
10,532;-1,26;0,30;-0,26
10,571;-1,33;0,21;0,22
10,574;-1,31;0,32;1,35
10,575;-0,99;0,53;2,66
10,576;-0,36;0,52;3,67
10,582;0,32;0,27;4,11
10,592;0,65;0,01;4,38
10,603;0,78;0,07;4,71
10,622;0,96;0,30;4,61
10,625;0,92;0,49;3,90
10,631;0,53;0,71;3,12
10,647;-0,15;0,96;2,86
10,651;-0,76;1,24;2,72
10,662;-1,26;1,46;2,65
10,673;-1,58;1,56;2,55
10,683;-1,69;1,51;2,61
10,691;-1,78;1,39;2,71
10,702;-1,61;1,11;2,81
10,714;-1,27;0,81;2,67
10,768;-0,78;0,55;2,16
10,771;-0,28;0,49;1,43
10,772;0,19;0,43;0,54
10,773;0,64;0,32;-0,22
10,774;0,97;0,22;-0,75
10,775;0,92;0,17;-1,08
10,782;0,64;0,08;-1,25
10,791;0,37;-0,19;-1,49
10,803;0,18;-0,65;-2,04
10,820;0,02;-1,12;-2,74
10,823;-0,06;-1,67;-2,86
10,831;-0,01;-1,73;-2,61
10,852;0,20;-1,75;-1,97
10,854;0,45;-1,70;-1,34
10,862;0,72;-1,56;-0,90
10,873;0,88;-1,33;-1,05
10,883;0,92;-1,01;-1,88
10,892;0,84;-0,76;-2,37
10,903;0,69;-0,60;-2,28
10,919;0,30;-0,42;-1,79
10,970;-0,31;-0,34;-1,09
10,972;-0,83;-0,52;-0,40
10,973;-1,26;-0,77;-0,09
10,974;-1,20;-0,74;-0,10
10,975;-1,10;-0,92;-0,63
10,977;-0,33;-0,77;-1,08
10,982;0,36;-0,52;-0,88
10,991;0,74;-0,42;0,41
11,002;0,94;-0,29;1,92
11,012;1,22;-0,24;2,97
11,052;1,45;-0,33;3,47
11,054;1,55;-0,45;3,40
11,055;1,42;-0,36;2,84
11,056;1,21;-0,04;2,03
11,062;1,04;0,41;0,95
11,071;0,87;0,93;-0,20
11,082;0,46;1,43;-0,98
11,092;-0,18;1,73;-1,28
11,103;-0,77;1,74;-1,23
11,115;-1,11;1,43;-0,70
11,124;-1,21;0,87;-0,15
11,180;-1,06;0,43;0,43
11,182;-0,58;0,23;1,25
11,183;-0,02;0,10;1,69
11,184;0,34;-0,05;1,61
11,185;0,50;-0,21;1,15
11,186;0,53;-0,31;0,66
11,192;0,51;-0,28;0,65
11,202;0,49;-0,38;-1,45
11,212;0,43;-0,47;-2,86
11,235;0,37;-0,45;-4,05
11,238;0,47;-0,39;-4,87
11,258;0,53;-0,35;-4,99
11,260;0,45;-0,31;-4,21
11,262;0,32;-0,35;-3,22
11,271;0,00;-0,48;-2,49
11,282;-0,28;-0,52;-2,12
11,293;-0,31;-0,57;-2,32
11,303;-0,27;-0,68;-2,59
11,312;-0,41;-0,59;-2,27
11,326;-0,43;-0,27;-1,59
11,341;-0,24;0,07;-0,79
11,344;-0,21;0,39;0,17
11,352;-0,30;0,71;1,26
11,398;-0,36;1,01;2,16
11,401;-0,43;1,16;2,46
11,402;-0,62;1,12;1,69
11,403;-0,93;1,02;0,45
11,405;-1,23;0,99;-0,37
11,411;-1,35;1,05;-0,07
11,422;-1,15;1,23;1,37
11,433;-0,55;1,39;3,00
11,460;0,14;1,23;3,99
11,463;0,64;0,56;4,14
11,464;0,70;-0,19;3,82
11,471;0,59;-0,43;3,67
11,482;0,41;-0,18;3,47
11,491;0,21;0,27;3,10
11,504;-0,23;0,66;2,62
11,525;-1,00;0,89;1,69
11,528;-1,73;1,18;0,83
11,532;-2,19;1,43;0,26
11,581;-2,41;1,38;0,05
11,583;-2,34;0,93;0,47
11,584;-1,70;0,17;1,07
11,585;-0,76;-0,48;1,59
11,587;0,03;-0,78;2,43
11,594;0,66;-0,79;3,35
11,601;1,12;-0,74;3,82
11,616;1,24;-0,71;3,70
11,622;0,84;-0,63;2,92
11,648;0,21;-0,54;1,54
11,649;-0,25;-0,55;-0,36
11,651;-0,39;-0,53;-2,48
11,662;-0,20;-0,39;-4,46
11,671;0,04;-0,21;-5,71
11,682;0,05;-0,15;-5,77
11,691;0,01;-0,26;-4,64
11,702;-0,00;-0,53;-2,95
11,727;-0,01;-0,84;-1,76
11,729;-0,08;-1,13;-1,24
11,730;-0,08;-1,13;-1,24
11,731;-0,03;-1,27;-1,36
11,742;0,36;-1,26;-1,83
11,757;0,93;-0,97;-2,06
11,767;1,48;-0,44;-2,05
11,771;1,75;0,09;-1,59
11,782;1,82;0,46;-0,61
11,792;1,55;0,74;0,36
11,802;1,16;0,88;0,82
11,813;0,63;0,81;0,62
11,822;-0,06;0,57;0,36
11,839;-0,42;0,28;0,44
11,843;-0,38;0,09;1,30
11,852;-0,09;0,12;2,59
11,867;0,53;0,22;3,52
11,871;1,29;0,01;3,66
11,882;1,62;-0,34;3,04
11,892;1,56;-0,45;2,28
11,904;1,31;-0,34;1,58
11,927;1,21;-0,02;0,91
11,931;0,92;0,30;0,35
11,941;0,27;0,74;-0,10
11,942;0,27;0,74;-0,10
11,983;-0,43;1,25;-0,57
11,985;-0,76;1,58;-1,53
11,986;-0,55;1,50;-2,44
11,987;-0,32;1,27;-2,54
11,989;0,29;0,79;-1,60
11,990;0,29;0,79;-1,60
12,002;1,81;0,05;3,40
12,011;1,85;-0,14;5,78
12,021;1,23;-0,46;6,54
12,057;0,16;-0,97;5,51
12,059;-0,91;-1,47;3,05
12,065;-1,61;-1,74;-0,07
12,067;-1,75;-1,67;-3,39
12,071;-1,63;-1,21;-6,24
12,083;-1,08;-0,15;-8,54
12,091;-0,83;0,21;-8,65
12,104;-0,47;0,65;-8,00
12,112;-0,26;0,65;-6,56
12,127;-0,44;0,09;-4,75
12,135;-0,96;-1,02;-3,50
12,143;-1,13;-1,27;-3,37
12,182;-1,36;-1,48;-3,36
12,184;-1,42;-1,39;-3,39
12,185;-1,13;-1,12;-3,05
12,186;-0,81;-0,58;-2,31
12,191;-0,51;0,06;-1,46
12,203;-0,33;0,65;-0,85
12,211;-0,29;1,17;-0,76
12,227;-0,41;1,44;-1,02
12,232;-0,41;1,44;-1,02
12,233;-0,51;1,35;-1,41
12,246;-0,72;1,17;-1,55
12,251;-1,07;1,06;-1,16
12,262;-1,22;1,02;-0,73
12,271;-0,89;0,89;0,20
12,283;-0,07;0,68;1,83
12,291;1,10;0,48;4,05
12,301;1,94;0,21;5,83
12,311;2,33;-0,08;6,62
12,322;2,19;-0,03;6,21
12,347;1,67;0,53;4,75
12,349;0,96;1,01;3,62
12,351;0,61;1,40;2,62
12,362;0,12;1,64;1,65
12,371;-0,68;1,53;1,34
12,383;-1,48;0,76;2,45
12,391;-1,45;-0,26;4,73
12,402;-0,96;-1,02;6,52
12,411;-0,55;-1,40;7,04
12,429;-0,57;-1,40;6,10
12,431;-0,85;-1,05;4,52
12,442;-1,03;-0,63;2,74
12,464;-0,98;-0,28;1,06
12,466;-0,73;0,22;-0,16
12,471;-0,61;0,67;-1,17
12,482;-0,51;0,77;-1,59
12,491;-0,38;0,49;-0,91
12,502;-0,13;-0,01;0,33
12,511;0,29;-0,31;1,19
12,525;0,57;-0,46;1,51
12,531;0,85;-0,62;1,26
12,580;1,18;-0,71;0,61
12,583;1,52;-0,78;-0,06
12,584;1,82;-0,67;-0,31
12,585;1,87;-0,51;0,02
12,585;1,60;-0,50;0,52
12,592;1,18;-0,57;1,00
12,602;0,58;-0,80;1,11
12,611;0,14;-1,06;0,53
12,624;0,01;-1,19;-0,52
12,632;0,23;-0,98;-1,55
12,663;0,43;-0,65;-1,91
12,665;0,61;-0,36;-1,58
12,666;0,77;-0,20;-1,03
12,672;0,90;-0,28;-0,91
12,682;1,03;-0,48;-1,43
12,691;1,13;-0,51;-2,65
12,707;1,02;-0,49;-4,06
12,711;0,74;-0,63;-4,61
12,749;0,01;-0,87;-3,80
12,751;-1,01;-1,15;-1,73
12,752;-2,12;-1,25;0,94
12,753;-3,17;-1,02;3,81
12,762;-2,79;-0,62;5,77
12,771;-1,21;-0,46;6,22
12,782;0,29;-0,01;5,53
12,791;0,87;0,87;4,18
12,813;0,87;1,58;3,16
12,816;1,35;1,79;2,18
12,838;1,95;1,68;0,55
12,840;2,26;1,32;-1,45
12,842;2,08;1,05;-3,60
12,857;1,63;0,77;-6,13
12,863;1,10;0,31;-7,93
12,871;0,66;-0,12;-7,48
12,882;0,54;-0,35;-4,58
12,891;0,76;-0,39;-0,70
12,908;0,74;-0,33;2,99
12,911;0,33;-0,37;5,01
12,948;-0,58;-0,58;4,96
12,950;-1,45;-0,87;3,13
12,951;-1,85;-1,04;0,34
12,957;-1,93;-0,73;-2,30
12,961;-1,74;0,11;-4,07
12,971;-1,64;1,15;-4,58
12,983;-1,90;2,01;-3,68
12,991;-2,41;2,25;-1,92
13,014;-3,20;1,83;-0,28
13,017;-3,70;0,99;0,55
13,064;-3,46;0,05;0,83
13,066;-2,24;-0,68;0,72
13,071;-0,93;-0,89;0,02
13,072;0,27;-0,68;-1,39
13,073;1,08;-0,26;-2,62
13,074;1,51;0,46;-2,89
13,083;1,90;1,25;-2,69
13,092;1,99;1,47;-1,73
13,119;1,78;1,31;-1,68
13,123;-0,13;0,90;1,26
13,125;-1,28;0,42;2,10
13,132;-1,98;-0,34;2,42
13,144;-2,33;-1,05;2,48
13,152;-2,03;-1,41;2,88
13,163;-0,96;-1,52;3,81
13,174;0,42;-1,47;4,22
13,186;1,50;-1,38;3,87
13,194;2,15;-1,28;2,76
13,207;2,21;-1,12;1,25
13,212;1,89;-0,88;-0,79
13,233;1,46;-0,60;-2,84
13,237;1,30;-0,38;-3,48
13,295;1,16;-0,01;-3,68
13,297;1,08;0,38;-2,71
13,299;0,77;0,63;-1,19
13,300;0,11;0,47;0,26
13,302;-0,41;0,11;0,77
13,305;-0,94;-0,30;0,51
13,306;-1,39;-0,61;-0,43
13,311;-1,59;-0,63;-1,67
13,331;-1,59;-0,61;-2,80
13,334;-1,51;-0,48;-2,58
13,370;-1,17;-0,09;0,78
13,372;-0,93;0,00;2,02
13,373;-0,81;-0,16;3,59
13,374;-0,79;-0,65;3,89
13,382;-0,53;-1,18;3,29
13,392;0,26;-1,44;2,96
13,402;1,28;-1,09;2,92
13,419;1,65;-0,51;2,94
13,423;1,55;-0,19;2,22
13,432;1,33;0,04;0,58
13,462;1,07;0,58;-1,96
13,464;1,07;0,58;-1,96
13,466;0,99;0,92;-2,61
13,474;0,79;1,53;-3,62
13,476;0,79;1,53;-3,62
13,478;0,32;1,66;-3,99
13,483;0,18;1,41;-4,24
13,492;0,35;1,04;-4,24
13,502;0,63;0,76;-3,47
13,512;1,00;0,43;-2,13
13,534;1,58;-0,03;-0,18
13,537;2,04;-0,42;2,03
13,542;2,21;-0,65;3,91
13,551;1,81;-0,76;5,02
13,580;0,73;-0,84;4,99
13,581;-0,67;-0,79;4,02
13,583;-1,99;-0,51;3,10
13,591;-2,78;0,16;3,26
13,603;-3,06;0,88;3,93
13,621;-3,11;1,19;4,28
13,624;-2,83;1,12;4,22
13,632;-2,18;0,98;3,28
13,644;-1,27;1,12;1,42
13,651;-0,27;1,26;-0,59
13,662;0,44;1,27;-1,42
13,671;1,02;1,08;-0,50
13,682;1,25;0,80;1,13
13,691;0,92;0,54;2,21
13,703;0,13;0,27;2,59
13,711;-0,63;0,10;1,95
13,733;-0,98;-0,08;0,09
13,735;-1,01;-0,10;-2,04
13,790;-0,85;0,10;-3,83
13,792;-0,64;0,44;-5,16
13,793;-0,44;0,66;-6,28
13,794;-0,43;0,52;-7,22
13,795;-0,71;0,20;-7,53
13,796;-0,98;-0,30;-6,21
13,802;-0,82;-0,88;-3,81
13,811;-0,71;-1,02;-3,77
13,824;0,05;-1,27;-0,46
13,840;0,38;-1,38;-0,25
13,845;0,88;-1,47;-1,63
13,847;0,88;-1,47;-1,63
13,853;1,29;-1,49;-3,52
13,880;1,50;-1,16;-4,91
13,883;1,24;-0,57;-5,07
13,884;0,52;-0,01;-3,41
13,892;-0,54;0,09;-0,92
13,902;-1,52;-0,08;1,66
13,911;-2,01;-0,16;4,30
13,922;-1,75;-0,04;5,95
13,933;-0,70;-0,13;6,05
13,981;0,39;-0,27;5,07
13,983;0,65;-0,25;4,44
13,984;0,17;0,13;4,98
13,985;-0,09;0,93;5,80
13,986;0,02;1,46;5,93
13,991;0,20;1,53;5,54
14,003;0,49;1,21;4,61
14,016;0,79;0,68;3,03
14,034;1,16;0,22;1,34
14,049;1,47;-0,02;0,15
14,049;1,83;-0,09;-0,27
14,078;2,35;-0,13;-0,31
14,079;2,79;-0,19;-0,11
14,079;2,99;-0,24;0,08
14,082;2,74;-0,37;-0,29
14,091;2,09;-0,67;-1,29
14,101;1,51;-0,96;-2,79
14,111;0,95;-1,23;-4,74
14,121;0,11;-1,45;-6,20
14,136;-0,68;-1,49;-6,27
14,146;-0,87;-1,43;-6,24
14,152;-1,01;-1,62;-2,98
14,162;-0,66;-1,78;-1,30
14,171;-0,29;-1,91;-0,35
14,182;0,00;-1,90;-0,20
14,191;0,03;-1,78;-0,53
14,202;0,09;-1,45;-1,68
14,220;-0,10;-1,04;-2,25
14,223;-0,65;-0,56;-1,56
14,288;-1,08;-0,30;-0,06
14,290;-1,24;-0,34;1,75
14,291;-1,35;-0,45;3,63
14,294;-0,99;-0,44;4,62
14,295;-0,25;-0,49;4,14
14,296;-0,20;-0,40;2,75
14,298;-0,68;0,10;2,19
14,302;-0,85;0,87;3,53
14,318;-0,16;1,59;5,59
14,322;0,79;1,91;6,77
14,354;1,24;2,10;6,37
14,355;0,87;2,41;4,73
14,357;-0,00;2,55;3,30
14,363;-0,89;2,31;1,58
14,371;-1,84;1,83;-0,15
14,383;-2,57;1,58;-1,09
14,391;-2,37;1,41;-1,09
14,402;-2,55;1,14;-0,94
14,418;-2,14;0,64;-0,21
14,422;-1,64;0,35;0,98
14,454;-1,16;0,22;1,83
14,455;-0,67;0,19;1,70
14,456;-0,31;0,21;0,74
14,464;-0,03;0,15;-0,83
14,471;0,25;0,10;-2,67
14,482;0,53;0,13;-3,66
14,491;1,23;0,31;-5,55
14,502;1,45;0,42;-7,07
14,528;0,63;0,14;-6,62
14,531;0,63;0,14;-6,62
14,532;0,16;-0,22;-5,64
14,540;-0,41;-0,78;-3,44
14,541;-0,41;-0,78;-3,44
14,589;-0,59;-1,43;1,04
14,591;-0,28;-1,62;2,67
14,592;0,16;-1,87;3,08
14,593;0,57;-1,95;2,43
14,594;1,13;-1,76;1,85
14,602;1,51;-1,39;0,60
14,611;1,10;-1,01;0,52
14,622;0,07;-0,01;0,84
14,650;-0,98;0,99;1,67
14,652;-1,87;1,65;2,49
14,653;-2,31;1,78;2,65
14,662;-2,37;0,94;2,22
14,671;-2,06;-0,29;2,01
14,682;-1,29;-0,82;2,58
14,691;-0,18;-0,42;3,57
14,702;0,66;0,43;3,91
14,711;0,98;1,29;3,49
14,722;0,94;1,60;2,99
14,773;0,92;1,50;2,03
14,775;0,66;1,09;0,82
14,776;0,28;0,46;0,10
14,777;0,26;-0,23;-0,43
14,778;0,67;-0,82;-0,77
14,784;1,35;-1,08;-0,83
14,791;2,02;-1,00;-0,64
14,802;2,24;-0,87;-0,78
14,812;1,88;-1,03;-1,50
14,827;1,30;-1,43;-2,87
14,855;0,92;-1,85;-4,41
14,857;1,01;-2,00;-5,78
14,859;1,32;-1,65;-7,21
14,863;1,39;-1,15;-8,36
14,872;0,93;-0,68;-8,70
14,886;0,15;-0,32;-8,08
14,891;-0,42;-0,10;-6,55
14,904;-0,90;-0,03;-4,20
14,912;-1,33;-0,21;-1,38
14,929;-1,42;-0,53;1,25
14,938;-1,48;-0,82;3,35
14,940;-1,48;-0,82;3,35
14,943;-1,64;-1,09;4,79
14,979;-1,87;-1,42;5,29
14,981;-2,79;-2,04;5,32
14,983;-3,92;-2,20;5,16
14,984;-3,90;-1,44;4,06
14,993;-2,53;0,10;2,20
15,003;-1,16;1,78;1,52
15,011;-0,10;2,92;3,18
15,024;0,80;3,32;5,52
15,031;1,63;3,20;6,49
15,052;1,67;2,78;6,02
15,052;0,59;2,44;4,59
15,062;-0,86;2,38;2,90
15,071;-1,77;2,39;1,98
15,086;-2,00;2,31;0,67
15,091;-2,15;2,10;-0,93
15,103;-2,18;1,83;-1,92
15,112;-2,32;1,29;-2,31
15,128;-2,55;0,46;-2,06
15,185;-2,50;-0,38;-1,24
15,187;-2,01;-1,07;-0,38
15,188;-1,52;-1,46;0,22
15,189;-1,13;-1,54;0,43
15,191;-0,55;-1,32;-0,15
15,192;0,34;-0,80;-1,73
15,193;1,25;-0,15;-3,35
15,204;2,41;0,43;-4,48
15,212;3,31;0,88;-5,17
15,229;3,37;1,18;-5,42
15,232;2,58;1,02;-5,18
15,259;1,39;0,46;-3,86
15,262;0,59;-0,23;-2,34
15,264;0,16;-0,83;-0,83
15,274;-0,10;-1,42;0,31
15,285;-0,52;-1,73;0,66
15,292;-0,95;-1,47;0,30
15,306;-1,05;-0,75;-0,19
15,312;-1,03;0,17;0,01
15,324;-0,97;1,07;1,49
15,332;-0,91;1,50;3,48
15,349;-1,09;1,16;5,39
15,358;-1,31;0,42;6,68
15,363;-1,52;-0,14;7,27
15,405;-1,48;-0,34;6,77
15,407;-1,15;-0,16;5,44
15,408;-0,75;0,24;3,85
15,410;-0,43;0,61;2,21
15,412;0,19;0,86;0,51
15,423;1,18;0,87;-0,60
15,431;2,10;0,67;-1,17
15,449;2,62;0,26;-0,82
15,451;3,02;-0,27;0,88
15,468;3,66;-0,62;2,83
15,471;3,95;-1,01;4,06
15,482;3,63;-1,39;4,16
15,491;2,74;-1,74;2,88
15,503;1,59;-1,93;0,89
15,511;0,69;-1,97;-1,29
15,522;0,07;-1,74;-3,49
15,531;-0,41;-1,30;-5,29
15,546;-0,75;-0,95;-6,46
15,553;-0,62;-0,73;-7,13
15,571;-0,33;-0,59;-7,28
15,573;-0,08;-0,36;-6,63
15,582;0,11;-0,22;-5,31
15,591;0,50;-0,23;-3,82
15,605;0,78;-0,43;-2,55
15,611;0,61;-0,90;-0,99
15,622;0,27;-1,42;0,78
15,633;-0,21;-1,73;2,39
15,653;-1,26;-1,83;3,71
15,657;-2,42;-1,46;4,34
15,663;-2,77;-0,68;3,81
15,714;-1,78;0,20;2,73
15,716;-0,64;1,35;2,46
15,717;-0,17;2,30;3,59
15,718;0,00;2,62;5,24
15,720;-0,01;2,23;6,23
15,724;-0,42;1,75;6,19
15,731;-1,11;1,67;5,16
15,746;-1,66;1,89;3,27
15,751;-1,67;1,92;2,31
15,774;-1,57;2,05;0,08
15,777;-1,60;2,13;-2,25
15,783;-2,04;2,11;-3,98
15,792;-2,43;1,70;-5,33
15,803;-2,58;0,79;-5,24
15,812;-2,30;-0,36;-2,78
15,833;-1,69;-1,22;0,18
15,835;-0,98;-1,65;2,35
15,888;-0,37;-1,76;2,75
15,890;0,33;-1,56;1,50
15,891;1,33;-0,83;-1,71
15,892;1,52;-0,42;-2,70
15,893;1,66;0,25;-4,42
15,894;1,26;0,69;-6,23
15,902;0,97;0,97;-7,48
15,911;1,08;1,07;-7,20
15,937;1,14;1,04;-5,10
15,940;1,07;0,61;-2,75
15,942;1,07;0,61;-2,75
15,944;0,90;-0,27;-0,96
15,952;0,54;-1,11;0,26
15,989;-0,08;-1,75;1,32
15,992;-0,61;-2,07;2,29
15,998;-0,74;-1,97;2,43
15,999;-0,88;-1,38;1,89
16,003;-1,59;-0,51;1,96
16,012;-2,08;0,37;2,78
16,038;-2,34;0,71;4,36
16,040;-2,50;0,20;6,42
16,043;-2,67;-0,46;8,40
16,051;-2,36;-0,80;8,94
16,063;-1,87;-0,71;6,91
16,073;-1,25;0,09;3,81
16,082;-0,69;1,17;0,93
16,092;-0,08;1,92;-0,64
16,101;1,02;2,26;-0,30
16,111;2,37;2,18;0,73
16,125;3,40;1,70;1,21
16,130;3,84;0,97;0,75
16,167;4,04;0,23;-0,37
16,168;4,09;-0,34;-1,22
16,170;3,91;-0,82;-1,46
16,171;3,46;-1,15;-1,54
16,182;2,75;-1,34;-1,95
16,191;1,79;-1,74;-2,79
16,202;0,63;-2,26;-4,03
16,211;-0,68;-2,70;-5,17
16,236;-1,99;-2,83;-6,16
16,240;-2,89;-2,73;-6,01
16,307;-3,09;-2,46;-4,59
16,309;-2,87;-2,07;-2,93
16,312;-2,39;-1,67;-1,44
16,313;-1,33;-1,25;0,10
16,315;-0,16;-1,08;1,13
16,316;0,60;-1,04;1,17
16,318;0,92;-0,76;1,33
16,319;0,90;-0,24;2,43
16,325;0,58;0,07;3,95
16,332;-0,02;0,12;4,92
16,356;-1,22;0,18;5,11
16,358;-2,14;0,59;4,64
16,363;-2,01;1,16;3,64
16,370;-1,30;2,10;2,14
16,391;-0,60;3,03;1,43
16,393;-0,05;3,60;2,34
16,402;0,49;3,69;3,83
16,411;0,60;3,45;4,26
16,422;0,05;2,91;3,99
16,435;-0,52;2,24;3,65
16,483;-0,83;1,53;2,99
16,485;-0,83;1,53;2,99
16,486;-0,65;1,29;1,73
16,487;-0,31;1,53;-0,02
16,489;-0,32;1,69;-1,92
16,491;-0,70;1,28;-3,36
16,493;-1,00;0,59;-3,55
16,502;-1,34;-0,01;-2,91
16,523;-1,80;-0,31;-2,05
16,526;-1,85;-0,48;-1,75
16,531;-1,58;-0,89;-2,47
16,551;-0,87;-1,36;-3,89
16,553;-0,02;-1,65;-5,18
16,574;0,69;-1,66;-5,88
16,576;1,07;-1,42;-5,79
16,582;1,19;-1,06;-4,61
16,591;1,44;-0,63;-3,02
16,602;1,55;-0,18;-2,38
16,616;1,24;0,01;-3,11
16,622;0,75;-0,37;-4,51
16,645;0,42;-0,88;-5,63
16,647;0,19;-1,35;-5,50
16,651;0,08;-1,87;-3,85
16,662;-0,16;-2,36;-1,09
16,671;-0,56;-2,54;2,47
16,683;-0,86;-2,44;5,92
16,693;-1,51;-2,15;8,83
16,704;-2,64;-1,59;10,35
16,736;-3,29;-1,19;9,96
16,742;-3,12;-0,80;8,52
16,744;-2,66;-0,38;7,22
16,746;-2,68;-0,15;6,39
16,804;-2,21;-0,22;5,58
16,806;-0,47;-0,08;4,45
16,807;-0,47;-0,08;4,45
16,809;2,99;1,40;4,17
16,810;3,47;1,86;3,52
16,812;3,02;1,77;1,59
16,813;2,01;1,24;-0,12
16,822;1,26;0,61;-0,52
16,835;1,52;0,10;0,85
16,843;2,16;-0,18;2,70
16,868;2,50;-0,30;3,82
16,871;2,45;-0,40;3,76
16,872;2,13;-0,54;2,74
16,883;1,90;-0,70;0,93
16,891;1,53;-0,82;-1,39
16,903;0,98;-0,74;-3,66
16,925;0,43;-0,47;-5,30
16,930;-0,17;-0,40;-6,57
16,931;-0,39;-0,46;-7,31
16,943;-0,43;-0,57;-7,35
16,955;-0,71;-0,68;-6,83
16,987;-0,86;-0,73;-6,09
16,993;-0,75;-0,87;-5,49
16,994;-0,54;-1,06;-5,10
16,995;-0,52;-1,15;-5,00
17,002;-0,66;-1,34;-4,76
17,020;-0,97;-1,55;-4,22
17,024;-0,99;-1,51;-2,79
17,068;-0,81;-1,23;-0,15
17,069;-0,55;-1,09;3,00
17,071;-0,48;-1,10;5,14
17,071;-1,69;-0,68;6,24
17,072;-2,53;0,23;5,71
17,082;-2,17;0,62;4,32
17,091;-3,06;1,40;3,32
17,104;-3,95;1,57;3,19
17,111;-2,55;0,53;3,06
17,129;2,89;-0,04;1,51
17,131;2,89;-0,04;1,51
17,142;5,59;1,50;3,52
17,187;5,72;1,86;6,31
17,188;4,45;0,66;8,40
17,189;3,38;0,19;8,18
17,191;1,41;-0,19;6,12
17,192;0,13;0,19;2,83
17,202;-0,34;0,74;0,34
17,211;-0,97;0,95;-0,21
17,222;-2,25;0,70;0,57
17,285;-3,62;0,14;1,71
17,287;-4,18;-0,62;1,93
17,288;-4,08;-1,25;1,10
17,289;-3,37;-1,50;-0,65
17,290;-2,09;-1,12;-2,77
17,291;-0,65;-0,19;-4,87
17,292;0,64;0,98;-6,61
17,303;1,59;2,22;-7,61
17,311;2,23;3,18;-7,38
17,323;2,40;3,45;-6,29
17,352;1,97;2,81;-5,08
17,354;0,91;1,57;-4,17
17,355;-0,26;0,14;-3,83
17,362;-1,11;-1,03;-4,18
17,384;-1,76;-1,92;-4,77
17,386;-2,04;-2,40;-4,91
17,391;-1,73;-2,58;-4,19
17,402;-1,37;-2,65;-2,58
17,412;-1,15;-2,60;0,39
17,437;-0,28;-2,35;4,69
17,441;0,27;-2,59;9,70
17,445;-0,50;-3,15;13,91
17,511;-2,03;-4,33;15,17
17,513;-3,98;-5,41;13,72
17,515;-6,04;-4,50;10,88
17,517;-6,63;-1,57;8,62
17,519;-5,53;0,77;6,39
17,521;-3,73;2,20;1,53
17,522;-0,74;3,36;-3,58
17,523;2,52;3,95;-4,09
17,547;5,21;4,20;-0,71
17,549;6,65;4,04;3,15
17,551;6,45;3,47;4,92
17,562;5,03;2,87;4,11
17,576;2,98;2,23;2,52
17,584;1,17;1,42;2,03
17,590;-0,29;0,38;3,41
17,601;-1,26;-0,73;5,03
17,611;-1,58;-1,55;6,12
17,622;-1,13;-1,92;6,38
17,649;-0,23;-1,82;6,04
17,654;1,10;-1,15;5,05
17,656;2,29;-0,51;3,62
17,663;3,37;-0,09;1,62
17,723;3,68;0,19;-1,00
17,726;3,17;0,51;-3,83
17,727;1,29;0,58;-5,80
17,728;-1,63;0,27;-6,71
17,734;-4,42;-0,74;-6,71
17,735;-5,97;-1,95;-5,72
17,737;-6,30;-2,82;-4,37
17,744;-5,54;-2,93;-3,02
17,769;-4,32;-2,37;-2,58
17,772;-2,90;-1,46;-3,14
17,774;-1,26;-0,39;-4,49
17,819;0,25;0,58;-5,10
17,821;1,53;1,37;-4,50
17,823;2,44;1,97;-3,44
17,824;2,78;2,28;-2,12
17,825;3,11;2,15;-0,66
17,831;3,28;1,59;0,59
17,842;2,64;0,78;1,17
17,857;1,59;0,12;0,88
17,862;0,81;-0,28;0,30
17,890;0,75;-0,26;0,30
17,892;1,46;0,27;1,42
17,893;2,68;1,03;2,70
17,902;3,80;1,43;3,20
17,911;4,32;1,33;3,01
17,922;4,56;0,99;2,31
17,931;4,24;0,66;1,34
17,945;2,98;0,37;0,38
17,980;1,45;0,31;-0,13
17,982;0,51;0,35;0,01
17,987;0,01;0,41;0,45
17,989;-0,20;0,41;0,62
17,992;-0,37;0,29;0,48
18,004;-0,62;0,14;0,47
18,011;-0,76;0,02;0,57
18,023;-0,78;0,00;0,59
18,033;-0,77;0,05;0,37
18,052;-0,86;0,14;0,03
18,054;-0,81;0,25;-0,02
18,063;-0,62;0,30;0,09
18,087;-0,34;0,39;0,09
18,089;0,05;0,42;-0,05
18,092;0,34;0,49;-0,24
18,104;0,57;0,46;-0,29
18,112;0,94;0,43;-0,06
18,126;1,11;0,38;0,28
18,132;1,08;0,26;0,68
18,149;1,02;0,17;0,90
18,153;1,01;0,23;0,99
18,218;0,69;0,26;1,02
18,220;-0,02;0,10;0,83
18,222;-0,73;-0,08;0,12
18,224;-1,17;-0,22;-0,66
18,225;-1,46;-0,30;-1,21
18,228;-1,64;-0,19;-1,18
18,229;-1,37;0,16;-0,65
18,232;-1,04;0,65;0,11
18,244;-0,82;0,83;0,54
18,251;-0,51;0,95;1,25
18,262;-0,29;0,87;1,44
18,299;-0,25;0,60;1,22
18,301;-0,18;0,28;0,54
18,303;-0,35;0,00;-0,07
18,304;-0,60;-0,13;-0,48
18,311;-0,49;-0,14;-1,03
18,331;0,02;0,08;-1,39
18,333;0,58;0,39;-1,54
18,365;0,96;0,58;-1,26
18,367;0,94;0,66;-0,97
18,368;0,66;0,57;-0,89
18,375;0,20;0,31;-0,92
18,383;-0,18;-0,14;-0,48
18,392;-0,14;-0,44;0,12
18,402;-0,08;-0,48;0,43
18,411;0,32;-0,42;0,96
18,431;0,71;-0,36;1,26
18,503;0,95;-0,26;1,32
18,505;0,84;-0,19;1,24
18,506;0,32;-0,08;0,86
18,507;0,09;-0,04;0,11
18,509;0,09;-0,00;-0,62
18,511;0,06;0,15;-1,15
18,513;-0,05;0,41;-1,20
18,514;-0,22;0,67;-1,15
18,515;-0,50;0,67;-0,93
18,523;-0,74;0,39;-0,54
18,531;-0,81;-0,00;-0,24
18,542;-0,78;-0,33;-0,01
18,551;-0,65;-0,37;0,07
18,570;-0,34;-0,30;-0,02
18,572;-0,34;-0,30;-0,02
18,582;0,12;-0,09;-0,20
18,607;-0,01;-0,00;-0,39
18,609;-0,23;0,17;-0,66
18,611;-0,30;0,37;-0,73
18,624;-0,16;0,42;-0,53
18,631;-0,07;0,52;-0,06
18,655;0,04;0,60;0,38
18,657;0,10;0,52;0,61
18,663;0,02;0,26;0,34
18,671;-0,17;-0,01;-0,31
18,691;-0,30;-0,15;-0,98
18,693;-0,34;-0,22;-1,40
18,703;-0,33;-0,21;-1,49
18,713;-0,02;-0,10;-1,07
18,739;0,37;0,03;-0,32
18,742;0,37;0,03;-0,32
18,744;0,64;0,12;0,41
18,745;0,83;0,16;0,90
18,751;0,76;0,16;1,43
18,776;0,31;-0,05;1,84
18,778;0,46;-0,31;1,31
18,782;1,26;0,27;-0,21
18,791;-0,50;0,09;-0,53
18,802;-0,61;0,11;-0,84
18,811;-0,72;-0,22;-0,25
18,836;-0,50;-0,38;0,38
18,839;-0,02;-0,24;0,80
18,904;0,12;-0,06;0,88
18,906;0,08;0,06;0,73
18,907;-0,03;-0,01;0,56
18,909;-0,03;-0,11;0,22
18,910;-0,06;-0,21;-0,18
18,911;-0,26;-0,35;-0,38
18,913;-0,54;-0,41;-0,03
18,914;-0,56;-0,32;0,30
18,924;-0,33;-0,30;0,48
18,931;-0,20;-0,27;0,55
18,944;-0,28;-0,14;0,54
18,952;-0,37;0,00;0,34
18,967;-0,39;0,13;0,17
18,971;-0,36;0,12;0,04
19,004;-0,28;0,02;0,02
19,006;-0,05;-0,07;0,03
19,007;0,09;-0,15;0,00
19,014;0,20;-0,21;0,11
19,022;0,26;-0,13;0,20
19,031;0,18;-0,01;0,47
19,057;0,14;0,18;0,42
19,060;-0,05;0,19;0,25
19,063;-0,27;0,12;0,12
19,072;-0,46;-0,06;0,00
19,100;-0,58;-0,19;0,01
19,104;-0,62;-0,10;0,12
19,105;-0,45;0,01;0,39
19,112;-0,17;0,18;0,58
19,123;0,05;0,25;0,60
19,134;0,31;0,22;0,34
19,156;0,43;0,14;-0,08
19,159;0,29;0,00;-0,43
19,211;0,05;0,05;-0,56
19,213;-0,27;0,20;-0,37
19,215;-0,26;0,32;-0,10
19,216;-0,21;0,24;0,00
19,217;-0,23;0,09;0,06
19,218;-0,13;0,07;0,28
19,222;-0,01;0,03;0,51
19,231;0,05;-0,07;0,54
19,256;0,08;-0,21;0,32
19,260;0,05;-0,28;-0,00
19,263;0,04;-0,21;-0,35
19,314;-0,01;-0,12;-0,61
19,316;0,08;-0,00;-0,62
19,317;0,22;0,13;-0,58
19,318;0,29;0,16;-0,28
19,319;0,33;0,16;0,15
19,322;0,31;0,16;0,44
19,332;0,20;0,18;0,67
19,343;0,11;0,07;0,71
19,358;0,03;-0,13;0,61
19,363;-0,12;-0,20;0,38
19,372;-0,25;-0,19;0,13
19,419;-0,24;-0,10;0,03
19,425;-0,04;-0,02;-0,03
19,429;0,23;0,08;-0,06
19,431;0,40;0,09;-0,04
19,433;0,33;0,07;-0,10
19,434;0,06;0,04;-0,14
19,451;-0,22;-0,04;-0,17
19,451;-0,32;-0,09;-0,17
19,484;-0,53;-0,09;-0,04
19,485;-0,56;-0,02;0,04
19,485;-0,47;0,06;0,14
19,490;-0,23;0,07;0,34
19,501;0,08;-0,02;0,40
19,513;0,28;-0,08;0,39
19,521;0,30;-0,14;0,31
19,533;0,19;-0,09;0,18
19,542;0,07;-0,02;-0,14
19,566;-0,10;0,01;-0,49
19,568;-0,15;0,07;-0,50
19,571;-0,19;0,13;-0,34
19,582;-0,14;0,24;-0,08
19,590;-0,05;0,28;-0,00
19,602;0,03;0,22;-0,18
19,614;-0,01;0,11;-0,30
19,622;-0,06;-0,03;-0,39
19,631;-0,14;-0,17;-0,42
19,643;-0,18;-0,24;-0,29
19,656;-0,20;-0,23;-0,09
19,728;-0,06;-0,22;0,28
19,730;-0,06;-0,22;0,28
19,732;0,13;-0,09;0,66
19,733;0,30;0,01;0,90
19,734;0,35;-0,00;0,82
19,734;0,32;-0,06;0,51
19,735;0,08;-0,15;0,16
19,737;-0,12;-0,17;0,07
19,738;-0,14;-0,15;0,01
19,742;-0,02;-0,08;0,06
19,752;-0,05;-0,00;0,18
19,780;-0,20;0,04;0,26
19,781;-0,11;0,04;0,44
19,782;0,06;-0,01;0,54
19,790;0,04;-0,01;0,65
19,811;0,05;0,13;0,54
19,816;0,03;0,19;0,11
19,816;0,03;0,19;0,11
19,822;-0,07;0,19;-0,43
19,831;-0,17;0,15;-0,74
19,842;-0,02;0,12;-0,81
19,859;0,20;0,26;-0,66
19,860;0,20;0,26;-0,66
19,884;0,18;0,37;-0,55
19,884;0,09;0,29;-0,63
19,885;0,10;0,23;-0,69
19,890;-0,02;0,20;-0,69
19,901;-0,18;0,15;-0,54
19,910;-0,25;0,00;-0,14
19,922;-0,15;-0,13;0,44
19,932;0,01;-0,16;0,86
19,942;0,07;-0,17;1,05
19,989;0,14;-0,18;0,92
19,990;0,09;-0,09;0,61
19,990;-0,04;0,04;0,30
19,991;0,00;0,02;0,05
19,991;0,04;-0,12;-0,10
20,002;0,03;-0,18;-0,14
20,011;-0,18;-0,10;0,01
20,022;-0,29;0,11;0,47
20,047;-0,29;0,31;0,79
20,052;-0,33;0,36;0,84
20,054;-0,41;0,29;0,39
20,063;-0,27;0,08;-0,67
20,089;-0,21;0,10;-1,15
20,092;-0,13;0,15;-1,37
20,094;0,06;0,09;-1,45
20,103;0,14;-0,08;-0,98
20,115;0,35;-0,13;-0,24
20,122;0,36;-0,14;0,54
20,137;0,15;-0,16;1,02
20,144;-0,03;-0,17;1,05
20,170;-0,14;-0,17;0,68
20,173;-0,17;-0,12;0,35
20,174;-0,09;0,01;0,14
20,219;-0,01;0,17;0,04
20,220;0,13;0,16;0,08
20,221;0,28;-0,10;0,20
20,221;0,39;-0,20;0,35
20,221;0,22;-0,09;0,45
20,231;0,03;0,09;0,40
20,242;-0,08;0,15;0,15
20,259;-0,10;0,13;-0,14
20,263;-0,05;0,12;-0,29
20,298;0,03;0,21;-0,12
20,301;0,09;0,17;0,03
20,303;0,03;0,09;-0,03
20,305;-0,04;0,01;-0,14
20,312;-0,07;0,00;-0,08
20,323;-0,14;0,02;0,04
20,332;-0,02;0,00;0,04
20,346;0,03;-0,10;0,01
20,384;0,00;-0,13;0,02
20,385;0,06;-0,06;0,20
20,386;-0,05;0,02;0,32
20,396;-0,12;0,14;0,21
20,397;-0,18;0,08;-0,04
20,405;-0,11;-0,04;-0,15
20,416;-0,13;-0,09;-0,07
20,424;-0,13;-0,13;0,04
20,449;-0,11;-0,09;0,08
20,452;-0,12;-0,07;0,09
20,453;-0,06;-0,07;-0,01
20,463;0,07;0,00;-0,03
20,497;0,21;0,05;-0,13
20,499;0,21;0,06;-0,07
20,500;0,14;0,04;0,00
20,507;-0,04;0,01;0,13
20,511;-0,35;-0,00;0,21
20,522;-0,44;0,01;0,09
20,531;-0,37;-0,00;0,06
20,546;-0,11;0,02;0,08
20,548;-0,11;0,02;0,08
20,610;0,09;-0,02;0,18
20,612;0,24;-0,03;0,21
20,613;0,26;0,00;0,33
20,614;0,24;0,07;0,29
20,615;0,16;0,08;0,17
20,616;-0,04;0,01;0,07
20,618;-0,03;0,03;-0,02
20,623;-0,04;0,03;-0,02
20,631;0,13;-0,08;0,05
20,644;-0,02;-0,07;0,41
20,680;-0,05;-0,00;0,41
20,682;-0,07;0,10;0,06
20,684;-0,11;0,11;-0,06
20,686;-0,16;0,05;-0,25
20,691;-0,08;0,12;-0,18
20,704;0,09;0,16;-0,04
20,711;0,18;0,06;0,05
20,723;0,16;-0,06;-0,07
20,731;0,06;-0,02;-0,05
20,744;-0,01;0,07;0,07
20,782;0,01;0,13;0,25
20,785;-0,01;0,07;0,31
20,787;-0,03;0,05;0,17
20,789;-0,10;0,01;-0,12
20,795;-0,14;0,04;-0,35
20,806;-0,10;0,07;-0,29
20,809;-0,10;0,07;-0,29
20,812;-0,02;-0,00;-0,19
20,824;0,15;-0,03;0,04
20,832;0,22;-0,07;0,08
20,846;0,21;-0,12;0,14
20,854;0,13;-0,10;0,39
20,900;-0,11;-0,09;0,42
20,902;-0,22;-0,03;0,09
20,903;-0,26;0,08;-0,31
20,905;-0,25;0,04;-0,43
20,906;-0,20;0,00;-0,32
20,912;-0,20;0,00;-0,32
20,913;-0,05;0,00;-0,09
20,926;0,05;0,06;0,09
20,931;0,10;0,12;0,10
20,960;0,19;0,08;-0,05
20,960;0,18;-0,06;-0,05
20,962;0,04;-0,04;-0,01
20,971;0,02;0,07;0,23
20,983;-0,06;0,06;0,34
20,991;-0,15;-0,05;0,42
21,007;-0,13;-0,10;0,36
21,011;-0,10;-0,03;0,16
21,023;-0,05;0,09;0,11
21,031;-0,05;0,23;0,04
21,048;-0,12;0,22;0,07
21,122;-0,06;0,08;0,06
21,124;0,08;-0,05;0,01
21,125;0,12;-0,08;-0,04
21,126;0,01;0,02;-0,08
21,127;0,01;0,02;-0,08
21,128;0,06;0,05;-0,02
21,130;0,09;0,03;0,08
21,132;0,10;0,00;0,07
21,133;0,04;0,02;0,08
21,134;0,04;0,02;0,08
21,142;-0,18;0,12;-0,12
21,151;-0,22;0,07;-0,19
21,163;-0,21;-0,04;-0,24
21,197;-0,21;-0,15;-0,18
21,200;-0,25;-0,23;-0,19
21,202;-0,14;-0,18;-0,15
21,204;0,02;0,00;-0,08
21,212;0,16;0,15;-0,09
21,225;0,23;0,11;-0,23
21,229;0,23;0,11;-0,23
21,232;0,20;0,01;-0,22
21,257;0,14;-0,10;-0,08
21,260;0,13;-0,10;0,12
21,264;0,08;-0,09;0,36
21,311;0,04;-0,11;0,47
21,313;-0,02;-0,06;0,55
21,314;-0,09;-0,04;0,51
21,315;-0,19;-0,01;0,43
21,317;-0,18;0,06;0,34
21,328;-0,11;0,05;0,34
21,332;-0,06;0,04;0,38
21,349;0,02;-0,02;0,27
21,351;0,04;-0,03;0,23
21,379;0,05;0,02;0,11
21,380;-0,03;0,15;-0,05
21,382;-0,04;0,27;-0,26
21,390;0,00;0,28;-0,39
21,402;0,11;0,20;-0,46
21,411;0,21;0,21;-0,39
21,424;-0,01;0,18;0,18
21,431;-0,12;-0,06;0,15
21,444;-0,18;-0,46;0,13
21,452;-0,44;-1,43;0,57
21,469;0,71;-0,37;0,53
21,532;0,72;0,22;0,54
21,534;0,57;0,24;0,01
21,536;0,38;0,27;-0,47
21,537;0,35;0,36;-0,76
21,538;0,26;0,19;-0,88
21,539;0,39;0,01;-0,71
21,540;0,04;0,16;-0,02
21,545;-0,47;0,47;0,75
21,551;-0,78;0,38;0,96
21,565;-0,60;0,32;0,56
21,571;-0,49;0,31;-0,17
21,602;-0,72;0,37;-0,83
21,605;-1,24;0,51;-1,11
21,607;-1,29;0,82;-0,73
21,615;-0,58;1,06;-0,11
21,625;-0,43;0,82;0,32
21,636;-0,49;0,44;0,36
21,655;-0,28;0,07;0,24
21,658;-0,17;-0,16;0,10
21,695;0,22;-0,16;-0,19
21,697;0,34;-0,15;0,04
21,698;0,25;-0,28;0,34
21,700;0,63;-0,16;0,45
21,703;0,61;-0,09;0,24
21,711;0,45;-0,09;-0,16
21,723;-0,18;0,19;-1,63
21,730;-0,48;0,41;-1,85
21,744;-0,48;0,18;-0,36
21,750;-0,20;-0,03;1,07
21,776;-0,30;-0,13;1,18
21,776;-0,04;-0,14;0,53
21,792;0,10;-0,37;-0,11
21,792;0,06;-0,42;-0,48
21,808;0,24;-0,27;-0,54
