0,006;1,06;-0,37;4,73
0,030;0,84;-0,30;4,58
0,036;0,79;-0,23;3,26
0,037;0,54;-0,17;1,60
0,081;0,05;-0,17;0,19
0,082;-0,56;-0,17;-0,77
0,082;-0,91;-0,20;-1,61
0,083;-0,83;-0,20;-1,81
0,087;-0,66;-0,13;-1,26
0,095;-0,10;0,06;-0,62
0,104;0,49;0,36;-0,02
0,115;0,97;0,57;0,64
0,140;1,29;0,67;1,09
0,141;1,18;0,55;1,38
0,185;0,86;0,47;1,47
0,186;0,27;0,25;1,36
0,187;-0,03;0,12;0,97
0,188;-0,00;-0,15;0,50
0,189;-0,06;-0,24;0,48
0,202;-0,52;-0,36;0,40
0,221;-1,81;-1,01;-0,50
0,223;-1,84;-1,30;-1,33
0,225;-1,74;-0,81;-1,11
0,243;-1,40;-0,29;-0,69
0,245;-0,52;0,11;-0,33
0,303;0,26;0,26;-0,31
0,304;0,23;0,28;-0,69
0,304;0,15;0,18;-0,38
0,305;0,42;-0,07;0,15
0,305;0,44;-0,23;0,70
0,306;0,55;-0,39;0,95
0,320;0,50;-0,46;0,95
0,336;0,42;-0,51;0,86
0,338;0,38;-0,45;0,65
0,344;0,27;-0,32;0,30
0,361;0,16;-0,16;-0,39
0,431;0,18;-0,12;-0,50
0,432;0,18;-0,12;-0,50
0,434;0,25;0,01;-0,49
0,436;0,35;0,10;-0,21
0,437;0,42;0,18;-0,17
0,439;0,50;0,13;-0,44
0,441;0,43;0,02;-0,31
0,442;0,29;-0,11;0,00
0,444;0,06;-0,18;0,43
0,445;-0,14;-0,32;0,69
0,470;-0,21;-0,42;0,65
0,473;0,06;-0,37;0,45
0,475;0,21;-0,18;0,12
0,484;0,32;0,02;0,17
0,522;0,33;0,12;0,36
0,524;0,33;0,14;0,79
0,525;0,39;0,11;1,26
0,526;0,46;0,09;1,51
0,536;0,67;0,11;1,31
0,544;0,73;0,11;0,90
0,571;0,47;0,20;0,26
0,574;0,47;0,20;0,26
0,576;0,07;0,17;0,03
0,577;-0,16;0,07;-0,02
0,585;-0,36;-0,04;-0,01
0,623;-0,50;-0,08;-0,02
0,625;-0,46;-0,12;-0,06
0,626;-0,38;-0,12;-0,07
0,627;-0,32;-0,09;0,10
0,634;-0,28;-0,02;0,31
0,644;-0,17;0,10;0,50
0,672;0,06;0,10;0,38
0,675;0,23;0,08;0,13
0,682;0,34;0,11;-0,11
0,684;0,34;0,11;-0,11
0,721;0,52;0,29;-0,39
0,724;0,32;0,24;-0,23
0,725;0,04;0,10;-0,18
0,727;-0,21;-0,04;-0,28
0,735;-0,45;-0,22;-0,35
0,746;-0,39;-0,24;-0,35
0,773;-0,27;-0,16;-0,31
0,777;-0,11;-0,05;-0,24
0,779;0,02;0,02;-0,32
0,785;0,15;0,07;-0,47
0,829;0,22;0,10;-0,39
0,831;0,22;0,09;-0,30
0,832;0,13;0,04;-0,16
0,833;-0,07;-0,06;-0,11
0,835;-0,25;-0,15;-0,11
0,844;-0,43;-0,22;-0,07
0,877;-0,55;-0,27;-0,05
0,879;-0,55;-0,24;-0,12
0,881;-0,44;-0,18;-0,16
0,884;-0,25;-0,03;-0,16
0,930;0,04;0,06;-0,16
0,931;0,21;0,06;-0,19
0,932;0,23;0,06;-0,15
0,932;0,21;0,06;-0,15
0,935;0,15;0,07;-0,14
0,944;0,02;-0,01;0,04
0,956;-0,14;-0,13;0,17
0,981;-0,25;-0,20;0,26
0,989;-0,25;-0,25;0,18
0,990;-0,25;-0,25;0,18
1,048;0,06;-0,06;0,21
1,050;0,24;0,03;0,39
1,051;0,40;0,13;0,39
1,052;0,39;0,19;0,24
1,054;0,22;0,19;0,00
1,055;0,14;0,14;-0,20
1,057;0,04;0,08;-0,44
1,065;0,02;0,06;-0,44
1,083;-0,30;0,05;-0,28
1,130;-0,30;0,05;0,17
1,131;-0,30;0,05;0,17
1,132;-0,11;0,08;0,63
1,132;0,12;0,18;0,95
1,133;0,24;0,28;1,05
1,133;0,28;0,30;0,73
1,135;0,13;0,24;0,40
1,144;-0,06;0,16;0,14
1,155;-0,13;0,09;-0,12
1,167;-0,17;0,01;-0,31
1,221;-0,06;0,01;-0,25
1,225;-0,01;0,02;0,04
1,227;0,13;-0,01;0,24
1,228;0,14;-0,10;0,36
1,230;0,14;-0,10;0,35
1,233;0,14;-0,08;0,34
1,238;-0,17;-0,13;0,09
1,255;-0,38;-0,17;-0,09
1,258;-0,68;-0,14;-0,33
1,313;-0,78;-0,18;-0,43
1,316;-0,74;-0,25;-0,41
1,317;-0,67;-0,29;-0,18
1,318;-0,46;-0,32;0,18
1,320;-0,27;-0,27;0,41
1,322;-0,13;-0,16;0,32
1,325;-0,10;-0,14;0,31
1,336;-0,09;0,00;-0,14
1,354;-0,02;-0,01;-0,48
1,357;0,02;-0,07;-0,58
1,427;0,07;-0,04;-0,42
1,430;0,14;-0,01;-0,20
1,432;0,14;0,04;-0,00
1,433;0,13;0,06;0,12
1,434;0,13;0,06;0,21
1,436;0,17;-0,01;0,21
1,438;0,12;-0,02;0,18
1,439;0,11;-0,02;0,18
1,447;0,20;0,14;-0,09
1,456;0,28;0,22;-0,06
1,471;0,42;0,23;-0,04
1,475;0,47;0,12;0,04
1,525;0,42;0,10;0,27
1,528;0,27;0,08;0,42
1,529;0,06;0,02;0,61
1,530;-0,10;-0,03;0,63
1,531;-0,19;-0,10;0,63
1,535;-0,38;-0,19;0,64
1,545;-0,49;-0,14;0,59
1,555;-0,39;0,04;0,50
1,568;-0,13;0,22;0,20
1,576;0,01;0,25;-0,14
1,625;0,04;0,25;-0,31
1,631;0,08;0,20;-0,30
1,633;0,03;0,09;-0,23
1,635;-0,16;0,00;0,13
1,638;-0,29;-0,08;0,62
1,640;-0,37;-0,20;0,91
1,647;-0,38;-0,21;1,02
1,656;-0,36;-0,18;0,97
1,672;-0,38;-0,13;0,80
1,729;-0,34;-0,07;0,47
1,731;-0,34;-0,07;0,47
1,732;-0,12;-0,04;0,06
1,734;0,15;0,02;-0,26
1,735;0,23;0,01;-0,45
1,736;0,17;-0,04;-0,46
1,738;0,12;-0,10;-0,43
1,739;0,12;-0,07;-0,39
1,744;0,06;0,00;-0,31
1,755;0,10;0,08;-0,52
1,777;0,23;0,15;-0,87
1,781;0,54;0,31;-1,13
1,785;0,95;0,36;-1,07
1,849;1,23;0,35;-0,88
1,851;1,26;0,23;-0,70
1,852;0,92;0,11;-0,59
1,853;0,46;0,00;-0,53
1,855;-0,04;-0,19;-0,55
1,856;-0,51;-0,42;-0,56
1,857;-0,89;-0,60;-0,32
1,865;-1,15;-0,70;0,07
1,875;-1,19;-0,69;0,37
1,904;-1,19;-0,64;0,51
1,905;-1,05;-0,51;0,55
1,907;-1,05;-0,51;0,55
1,908;-0,75;-0,33;0,44
1,959;-0,47;-0,24;0,28
1,960;-0,24;-0,13;0,01
1,960;-0,09;-0,07;-0,17
1,961;-0,03;-0,02;-0,26
1,961;-0,02;0,00;-0,20
1,968;-0,11;-0,07;0,01
1,976;-0,22;-0,13;0,40
2,017;-0,30;-0,22;0,65
2,018;-0,34;-0,21;0,88
2,019;-0,29;-0,17;1,01
2,019;-0,01;-0,09;0,92
2,035;0,11;-0,04;0,85
2,037;0,30;0,11;0,69
2,049;0,54;0,25;0,48
2,066;0,61;0,26;0,42
2,068;0,44;0,27;0,48
2,118;0,26;0,30;0,45
2,119;0,13;0,27;0,36
2,121;-0,09;0,19;0,32
2,122;-0,17;0,10;0,28
2,123;-0,12;0,05;0,38
2,125;0,07;0,09;0,55
2,149;0,33;0,15;0,69
2,151;0,53;0,25;0,67
2,166;0,77;0,45;0,46
2,168;0,76;0,47;0,36
2,175;0,65;0,46;0,13
2,219;0,39;0,35;-0,13
2,221;0,18;0,21;-0,29
2,222;-0,02;0,07;-0,16
2,223;-0,13;0,04;0,07
2,225;-0,18;0,03;0,23
2,237;-0,15;0,05;0,31
2,246;-0,07;0,08;0,21
2,272;0,04;0,13;0,03
2,276;0,25;0,25;-0,13
2,279;0,42;0,31;-0,28
2,282;0,42;0,31;-0,28
2,285;0,43;0,37;-0,32
2,332;0,38;0,33;-0,33
2,335;0,13;0,21;-0,38
2,336;-0,11;0,05;-0,50
2,337;-0,26;-0,10;-0,38
2,338;-0,40;-0,19;-0,06
2,344;-0,47;-0,30;0,10
2,356;-0,43;-0,27;0,16
2,364;-0,39;-0,23;0,19
2,381;-0,33;-0,14;0,28
2,385;-0,14;-0,06;0,28
2,429;0,04;0,04;0,16
2,432;0,12;0,16;-0,04
2,433;0,17;0,16;-0,27
2,434;0,10;0,09;-0,44
2,436;-0,09;0,01;-0,45
2,445;-0,27;-0,01;-0,41
2,460;-0,32;-0,09;-0,30
2,464;-0,32;-0,11;-0,10
2,519;-0,29;-0,17;0,07
2,520;-0,28;-0,15;0,32
2,521;-0,21;-0,13;0,39
2,521;0,01;-0,11;0,25
2,522;0,17;-0,04;0,03
2,525;0,22;0,04;0,10
2,544;0,28;0,14;0,25
2,547;0,28;0,14;0,25
2,571;0,23;-0,01;0,35
2,574;-0,00;-0,11;0,22
2,576;-0,20;-0,12;0,10
2,588;-0,23;-0,10;-0,11
2,644;-0,18;0,02;-0,27
2,646;-0,16;0,09;-0,31
2,647;-0,02;0,11;-0,33
2,648;0,05;0,07;-0,16
2,650;0,12;0,10;0,30
2,653;0,30;0,17;0,62
2,657;0,41;0,24;0,61
2,665;0,33;0,22;0,36
2,682;0,12;0,14;0,06
2,728;-0,05;0,08;0,02
2,730;-0,13;0,06;-0,10
2,731;-0,14;0,05;-0,15
2,732;-0,22;0,02;-0,21
2,734;-0,27;-0,02;-0,12
2,736;-0,16;-0,08;0,06
2,744;-0,01;-0,15;0,25
2,773;0,14;-0,09;0,42
2,776;0,14;-0,09;0,42
2,778;0,18;-0,02;0,40
2,779;0,07;-0,03;0,36
2,784;-0,07;-0,09;0,24
2,837;-0,22;-0,17;0,17
2,838;-0,36;-0,15;0,07
2,840;-0,42;-0,13;-0,21
2,841;-0,37;-0,13;-0,42
2,843;-0,23;-0,13;-0,40
2,844;-0,07;-0,10;-0,17
2,856;0,09;-0,02;0,19
2,865;0,21;-0,03;0,33
2,894;0,16;-0,07;0,30
2,896;0,00;-0,09;0,17
2,898;0,00;-0,09;0,17
2,900;-0,04;-0,10;0,12
2,940;-0,16;-0,04;0,11
2,943;-0,17;0,01;0,01
2,944;-0,20;0,01;-0,17
2,945;-0,14;0,04;-0,40
2,946;0,01;0,09;-0,52
2,956;0,08;0,08;-0,40
2,965;0,05;0,10;-0,22
2,984;0,07;0,10;0,04
2,987;0,03;0,08;0,24
3,060;0,04;0,10;0,42
3,062;0,14;0,11;0,37
3,070;0,34;0,14;0,26
3,071;0,40;0,14;0,16
3,073;0,37;0,15;0,13
3,074;0,25;0,12;0,19
3,075;0,04;0,08;0,28
3,077;-0,05;0,03;0,25
3,078;-0,04;-0,05;0,01
3,084;-0,10;-0,10;-0,18
3,098;-0,18;-0,09;-0,16
3,153;-0,09;-0,04;-0,01
3,154;-0,02;-0,02;0,11
3,154;0,05;-0,01;0,20
3,155;0,08;-0,00;0,28
3,155;0,06;-0,03;0,31
3,156;0,07;-0,05;0,26
3,165;0,02;-0,09;0,20
3,179;-0,06;-0,13;0,14
3,185;-0,18;-0,17;0,19
3,202;-0,31;-0,15;0,29
3,205;-0,35;-0,06;0,49
3,258;-0,24;-0,02;0,58
3,261;-0,11;0,05;0,45
3,262;-0,03;0,09;0,21
3,263;0,01;0,06;0,07
3,265;-0,00;0,03;0,03
3,267;-0,02;0,01;0,03
3,277;-0,05;0,05;0,10
3,285;0,01;0,14;0,13
3,304;0,04;0,19;0,09
3,308;0,05;0,29;0,07
3,316;0,11;0,30;-0,07
3,379;0,11;0,27;-0,22
3,381;0,00;0,20;-0,26
3,383;-0,21;0,07;-0,13
3,384;-0,25;-0,04;0,06
3,385;-0,15;-0,16;0,20
3,386;-0,13;-0,13;0,20
3,388;-0,04;-0,00;0,16
3,395;0,13;0,09;-0,02
3,405;0,23;0,14;-0,17
3,421;0,29;0,13;-0,29
3,431;0,32;0,11;-0,25
3,433;0,32;0,11;-0,25
3,436;0,32;0,08;-0,22
3,481;0,20;0,08;-0,14
3,483;0,04;0,05;-0,07
3,484;-0,12;-0,07;-0,14
3,486;-0,32;-0,20;-0,08
3,487;-0,46;-0,29;0,09
3,500;-0,44;-0,28;0,08
3,504;-0,46;-0,23;0,37
3,542;-0,30;-0,12;0,18
3,544;-0,19;-0,04;-0,06
3,545;-0,10;0,00;-0,21
3,546;0,02;0,06;-0,35
3,555;0,14;0,05;-0,42
3,564;0,21;0,08;-0,29
3,591;0,22;0,08;-0,01
3,595;0,19;0,08;0,22
3,597;0,16;0,09;0,25
3,604;0,12;0,07;0,11
3,653;0,09;0,10;-0,06
3,655;0,14;0,09;-0,18
3,656;0,20;0,09;-0,10
3,657;0,30;0,08;0,01
3,659;0,31;0,08;0,16
3,664;0,27;0,01;0,37
3,690;0,12;-0,08;0,58
3,695;-0,04;-0,12;0,74
3,696;-0,13;-0,14;0,69
3,704;-0,20;-0,15;0,55
3,729;-0,21;-0,11;0,41
3,731;-0,12;-0,05;0,29
3,735;-0,04;0,01;0,29
3,745;0,08;0,12;0,28
3,756;0,10;0,16;0,12
3,767;-0,00;0,17;-0,10
3,819;-0,11;0,14;-0,21
3,824;-0,13;0,12;-0,29
3,827;-0,19;0,07;-0,36
3,831;-0,22;0,03;-0,35
3,832;-0,30;-0,04;-0,11
3,834;-0,34;-0,09;0,25
3,836;-0,34;-0,13;0,55
3,856;-0,35;-0,16;0,61
3,859;-0,33;-0,15;0,46
3,910;-0,30;-0,10;0,09
3,912;-0,22;-0,05;-0,02
3,913;-0,10;0,03;-0,11
3,915;0,03;0,10;0,08
3,916;0,12;0,13;0,27
3,917;0,15;0,17;0,24
3,924;0,05;0,18;0,11
3,935;-0,02;0,12;-0,06
3,958;-0,10;0,01;-0,18
3,961;-0,11;-0,03;-0,21
3,964;-0,07;-0,04;-0,21
3,975;0,11;0,06;-0,09
4,010;0,29;0,17;0,18
4,013;0,42;0,22;0,26
4,022;0,38;0,20;0,39
4,024;0,41;0,26;0,42
4,026;0,39;0,19;0,28
4,036;0,36;0,14;-0,02
4,057;0,29;0,09;-0,13
4,060;0,24;0,02;-0,03
4,110;0,19;-0,01;0,20
4,112;0,09;-0,01;0,39
4,113;-0,13;0,00;0,44
4,115;-0,25;0,02;0,20
4,116;-0,35;0,01;-0,06
4,117;-0,35;-0,03;-0,34
4,124;-0,26;-0,05;-0,55
4,136;-0,12;-0,03;-0,43
4,144;-0,10;-0,03;-0,25
4,155;-0,09;-0,01;0,10
4,209;-0,10;-0,04;0,52
4,212;-0,04;0,01;0,74
4,213;-0,02;0,04;0,61
4,215;0,07;0,10;0,21
4,217;0,07;0,16;-0,14
4,219;0,01;0,16;-0,38
4,224;0,01;0,11;-0,51
4,242;-0,04;0,05;-0,22
4,323;-0,09;0,04;-0,05
4,326;-0,09;0,04;-0,05
4,329;-0,11;0,07;0,23
4,333;-0,06;0,09;-0,01
4,336;-0,06;0,04;-0,14
4,337;-0,15;-0,03;-0,10
4,339;-0,13;-0,10;0,02
4,341;-0,20;-0,19;0,16
4,343;-0,28;-0,24;0,25
4,345;-0,33;-0,28;0,11
4,347;-0,36;-0,27;0,06
4,356;-0,30;-0,23;0,03
4,377;-0,11;-0,16;-0,03
4,380;-0,03;-0,11;-0,16
4,445;-0,06;-0,04;0,05
4,447;0,09;0,05;0,28
4,448;0,09;0,06;0,28
4,449;0,06;0,10;0,08
4,450;-0,01;0,11;-0,13
4,452;-0,08;0,02;-0,22
4,454;-0,07;-0,01;-0,08
4,455;0,06;0,08;0,03
4,473;0,28;0,16;0,08
4,478;0,33;0,19;0,21
4,480;0,33;0,19;0,21
4,520;0,29;0,20;0,26
4,522;0,23;0,18;0,20
4,524;0,18;0,16;0,05
4,525;0,14;0,13;0,01
4,526;0,11;0,13;0,08
4,535;0,09;0,12;0,08
4,544;0,10;0,09;-0,01
4,560;0,08;0,07;-0,06
4,605;-0,01;0,08;-0,19
4,608;0,01;0,09;-0,31
4,609;0,00;0,07;-0,34
4,611;0,01;0,08;-0,16
4,613;-0,00;0,09;0,10
4,616;-0,00;0,09;0,10
4,618;-0,00;0,06;0,41
4,625;0,01;0,01;0,54
4,643;-0,14;-0,11;0,43
4,645;-0,29;-0,20;0,26
4,709;-0,42;-0,31;0,17
4,711;-0,48;-0,31;0,19
4,712;-0,37;-0,23;0,22
4,713;-0,18;-0,09;0,19
4,715;0,04;0,03;0,09
4,716;0,18;0,13;0,04
4,718;0,27;0,20;0,13
4,724;0,31;0,24;0,28
4,743;0,27;0,22;0,30
4,746;0,10;0,20;0,13
4,802;-0,03;0,12;-0,01
4,806;-0,14;0,09;-0,06
4,807;-0,20;0,05;-0,09
4,809;-0,18;0,08;-0,18
4,811;-0,15;0,07;-0,24
4,813;-0,04;0,05;-0,25
4,819;0,07;-0,01;-0,21
4,824;0,11;-0,04;-0,02
4,838;0,08;-0,08;0,25
4,845;0,12;-0,10;0,44
4,865;0,14;-0,11;0,37
4,872;0,06;-0,15;0,14
4,876;-0,07;-0,13;-0,11
4,934;-0,07;-0,13;-0,21
4,936;0,01;-0,12;-0,27
4,937;-0,02;-0,06;-0,22
4,938;0,01;-0,02;-0,05
4,940;0,03;-0,03;0,03
4,943;0,06;-0,02;0,04
4,946;0,03;-0,04;0,03
4,955;-0,04;-0,11;0,03
4,965;-0,17;-0,13;0,14
4,984;-0,26;-0,12;0,20
4,992;-0,29;-0,09;0,22
4,995;-0,29;-0,08;0,14
5,030;-0,22;-0,10;-0,02
5,032;-0,13;-0,04;-0,01
5,034;0,06;0,00;0,14
5,040;0,21;0,02;0,19
5,042;0,21;0,02;0,19
5,044;0,20;0,07;0,20
5,060;0,06;0,09;0,24
5,066;-0,04;0,05;0,11
5,111;-0,07;0,03;-0,08
5,113;-0,07;0,04;-0,26
5,114;-0,04;0,09;-0,14
5,115;0,12;0,15;0,09
5,116;0,31;0,21;0,19
5,124;0,32;0,13;0,22
5,138;0,28;0,07;0,29
5,150;0,16;0,04;0,43
5,157;0,16;-0,01;0,47
5,164;0,08;-0,02;0,43
5,200;0,07;0,04;0,26
5,201;0,01;0,04;-0,02
5,201;-0,07;0,02;-0,24
5,210;-0,12;-0,01;-0,25
5,215;-0,19;-0,01;-0,03
5,225;-0,20;-0,02;0,14
5,240;-0,15;-0,02;0,00
5,257;-0,21;-0,03;-0,07
5,258;-0,28;-0,05;-0,10
5,270;-0,27;-0,06;-0,04
5,297;-0,19;-0,10;0,06
5,298;-0,16;-0,07;0,23
5,298;-0,19;-0,08;0,44
5,307;-0,20;-0,09;0,54
5,315;-0,14;-0,15;0,48
5,324;-0,07;-0,13;0,23
5,335;0,02;-0,04;0,14
5,345;0,07;0,04;0,10
5,424;0,08;0,07;0,12
5,426;0,08;0,07;0,12
5,427;0,08;0,15;0,13
5,428;0,13;0,23;0,04
5,429;0,21;0,24;-0,16
5,430;0,32;0,25;-0,21
5,431;0,35;0,22;-0,15
5,432;0,31;0,21;0,02
5,434;0,28;0,17;0,10
5,435;0,20;0,11;0,20
5,444;0,10;0,07;0,25
5,455;0,09;0,04;0,22
5,469;0,12;0,07;0,12
5,484;0,13;0,10;-0,08
5,485;0,10;0,07;-0,15
5,532;0,13;-0,01;-0,02
5,535;0,03;-0,07;0,07
5,536;-0,04;-0,15;0,16
5,537;-0,10;-0,18;0,16
5,539;-0,17;-0,17;0,08
5,545;-0,22;-0,08;0,01
5,566;-0,17;-0,03;-0,15
5,568;-0,15;0,02;-0,32
5,611;-0,10;0,04;-0,36
5,614;0,04;0,10;-0,40
5,616;0,10;0,08;-0,26
5,618;0,08;0,03;-0,06
5,620;-0,07;-0,06;0,15
5,626;-0,20;-0,15;0,34
5,635;-0,29;-0,20;0,40
5,645;-0,31;-0,17;0,31
5,671;-0,36;-0,16;0,29
5,675;-0,37;-0,15;0,32
5,685;-0,32;-0,11;0,32
5,687;-0,32;-0,11;0,32
5,688;-0,17;-0,06;0,20
5,735;-0,01;0,08;-0,02
5,737;0,12;0,22;-0,24
5,739;0,17;0,30;-0,39
5,740;0,21;0,29;-0,45
5,741;0,11;0,21;-0,37
5,745;-0,01;0,09;-0,10
5,756;-0,24;-0,08;0,41
5,768;-0,23;-0,11;0,54
5,812;-0,18;-0,16;0,60
5,815;-0,16;-0,19;0,48
5,816;-0,16;-0,13;0,40
5,817;-0,10;-0,06;0,33
5,819;0,03;0,06;0,12
5,827;0,12;0,17;-0,09
5,836;0,17;0,22;-0,29
5,845;0,21;0,15;-0,45
5,855;0,12;0,04;-0,25
5,873;-0,00;-0,05;0,05
5,883;-0,16;-0,10;0,29
5,885;-0,19;-0,10;0,47
5,938;-0,14;-0,06;0,45
5,940;-0,07;-0,02;0,21
5,942;0,18;0,04;0,04
5,943;0,32;0,07;-0,17
5,945;0,41;0,17;-0,15
5,947;0,40;0,19;-0,13
5,956;0,25;0,08;0,04
5,968;0,17;0,03;0,09
6,011;-0,04;-0,02;0,27
6,012;-0,08;-0,07;0,39
6,012;-0,03;-0,08;0,34
6,013;-0,07;-0,06;0,05
6,015;-0,17;-0,06;-0,12
6,024;-0,17;-0,02;-0,24
6,035;-0,13;0,03;-0,20
6,051;0,00;0,13;-0,15
6,055;0,14;0,14;-0,12
6,100;0,20;0,13;-0,06
6,102;0,14;0,09;0,00
6,103;0,05;0,03;0,01
6,104;-0,16;-0,10;-0,00
6,105;-0,35;-0,26;0,08
6,115;-0,45;-0,31;0,29
6,124;-0,42;-0,28;0,31
6,135;-0,34;-0,17;0,23
6,151;-0,21;-0,05;0,12
6,155;-0,02;-0,03;-0,01
6,208;0,05;-0,04;-0,05
6,210;0,06;0,05;0,04
6,211;0,05;0,15;0,11
6,212;0,04;0,15;0,02
6,214;0,04;0,08;-0,15
6,216;-0,03;0,02;-0,22
6,224;-0,06;0,01;-0,15
6,235;-0,07;-0,00;0,04
6,257;-0,02;0,01;0,12
6,260;0,00;0,02;0,07
6,308;0,04;0,05;0,01
6,311;0,06;0,07;0,06
6,312;0,19;0,11;0,10
6,313;0,33;0,18;0,15
6,314;0,39;0,27;0,13
6,316;0,39;0,30;0,12
6,324;0,30;0,22;0,16
6,335;0,15;0,13;0,19
6,360;0,04;0,06;0,09
6,363;-0,02;-0,03;0,12
6,364;-0,04;-0,07;0,23
6,375;-0,08;-0,06;0,31
6,404;0,01;-0,07;0,23
6,405;0,03;-0,03;0,11
6,405;-0,04;-0,01;0,09
6,414;-0,00;-0,02;0,17
6,424;0,03;-0,06;0,08
6,435;-0,07;-0,13;0,04
6,444;-0,27;-0,14;0,06
6,469;-0,33;-0,20;0,08
6,471;-0,33;-0,26;0,12
6,476;-0,29;-0,21;0,11
6,516;-0,23;-0,13;0,17
6,518;-0,24;-0,05;0,09
6,519;-0,30;-0,04;0,04
6,520;-0,36;-0,06;-0,03
6,524;-0,34;-0,03;-0,25
6,535;-0,25;-0,03;-0,32
6,544;-0,15;-0,08;-0,22
6,561;-0,07;-0,11;0,03
6,574;-0,05;-0,10;0,34
6,576;-0,05;-0,05;0,63
6,622;-0,06;-0,00;0,70
6,623;0,03;0,04;0,48
6,623;0,05;0,03;0,26
6,624;-0,03;0,02;0,20
6,624;-0,02;0,05;0,28
6,634;0,17;0,05;0,28
6,645;0,42;0,15;0,11
6,670;0,55;0,23;-0,27
6,673;0,54;0,33;-0,49
6,674;0,54;0,33;-0,49
6,676;0,38;0,36;-0,46
6,727;0,28;0,29;-0,26
6,729;0,03;0,20;0,24
6,731;-0,21;0,21;0,82
6,732;-0,21;0,11;1,21
6,733;-0,10;-0,06;1,29
6,737;0,07;-0,11;0,90
6,744;0,20;-0,07;0,40
6,756;0,29;0,09;-0,09
6,797;0,30;0,27;-0,48
6,799;0,30;0,27;-0,48
6,800;0,17;0,37;-0,74
6,801;0,08;0,44;-0,91
6,803;0,07;0,43;-0,87
6,805;-0,10;0,36;-0,70
6,816;-0,23;0,26;-0,40
6,824;-0,27;0,21;-0,12
6,836;-0,21;0,19;0,13
6,844;-0,16;0,19;0,35
6,856;-0,16;0,17;0,52
6,864;-0,20;0,15;0,44
6,900;-0,17;0,16;-0,04
6,902;-0,04;0,16;-0,89
6,903;-0,02;0,07;-1,40
6,905;0,05;0,06;-1,32
6,920;-0,02;0,06;-0,92
6,925;-0,02;0,06;-0,92
6,934;-0,17;0,07;-0,42
6,936;-0,32;0,11;-0,03
6,945;-0,41;0,16;0,05
6,971;-0,38;0,18;-0,33
6,972;-0,30;0,16;-0,89
6,975;-0,28;0,08;-1,20
7,030;-0,31;0,02;-0,91
7,031;-0,40;-0,08;-0,31
7,031;-0,50;-0,17;0,16
7,032;-0,66;-0,33;0,24
7,032;-0,82;-0,44;0,11
7,040;-0,70;-0,34;-0,07
7,044;-0,34;-0,11;-0,38
7,058;0,01;0,17;-0,75
7,065;0,25;0,40;-0,90
7,099;0,41;0,49;-0,73
7,102;0,50;0,46;-0,46
7,103;0,50;0,46;-0,46
7,104;0,51;0,44;-0,23
7,106;0,43;0,40;-0,23
7,115;0,27;0,31;-0,34
7,125;0,13;0,14;-0,38
7,135;0,10;-0,12;-0,32
7,144;0,08;-0,29;-0,07
7,160;0,15;-0,35;0,35
7,165;0,57;-0,29;0,68
7,197;0,98;-0,12;0,87
7,198;1,13;-0,00;1,03
7,198;0,99;0,12;1,05
7,207;0,70;-0,03;0,99
7,215;0,24;-0,29;1,02
7,224;-0,10;-0,46;1,10
7,235;-0,06;-0,38;1,28
7,244;0,25;-0,11;1,37
7,256;0,58;0,16;1,25
7,265;0,83;0,29;0,94
7,291;1,07;0,30;0,71
7,295;1,13;0,23;0,67
7,297;0,97;0,21;0,67
7,355;0,72;0,22;0,57
7,357;0,46;0,13;0,22
7,358;0,18;0,20;0,17
7,359;-0,13;0,13;0,26
7,360;-0,20;0,12;0,11
7,361;-0,19;0,18;-0,25
7,364;-0,21;0,24;-0,37
7,376;-0,15;0,24;-0,31
7,385;0,01;0,18;-0,28
7,398;-0,07;0,15;-0,15
7,462;-0,22;0,20;-0,18
7,464;-0,30;0,23;-0,45
7,465;-0,33;0,17;-0,63
7,466;-0,43;0,07;-0,87
7,467;-0,46;-0,07;-0,85
7,469;-0,36;-0,09;-0,63
7,470;-0,27;-0,04;-0,49
7,475;-0,14;0,00;-0,37
7,484;-0,19;-0,01;-0,43
7,495;-0,14;0,02;-0,50
7,538;-0,10;0,07;-0,71
7,540;-0,09;0,14;-0,78
7,541;0,02;0,28;-0,83
7,543;0,09;0,41;-0,94
7,544;0,02;0,45;-1,07
7,556;-0,30;0,32;-0,81
7,564;-0,34;0,22;-0,66
7,584;-0,24;0,09;-0,53
7,587;-0,10;0,10;-0,44
7,644;0,03;0,28;-0,35
7,646;0,18;0,47;-0,22
7,647;0,35;0,64;-0,18
7,648;0,55;0,72;-0,18
7,650;0,65;0,67;-0,15
7,656;0,60;0,60;0,16
7,662;0,67;0,57;0,71
7,667;0,65;0,63;1,26
7,688;0,54;0,73;1,41
7,690;0,23;0,76;1,15
7,695;-0,16;0,69;0,69
7,704;-0,37;0,54;0,50
7,734;-0,15;0,53;0,79
7,737;0,33;0,77;1,13
7,738;1,02;1,25;1,34
7,745;1,17;1,32;1,46
7,755;1,28;1,47;1,64
7,767;1,21;1,46;1,64
7,775;0,95;1,24;1,53
7,784;0,56;0,81;1,56
7,832;0,17;0,34;1,92
7,834;-0,12;-0,07;2,66
7,836;-0,20;-0,34;3,39
7,837;-0,26;-0,46;3,94
7,838;-0,40;-0,49;4,19
7,844;-0,54;-0,49;4,13
7,871;-0,50;-0,52;3,68
7,874;-0,40;-0,53;2,88
7,876;-0,35;-0,40;1,82
7,885;-0,28;-0,16;0,79
7,912;-0,12;0,07;0,13
7,913;-0,02;-0,09;-0,40
7,918;0,06;-0,76;-0,30
7,924;0,05;-1,66;0,59
7,935;0,01;-2,14;2,06
7,944;-0,25;-2,09;3,84
7,964;-0,46;-1,66;4,61
7,965;-0,69;-1,02;3,92
8,029;-0,88;-0,35;2,33
8,031;-0,93;-0,15;0,59
8,032;-0,89;-0,18;-1,09
8,033;-0,82;-0,22;-2,10
8,035;-0,69;-0,21;-2,41
8,036;-0,54;-0,13;-2,31
8,037;-0,43;-0,02;-1,88
8,044;-0,27;0,08;-1,27
8,055;-0,04;0,05;-0,97
8,066;0,20;0,04;-1,08
8,076;0,33;0,11;-1,47
8,129;0,42;0,14;-2,13
8,131;0,67;-0,01;-3,00
8,133;0,92;-0,22;-3,62
8,134;0,88;-0,38;-3,51
8,135;0,65;-0,26;-2,71
8,136;0,35;-0,07;-1,65
8,144;-0,20;0,02;-0,87
8,155;-0,72;-0,05;-0,61
8,181;-1,03;-0,18;-0,97
8,185;-1,00;-0,27;-1,72
8,186;-1,00;-0,27;-1,72
8,187;-0,61;-0,29;-2,51
8,227;-0,14;-0,19;-2,89
8,229;0,26;0,20;-2,69
8,231;0,54;0,60;-2,30
8,232;0,66;0,78;-2,11
8,236;0,49;0,68;-2,07
8,245;0,14;0,39;-2,03
8,255;-0,21;0,08;-1,73
8,278;-0,39;-0,23;-1,33
8,282;-0,31;-0,31;-1,11
8,284;0,01;-0,20;-0,85
8,339;0,28;-0,05;-0,31
8,340;0,46;0,15;0,42
8,340;0,53;0,37;1,16
8,341;0,54;0,51;1,79
8,341;0,33;0,48;2,15
8,348;0,12;0,31;2,19
8,355;-0,09;0,13;2,25
8,368;-0,18;-0,10;2,66
8,419;-0,08;-0,33;3,21
8,421;-0,09;-0,43;3,51
8,422;-0,08;-0,30;3,34
8,423;-0,03;-0,05;2,76
8,425;0,01;0,17;2,12
8,426;0,18;0,34;1,69
8,435;0,57;0,43;1,45
8,451;1,01;0,21;1,43
8,456;1,24;-0,32;1,82
8,501;1,18;-0,72;2,55
8,503;0,99;-0,78;3,33
8,504;0,70;-0,66;3,90
8,505;0,35;-0,38;3,48
8,506;0,05;-0,07;2,08
8,515;-0,19;-0,05;0,38
8,524;-0,13;-0,39;-1,03
8,536;-0,29;-0,80;-1,57
8,557;-0,40;-0,84;-1,02
8,564;-0,24;-0,43;0,16
8,614;0,05;0,12;1,08
8,616;0,25;0,41;1,31
8,617;0,31;0,43;0,87
8,618;0,34;0,21;0,03
8,619;0,53;0,01;-1,23
8,620;0,63;-0,17;-2,47
8,624;0,58;-0,28;-3,12
8,636;0,38;-0,20;-3,00
8,663;0,09;-0,10;-2,41
8,665;-0,32;0,04;-1,96
8,667;-0,32;0,04;-1,96
8,668;-0,90;0,12;-1,49
8,675;-1,32;0,13;-1,32
8,713;-1,37;0,07;-1,60
8,714;-1,27;0,02;-1,96
8,714;-1,18;0,03;-2,21
8,715;-0,90;0,03;-2,14
8,724;-0,58;0,16;-2,02
8,734;-0,35;0,35;-1,72
8,747;-0,06;0,61;-1,48
8,764;0,21;0,83;-1,50
8,766;0,16;0,86;-1,70
8,775;-0,12;0,67;-1,95
8,819;-0,34;0,32;-2,04
8,821;-0,40;0,00;-1,62
8,822;-0,35;-0,00;-0,78
8,823;-0,33;-0,08;-0,75
8,825;-0,13;0,47;0,36
8,835;-0,11;0,33;0,82
8,844;-0,02;0,06;1,54
8,860;0,20;0,04;2,28
8,868;0,56;0,30;2,71
8,875;0,92;0,56;2,80
8,893;1,01;0,52;2,84
8,901;0,70;0,19;3,04
8,904;0,11;-0,04;3,35
8,915;-0,49;-0,15;3,87
8,925;-0,78;-0,24;4,30
8,937;-0,91;-0,23;4,39
8,944;-0,86;-0,07;3,98
8,956;-0,72;0,02;3,40
9,013;-0,48;-0,18;2,85
9,015;-0,48;-0,18;2,85
9,016;-0,39;-0,45;2,56
9,018;-0,53;-0,55;2,33
9,019;-0,62;-0,48;2,17
9,020;-0,64;-0,36;1,97
9,022;-0,59;-0,28;1,96
9,024;-0,30;-0,68;1,31
9,035;-0,05;-1,05;1,41
9,044;0,39;-1,04;1,78
9,060;0,83;-0,61;2,26
9,101;1,13;-0,08;2,19
9,104;1,17;0,31;1,33
9,105;1,04;0,49;0,14
9,106;1,04;0,51;-0,96
9,107;1,23;0,44;-1,84
9,117;1,48;0,34;-2,93
9,124;1,44;0,10;-4,34
9,138;0,99;-0,40;-5,49
9,144;0,46;-0,78;-5,67
9,161;0,11;-0,95;-4,54
9,172;-0,08;-0,80;-2,76
9,173;-0,08;-0,80;-2,76
9,176;-0,27;-0,45;-1,44
9,222;-0,57;-0,20;-0,86
9,224;-0,85;-0,01;-1,04
9,225;-0,78;-0,04;-1,91
9,226;-0,53;-0,22;-3,37
9,227;-0,32;-0,39;-4,49
9,236;-0,31;-0,45;-4,48
9,244;-0,41;-0,28;-4,29
9,255;-0,36;-0,05;-3,18
9,265;-0,46;0,21;-2,00
9,288;-0,68;0,35;-1,22
9,291;-0,88;0,39;-0,87
9,297;-0,87;0,21;-1,74
9,362;-0,75;0,05;-2,10
9,365;-0,51;-0,12;-2,37
9,366;-0,19;-0,12;-2,01
9,368;0,06;0,03;-1,40
9,369;0,12;0,23;-1,00
9,371;0,22;0,34;-0,68
9,372;0,22;0,34;-0,68
9,374;0,24;0,24;-0,43
9,378;-0,00;-0,16;0,48
9,403;-0,30;-0,55;1,61
9,405;-0,45;-0,76;2,63
9,406;-0,35;-0,59;3,08
9,415;-0,05;-0,37;2,78
9,438;0,06;-0,40;2,53
9,439;-0,16;-0,39;2,76
9,443;-0,24;-0,05;2,81
9,455;-0,15;0,35;2,61
9,464;-0,12;0,66;2,29
9,475;0,00;0,81;2,08
9,535;0,17;0,74;1,99
9,536;0,17;0,74;1,99
9,537;0,47;0,44;2,03
9,537;0,65;-0,02;2,50
9,538;0,81;-0,43;3,12
9,539;0,97;-0,63;3,68
9,539;0,90;-0,56;4,27
9,545;0,66;-0,31;4,35
9,556;0,38;-0,01;3,76
9,564;0,24;0,21;2,76
9,590;0,15;0,24;1,74
9,592;0,10;0,21;0,76
9,595;0,11;0,18;0,02
9,629;0,19;0,19;-0,37
9,631;0,32;0,21;-0,48
9,632;0,31;0,05;-0,36
9,639;0,13;-0,10;-0,00
9,644;0,03;-0,13;0,22
9,655;-0,01;-0,00;0,11
9,664;-0,15;0,18;-0,40
9,677;-0,20;0,35;-1,19
9,684;-0,17;0,45;-2,03
9,734;0,07;0,41;-2,98
9,737;0,03;0,37;-3,77
9,738;-0,23;0,30;-3,83
9,739;-0,44;0,28;-3,29
9,742;-0,54;0,38;-2,64
9,745;-0,64;0,45;-2,40
9,756;-0,79;0,35;-2,50
9,765;-0,97;0,17;-2,80
9,782;-1,23;-0,10;-2,85
9,786;-1,32;-0,25;-2,41
9,837;-1,15;-0,18;-1,96
9,840;-0,85;0,04;-1,65
9,843;-0,28;0,31;-1,38
9,846;0,02;0,50;-1,27
9,848;0,29;0,53;-1,36
9,851;0,48;0,57;-1,42
9,863;0,68;0,58;-1,26
9,867;0,68;0,58;-1,26
9,870;0,48;0,49;-0,95
9,886;0,03;0,32;-0,60
9,888;-0,30;0,20;-0,07
9,896;-0,42;0,09;0,70
9,936;-0,39;-0,13;1,39
9,938;-0,35;-0,32;1,89
9,939;-0,24;-0,25;2,28
9,940;-0,05;-0,13;2,41
9,944;0,13;-0,17;2,50
9,955;0,36;-0,25;2,67
9,964;0,55;-0,18;2,87
9,975;0,76;0,06;3,29
9,984;0,75;0,24;4,03
9,998;0,41;0,29;4,71
10,054;-0,02;0,23;4,82
10,056;-0,44;0,03;4,39
10,057;-0,76;-0,51;3,99
10,059;-0,91;-1,34;4,06
10,060;-1,09;-1,95;4,48
10,062;-1,16;-1,81;5,20
10,064;-0,78;-1,12;5,80
10,076;-0,10;-0,51;5,21
10,084;0,52;-0,13;4,24
10,099;0,63;0,12;3,03
10,104;0,41;0,18;1,83
10,141;0,22;0,26;0,79
10,143;0,22;0,47;0,11
10,144;0,36;0,73;-0,41
10,145;0,48;0,87;-0,87
10,157;0,58;0,92;-1,47
10,164;0,46;0,72;-2,13
10,180;0,35;0,45;-2,63
10,184;0,41;0,12;-3,26
10,233;0,60;-0,30;-3,90
10,235;0,81;-0,59;-4,22
10,236;0,96;-0,61;-4,02
10,237;1,06;-0,44;-3,49
10,238;1,00;-0,25;-2,97
10,245;0,59;-0,18;-2,72
10,269;0,12;-0,28;-2,73
10,272;-0,41;-0,53;-3,03
10,311;-1,02;-0,88;-3,38
10,314;-1,53;-1,24;-3,55
10,316;-1,72;-1,29;-3,42
10,317;-1,67;-1,08;-2,82
10,320;-1,29;-0,60;-2,01
10,326;-0,58;0,08;-1,37
10,335;0,06;0,69;-1,31
10,346;0,37;0,94;-1,72
10,356;0,55;0,86;-2,25
10,373;0,69;0,62;-2,76
10,378;0,68;0,32;-2,93
10,380;0,68;0,32;-2,93
10,384;0,45;0,01;-2,79
10,442;0,26;-0,27;-2,19
10,445;-0,01;-0,45;-1,30
10,446;-0,15;-0,51;-0,17
10,447;-0,17;-0,60;0,89
10,448;-0,21;-0,70;1,60
10,449;-0,20;-0,63;1,58
10,456;-0,13;-0,61;2,55
10,464;0,04;-0,74;3,14
10,490;0,37;-0,90;3,30
10,494;0,37;-0,90;3,30
10,496;0,52;-0,84;2,90
10,498;0,48;-0,55;2,38
10,504;0,14;-0,27;2,31
10,543;-0,26;-0,10;2,69
10,544;-0,25;0,08;2,83
10,544;-0,01;0,09;2,47
10,545;0,18;-0,19;1,88
10,554;0,33;-0,64;1,79
10,564;0,51;-0,90;2,15
10,589;0,75;-0,62;2,69
10,600;0,89;0,03;3,14
10,602;0,85;0,71;3,07
10,604;0,85;0,71;3,07
10,605;0,68;1,02;2,49
10,651;0,40;0,97;1,58
10,654;0,11;0,79;0,58
10,655;-0,12;0,60;-0,57
10,656;-0,26;0,44;-1,74
10,657;-0,36;0,31;-2,59
10,664;-0,21;0,23;-2,80
10,675;0,05;0,11;-2,16
10,685;0,16;0,01;-0,88
10,733;0,28;0,06;0,26
10,737;0,38;0,24;0,86
10,742;0,37;0,40;0,74
10,745;0,20;0,54;-0,07
10,747;0,14;0,52;-1,39
10,751;0,06;0,23;-2,76
10,756;-0,28;-0,23;-3,66
10,765;-1,01;-0,45;-3,51
10,776;-1,33;-0,43;-2,68
10,804;-1,14;-0,18;-1,86
10,806;-1,09;0,03;-1,36
10,808;-1,09;0,03;-1,36
10,814;-1,21;0,12;-1,11
10,815;-1,29;0,18;-1,26
10,824;-1,13;0,13;-1,48
10,864;-0,77;0,11;-1,70
10,865;-0,44;0,15;-1,96
10,865;-0,22;0,18;-2,13
10,866;-0,10;0,18;-2,03
10,875;-0,17;0,01;-1,44
10,884;-0,32;-0,14;-0,54
10,910;-0,52;-0,27;0,24
10,912;-0,57;-0,25;0,69
10,915;-0,56;-0,20;0,74
10,924;-0,55;-0,18;0,80
10,944;-0,37;-0,20;1,01
10,946;0,08;-0,33;1,35
10,956;0,40;-0,39;1,62
10,968;0,41;-0,34;1,76
10,978;0,30;-0,21;2,33
10,997;0,23;-0,14;2,67
11,002;0,18;-0,06;3,48
11,005;0,09;0,11;4,09
11,052;0,21;0,56;4,12
11,054;0,48;1,07;3,86
11,055;0,48;1,20;3,58
11,057;0,40;1,23;3,19
11,058;0,37;1,13;2,60
11,070;0,53;0,77;2,08
11,076;0,79;0,17;1,78
11,088;0,85;-0,53;2,07
11,127;0,60;-0,92;2,71
11,128;0,60;-0,92;2,71
11,129;0,40;-0,91;3,59
11,130;0,13;-0,82;4,22
11,130;-0,10;-0,63;3,94
11,135;-0,18;-0,30;2,72
11,148;-0,03;0,07;0,62
11,155;0,10;0,21;-0,36
11,170;0,15;0,27;-0,70
11,178;0,24;0,36;-1,23
11,219;0,38;0,37;-1,47
11,221;0,48;0,28;-1,51
11,222;0,45;0,09;-1,30
11,223;0,34;-0,11;-0,83
11,224;0,10;-0,23;-0,60
11,235;-0,10;-0,26;-0,72
11,244;-0,30;-0,24;-1,17
11,255;-0,24;-0,23;-1,85
11,271;0,18;-0,17;-2,77
11,328;0,78;-0,30;-3,91
11,330;0,99;-0,39;-4,54
11,331;0,61;-0,35;-4,15
11,332;0,01;-0,32;-3,00
11,334;-0,61;-0,40;-1,73
11,336;-1,39;-0,48;-0,71
11,337;-1,96;-0,47;-0,37
11,344;-2,03;-0,52;-0,90
11,356;-1,59;-0,56;-1,94
11,375;-1,00;-0,48;-2,97
11,377;-0,43;-0,11;-3,32
11,425;0,26;0,40;-3,19
11,427;0,66;0,76;-2,71
11,428;0,68;0,74;-1,75
11,430;0,42;0,46;-0,46
11,431;0,09;0,04;0,44
11,438;-0,10;-0,29;0,79
11,443;-0,30;-0,42;0,82
11,455;-0,41;-0,36;0,99
11,464;-0,10;-0,30;1,24
11,475;0,25;-0,38;1,50
11,537;0,62;-0,44;1,50
11,538;0,63;-0,55;1,58
11,538;0,45;-0,68;2,03
11,539;0,19;-0,78;2,83
11,539;0,23;-0,61;3,36
11,540;0,40;-0,19;3,07
11,544;0,37;0,13;2,51
11,555;0,15;0,36;2,09
11,564;-0,08;0,42;1,87
11,576;-0,08;0,44;1,73
11,586;0,05;0,36;1,65
11,639;0,18;0,13;1,71
11,640;0,31;-0,06;1,88
11,640;0,45;-0,08;2,08
11,641;0,59;0,02;2,05
11,641;0,68;0,20;1,68
11,644;0,81;0,21;0,99
11,655;0,75;0,05;0,59
11,665;0,43;-0,09;0,62
11,675;-0,06;-0,05;0,75
11,727;-0,51;0,07;0,61
11,730;-0,71;0,12;0,03
11,732;-0,59;0,02;-0,71
11,734;-0,10;-0,07;-1,30
11,736;0,37;-0,13;-1,48
11,737;0,83;-0,07;-1,49
11,745;1,18;0,02;-1,40
11,765;1,07;0,31;-1,38
11,767;0,75;0,60;-1,49
11,821;0,31;0,78;-1,74
11,823;0,31;0,78;-1,74
11,828;-0,08;0,83;-2,20
11,829;-0,39;0,74;-2,78
11,830;-0,64;0,49;-3,28
11,832;-0,89;0,33;-3,47
11,841;-0,99;0,29;-3,33
11,842;-1,06;0,30;-3,09
11,846;-1,03;0,28;-2,83
11,855;-0,92;0,21;-2,58
11,865;-0,79;0,02;-2,13
11,878;-0,71;-0,26;-1,70
11,879;-0,71;-0,26;-1,70
11,928;-0,55;-0,42;-1,17
11,929;-0,34;-0,35;-0,76
11,930;-0,34;-0,35;-0,76
11,930;0,13;0,09;-0,39
11,931;0,27;0,13;-0,73
11,938;0,33;0,12;-1,13
11,944;0,35;0,12;-1,20
11,955;0,28;0,12;-0,77
11,964;0,24;-0,00;-0,10
12,000;0,24;-0,18;0,54
12,003;0,16;-0,13;0,99
12,004;0,16;-0,13;0,99
12,008;0,27;0,11;1,28
12,009;0,43;0,38;1,52
12,015;0,62;0,50;1,69
12,046;0,82;0,29;1,85
12,047;0,72;-0,06;2,11
12,048;0,26;-0,31;2,59
12,056;-0,30;-0,59;3,26
12,065;-0,83;-0,83;3,91
12,076;-1,41;-0,81;4,31
12,084;-1,75;-0,61;4,15
12,120;-1,94;-0,57;3,74
12,121;-1,85;-0,83;3,51
12,121;-1,48;-1,14;3,84
12,124;-0,97;-1,08;4,60
12,137;-0,50;-0,76;4,82
12,145;-0,22;-0,34;4,53
12,156;-0,14;0,06;3,94
12,164;-0,19;0,24;3,20
12,176;-0,32;0,22;2,37
12,185;-0,45;0,09;1,42
12,201;-0,42;0,02;0,21
12,215;-0,30;-0,14;-0,92
12,217;-0,30;-0,14;-0,92
12,219;-0,08;-0,37;-1,60
12,225;0,23;-0,58;-1,60
12,272;0,54;-0,57;-0,88
12,274;0,85;-0,41;0,00
12,276;0,95;-0,17;0,56
12,278;0,81;0,05;0,40
12,280;0,56;0,20;-0,37
12,284;0,31;0,16;-1,34
12,295;0,50;0,03;-2,49
12,304;0,69;-0,19;-3,76
12,316;0,67;-0,41;-4,62
12,373;0,79;-0,32;-4,68
12,375;0,64;-0,02;-3,87
12,377;0,35;0,36;-2,63
12,378;-0,06;0,64;-1,67
12,380;-0,43;0,68;-1,41
12,381;-0,62;0,42;-2,05
12,385;-0,76;0,10;-2,69
12,395;-0,70;-0,05;-3,14
12,413;-0,42;0,05;-3,27
12,415;-0,01;0,32;-3,10
12,458;0,33;0,56;-2,91
12,461;0,45;0,56;-2,74
12,462;0,34;0,37;-2,10
12,463;0,17;0,10;-1,06
12,465;0,11;-0,01;0,12
12,475;0,12;0,01;1,00
12,484;0,03;0,12;1,56
12,498;-0,03;0,02;1,87
12,505;0,10;-0,35;1,78
12,569;0,21;-0,58;1,61
12,572;0,30;-0,60;1,47
12,574;0,30;-0,68;1,45
12,577;-0,02;-0,88;1,64
12,580;-0,40;-1,05;1,96
12,582;-0,53;-0,98;2,35
12,583;-0,33;-0,79;2,67
12,586;-0,33;-0,79;2,67
12,588;-0,11;-0,55;3,29
12,597;0,24;-0,20;4,16
12,604;0,62;-0,02;4,34
12,618;0,88;0,08;3,74
12,661;1,06;0,11;2,86
12,664;1,12;0,05;2,18
12,665;0,95;-0,03;1,83
12,666;0,62;0,00;1,66
12,667;0,20;0,15;1,53
12,676;0,19;0,19;1,52
12,684;-0,24;0,06;0,55
12,698;-0,41;-0,22;-0,38
12,704;-0,43;-0,32;-0,79
12,743;-0,47;-0,36;-1,22
12,745;-0,55;-0,24;-1,29
12,746;-0,60;-0,15;-1,15
12,752;-0,61;0,00;-0,92
12,755;-0,59;0,13;-0,69
12,764;-0,44;0,14;-0,64
12,784;-0,34;0,05;-0,92
12,786;-0,34;0,05;-0,92
12,787;-0,29;0,05;-1,07
12,830;-0,09;0,09;-1,74
12,831;0,44;0,30;-2,63
12,832;0,83;0,41;-3,24
12,832;0,93;0,47;-3,46
12,835;0,92;0,63;-3,35
12,844;0,69;0,73;-3,08
12,856;0,09;0,78;-2,49
12,865;-0,13;0,69;-2,26
12,888;-0,25;0,62;-1,91
12,891;-0,36;0,45;-1,82
12,970;-0,53;0,29;-1,90
12,973;-0,62;0,18;-2,03
12,974;-0,64;0,05;-2,02
12,977;-0,50;-0,03;-1,87
12,979;-0,23;-0,06;-1,57
12,981;-0,11;0,13;-1,18
12,983;-0,45;0,17;-0,14
12,985;-0,49;0,10;0,19
12,987;-0,41;0,03;0,56
12,989;-0,29;-0,11;0,69
12,996;-0,22;-0,15;0,75
13,005;0,11;-0,03;0,52
13,021;0,18;0,08;0,44
13,029;0,00;0,17;0,65
13,067;-0,10;0,22;1,01
13,069;-0,15;0,22;1,63
13,070;-0,16;0,11;2,39
13,071;-0,20;-0,12;2,95
13,076;-0,13;-0,23;3,38
13,085;0,03;-0,10;3,91
13,123;0,30;0,24;4,25
13,126;0,53;0,60;4,12
13,127;0,58;0,84;3,86
13,128;0,51;0,94;3,45
13,178;0,57;0,74;3,02
13,179;0,53;0,14;2,82
13,180;0,27;-0,58;3,37
13,180;-0,21;-1,22;4,41
13,181;-0,66;-1,49;5,19
13,184;-0,89;-1,49;5,52
13,195;-0,91;-1,36;5,26
13,204;-0,65;-1,00;4,08
13,230;-0,21;-0,60;2,33
13,233;0,16;-0,23;0,64
13,236;0,59;-0,01;-0,78
13,279;0,76;0,04;-1,65
13,281;0,67;0,10;-1,81
13,282;0,46;0,18;-1,54
13,283;0,18;0,19;-1,18
13,285;-0,18;0,15;-0,97
13,296;-0,48;0,08;-1,15
13,305;-0,64;-0,03;-1,65
13,325;-0,54;-0,07;-2,46
13,329;0,10;-0,13;-3,78
13,335;0,93;-0,24;-5,00
13,389;1,21;-0,40;-5,11
13,391;1,21;-0,48;-4,24
13,392;0,96;-0,33;-2,80
13,393;0,50;-0,04;-1,39
13,397;0,09;0,32;-0,76
13,398;-0,45;0,50;-0,94
13,404;-0,93;0,35;-1,46
13,422;-1,30;0,05;-2,25
13,425;-1,42;-0,21;-2,78
13,462;-1,24;-0,49;-2,94
13,465;-1,04;-0,58;-2,68
13,466;-0,75;-0,37;-2,25
13,467;-0,61;-0,00;-1,64
13,475;-0,24;0,26;-1,00
13,486;-0,03;0,29;-0,19
13,509;-0,02;0,20;0,26
13,513;-0,06;-0,02;0,26
13,571;-0,11;-0,15;-0,03
13,573;-0,11;-0,15;-0,03
13,575;-0,14;-0,13;-0,34
13,576;-0,07;-0,10;-0,18
13,578;0,40;-0,02;0,10
13,579;1,06;0,02;0,51
13,581;1,27;-0,05;1,31
13,583;1,19;-0,21;2,11
13,584;0,96;-0,45;2,74
13,597;0,50;-0,66;3,41
13,612;0,15;-0,61;3,87
13,623;-0,29;-0,47;3,81
13,625;-0,29;-0,47;3,81
13,626;-0,68;-0,23;3,24
13,663;-0,77;0,09;2,48
13,665;-0,71;0,48;1,57
13,666;-0,36;0,90;0,95
13,668;0,29;1,23;0,46
13,676;1,03;1,28;0,05
13,684;1,63;1,06;-0,21
13,695;2,00;0,68;-0,10
13,713;1,91;0,23;0,43
13,719;1,17;-0,10;1,43
13,724;0,22;-0,38;2,65
13,755;-0,62;-0,62;3,41
13,756;-1,24;-0,78;2,74
13,756;-1,50;-0,75;0,92
13,766;-1,26;-0,41;-0,87
13,775;-0,38;-0,03;-2,45
13,788;0,55;-0,08;-3,87
13,795;0,92;-0,33;-4,29
13,838;0,92;-0,49;-3,30
13,841;0,72;-0,46;-1,93
13,843;0,18;-0,43;-0,56
13,845;-0,41;-0,23;0,54
13,847;-1,12;-0,01;1,13
13,857;-1,43;0,15;0,90
13,878;-1,13;0,24;-0,17
13,882;-0,67;0,26;-1,45
13,949;-0,21;0,38;-2,46
13,951;0,22;0,60;-3,09
13,952;0,49;0,87;-3,54
13,954;0,36;1,10;-3,40
13,955;0,01;1,06;-2,65
13,956;-0,50;0,76;-1,53
13,957;-1,01;0,30;-0,62
13,959;-1,14;-0,11;-0,15
13,964;-0,86;-0,24;-0,31
13,975;-0,45;-0,09;-0,91
14,004;0,20;0,14;-1,60
14,007;0,83;0,32;-2,01
14,008;1,19;0,40;-1,81
14,015;1,23;0,42;-1,30
14,062;0,94;0,41;-0,34
14,063;0,62;0,39;0,73
14,064;0,30;0,32;1,50
14,064;-0,14;0,12;1,64
14,065;-0,64;-0,16;1,52
14,075;-0,87;-0,29;1,59
14,093;-0,95;-0,33;1,94
14,095;-1,04;-0,32;2,28
14,139;-0,99;-0,40;2,62
14,141;-0,84;-0,47;3,20
14,143;-0,63;-0,25;4,02
14,144;-0,32;0,32;4,69
14,145;0,03;0,84;4,80
14,156;0,04;0,89;4,58
14,165;-0,17;0,67;4,00
14,182;-0,37;0,35;3,23
14,199;-0,54;-0,17;2,65
14,201;-0,54;-0,17;2,65
14,204;-0,67;-0,76;2,59
14,206;-0,74;-1,15;3,18
14,252;-0,56;-1,14;3,91
14,252;-0,32;-0,79;4,37
14,253;-0,04;-0,38;4,18
14,253;0,09;-0,09;3,34
14,255;0,17;0,05;2,28
14,264;0,27;0,18;1,39
14,275;0,41;0,34;0,54
14,295;0,58;0,46;-0,29
14,299;0,63;0,53;-0,94
14,301;0,63;0,53;-0,94
14,353;0,67;0,57;-1,55
14,355;0,67;0,43;-2,01
14,356;0,62;0,16;-2,17
14,357;0,45;-0,05;-1,89
14,358;0,31;-0,15;-1,52
14,359;0,27;-0,22;-1,39
14,364;0,37;-0,22;-1,79
14,375;0,40;-0,21;-2,47
14,384;0,49;-0,22;-2,94
14,397;0,76;-0,18;-3,34
14,447;0,85;-0,23;-3,57
14,449;0,70;-0,31;-3,55
14,451;0,22;-0,38;-3,21
14,452;-0,45;-0,42;-2,66
14,453;-1,00;-0,46;-2,24
14,455;-1,53;-0,50;-2,09
14,464;-1,88;-0,48;-2,33
14,490;-1,62;-0,40;-2,80
14,492;-0,73;-0,23;-3,47
14,494;0,11;0,08;-3,74
14,542;0,62;0,46;-3,39
14,544;0,93;0,80;-2,91
14,545;0,85;0,78;-2,31
14,547;0,37;0,50;-0,95
14,548;0,07;0,31;-0,43
14,555;-0,54;0,14;0,21
14,564;-0,94;0,05;0,15
14,584;-0,66;0,05;-0,57
14,587;-0,66;0,05;-0,57
14,588;-0,34;-0,04;-0,66
14,637;0,20;-0,21;-0,51
14,640;0,34;-0,38;0,33
14,641;0,44;-0,30;1,64
14,642;0,41;0,00;2,78
14,644;0,54;0,19;3,31
14,645;0,52;-0,05;3,35
14,656;0,24;-0,39;3,18
14,665;-0,12;-0,56;2,84
14,676;-0,31;-0,45;2,39
14,687;-0,39;-0,03;2,03
14,712;-0,28;0,48;1,87
14,713;-0,06;0,88;1,68
14,717;0,32;1,02;1,58
14,765;0,85;0,90;1,47
14,766;1,48;0,54;1,33
14,766;1,75;0,10;1,31
14,767;1,66;-0,20;1,63
14,767;1,15;-0,21;2,06
14,775;0,51;-0,22;2,28
14,784;-0,09;-0,35;1,94
14,799;-0,44;-0,59;1,25
14,850;-0,68;-0,73;0,47
14,852;-0,73;-0,61;-0,36
14,853;-0,86;-0,33;-0,97
14,854;-0,97;0,04;-1,19
14,856;-1,03;0,24;-1,23
14,857;-0,87;0,24;-1,25
14,864;-0,65;0,14;-1,31
14,886;-0,33;0,00;-1,64
14,893;-0,33;0,00;-1,64
14,894;0,23;-0,09;-2,32
14,896;1,00;-0,18;-3,11
14,904;1,50;-0,14;-2,89
14,943;1,85;0,15;-1,88
14,946;1,81;0,47;-0,72
14,947;1,18;0,63;0,01
14,948;0,28;0,64;-0,08
14,958;-0,70;0,43;-0,80
14,964;-1,63;-0,05;-1,64
14,977;-2,27;-0,49;-2,34
14,985;-2,59;-0,77;-2,74
15,004;-2,38;-0,79;-2,41
15,080;-1,70;-0,43;-1,97
15,082;-1,70;-0,43;-1,97
15,083;-0,81;0,01;-1,72
15,085;-0,24;0,36;-1,45
15,086;-0,02;0,51;-1,16
15,087;0,17;0,57;-0,99
15,088;0,33;0,59;-0,92
15,089;0,19;0,67;-1,03
15,091;-0,03;0,59;-1,05
15,092;-0,14;0,29;-0,82
15,097;-0,13;0,20;-0,79
15,104;-0,26;0,09;0,24
15,117;-0,03;0,17;0,71
15,167;0,07;0,13;1,20
15,169;0,01;-0,03;1,75
15,171;-0,17;-0,10;2,28
15,172;-0,34;0,01;3,06
15,173;-0,32;0,02;3,72
15,180;0,02;-0,06;3,68
15,182;0,02;-0,06;3,68
15,184;0,27;0,04;2,85
15,205;0,27;0,28;2,24
15,207;0,19;0,44;2,29
15,263;-0,04;0,55;2,93
15,265;-0,40;0,52;3,56
15,266;-0,56;0,34;3,54
15,267;-0,52;-0,17;3,31
15,269;-0,73;-0,94;3,62
15,270;-0,87;-1,39;4,35
15,277;-0,65;-1,10;4,58
15,279;-0,65;-1,10;4,58
15,284;-0,16;-0,39;3,74
15,315;0,46;0,12;2,23
15,317;0,81;0,14;0,16
15,319;1,03;-0,17;-1,30
15,325;1,28;-0,55;-1,56
15,357;1,31;-0,58;-0,70
15,358;1,09;-0,27;0,79
15,359;0,79;0,01;2,15
15,364;0,36;-0,00;2,79
15,376;-0,02;-0,38;2,42
15,385;-0,05;-0,95;1,21
15,403;0,12;-1,35;0,20
15,455;0,43;-1,51;-0,02
15,460;0,42;-1,50;0,77
15,463;0,56;-0,98;2,21
15,465;0,60;-0,14;3,06
15,467;0,39;0,59;2,80
15,469;-0,01;0,93;1,44
15,470;-0,55;0,83;-0,30
15,485;-0,90;0,42;-2,12
15,487;-0,75;0,01;-3,81
15,496;-0,46;-0,25;-5,17
15,528;-0,49;-0,33;-5,64
15,531;-0,43;-0,07;-5,59
15,532;-0,33;0,36;-4,80
15,535;-0,25;0,83;-3,72
15,545;-0,24;1,07;-3,11
15,555;-0,29;1,09;-2,96
15,566;-0,33;0,93;-3,39
15,591;-0,33;0,55;-3,94
15,594;-0,28;0,19;-4,31
15,596;-0,02;-0,07;-4,27
15,653;0,21;-0,15;-3,58
15,657;0,30;-0,12;-2,61
15,658;0,47;-0,00;-1,57
15,661;0,78;0,23;-0,80
15,668;1,16;0,39;-0,38
15,670;1,30;0,27;-0,06
15,672;0,98;0,03;0,48
15,677;0,36;-0,24;0,96
15,684;-0,09;-0,58;1,15
15,705;-0,41;-1,01;1,19
15,707;-0,63;-1,37;1,43
15,752;-1,16;-1,48;2,20
15,755;-1,54;-1,28;3,25
15,756;-1,55;-0,96;3,85
15,757;-1,14;-0,48;3,77
15,758;-0,59;0,30;3,00
15,765;0,04;1,27;2,29
15,775;0,82;1,89;1,85
15,787;1,77;1,99;1,47
15,846;2,10;1,50;1,71
15,848;2,10;1,50;1,71
15,849;1,64;0,55;2,27
15,850;0,81;-0,18;2,63
15,851;-0,05;-0,35;2,60
15,852;-0,82;-0,46;2,27
15,855;-1,24;-0,61;1,60
15,856;-1,13;-0,69;0,54
15,866;-0,72;-0,48;-0,64
15,875;-0,22;-0,13;-1,78
15,888;0,34;0,22;-2,67
15,895;0,63;0,15;-2,94
15,939;0,43;-0,24;-2,29
15,941;0,17;-0,33;-1,47
15,943;-0,09;-0,43;-0,80
15,944;-0,44;-0,60;-0,51
15,951;-0,71;-0,65;-0,91
15,956;-0,62;-0,51;-1,95
15,965;-0,21;-0,32;-3,38
15,975;0,09;-0,28;-4,62
15,988;0,15;-0,33;-5,05
15,995;0,33;-0,30;-4,74
16,047;0,63;-0,20;-3,92
16,048;0,78;0,10;-3,02
16,049;0,82;0,39;-2,01
16,049;0,65;0,62;-1,33
16,050;0,40;0,49;-1,12
16,055;0,07;0,09;-1,05
16,066;-0,32;-0,35;-1,11
16,076;-0,55;-0,74;-1,27
16,087;-0,74;-0,98;-1,21
16,096;-0,78;-1,09;-0,89
16,113;-0,57;-0,77;-0,69
16,116;-0,13;-0,30;-0,60
16,124;0,07;0,13;-0,38
16,178;-0,07;0,39;-0,08
16,181;-0,49;0,40;0,58
16,183;-0,82;0,24;1,34
16,184;-0,90;-0,04;1,83
16,186;-0,83;-0,24;1,94
16,191;-0,67;-0,42;1,94
16,192;-0,67;-0,42;1,94
16,196;-0,50;-0,29;1,48
16,204;-0,44;-0,18;1,40
16,224;-0,03;-0,03;1,86
16,226;-0,03;-0,03;1,86
16,227;0,50;0,03;3,30
16,271;0,63;-0,09;5,21
16,273;0,65;-0,07;6,62
16,274;0,42;0,02;7,26
16,275;0,06;0,17;7,22
16,277;-0,33;0,16;6,65
16,285;-0,73;0,16;5,48
16,297;-1,23;0,11;3,59
16,315;-1,31;0,02;3,08
16,319;-1,49;-0,11;2,47
16,325;-1,41;-0,08;2,20
16,374;-1,02;0,00;2,09
16,376;-0,60;0,04;2,08
16,377;-0,25;-0,07;2,17
16,378;0,19;-0,19;2,27
16,380;0,78;-0,42;2,50
16,386;0,79;-0,47;2,71
16,395;0,73;-0,50;3,20
16,409;0,84;-0,34;3,10
16,415;0,91;-0,09;2,69
16,455;0,68;0,12;2,04
16,458;0,64;0,37;1,09
16,459;0,56;0,45;0,06
16,460;0,32;0,44;-0,71
16,464;0,24;0,41;-1,53
16,475;0,29;0,34;-2,34
16,495;0,44;0,27;-3,01
16,498;0,80;0,18;-3,83
16,505;1,15;0,16;-4,45
16,547;1,18;0,08;-4,42
16,549;1,07;0,14;-3,90
16,550;1,01;0,29;-3,12
16,551;0,77;0,38;-2,46
16,557;0,45;0,29;-2,57
16,564;-0,07;-0,02;-3,11
16,576;-0,61;-0,36;-3,53
16,593;-0,89;-0,52;-3,64
16,656;-1,02;-0,41;-3,48
16,658;-1,02;-0,41;-3,48
16,662;-0,71;-0,11;-3,41
16,664;-0,38;0,24;-3,53
16,665;-0,31;0,49;-3,53
16,666;-0,36;0,50;-3,35
16,668;-0,21;0,37;-3,10
16,669;-0,05;0,13;-2,66
16,672;-0,10;-0,13;-2,06
16,675;-0,12;-0,25;-2,01
16,684;0,10;-0,23;-0,88
16,697;0,29;-0,34;-0,33
16,698;0,29;-0,34;-0,33
16,738;0,53;-0,50;0,07
16,739;0,98;-0,53;0,28
16,739;1,36;-0,37;0,44
16,740;1,52;-0,34;0,40
16,744;1,50;-0,51;0,55
16,755;0,87;-0,79;1,38
16,764;-0,17;-1,12;2,87
16,775;-1,02;-1,30;4,00
16,784;-1,24;-1,26;4,00
16,797;-1,29;-1,08;3,37
16,805;-1,37;-0,93;2,97
16,850;-1,30;-1,19;2,74
16,852;-1,18;-1,67;2,81
16,854;-1,10;-2,00;3,14
16,855;-0,78;-1,90;3,26
16,856;-0,65;-1,48;3,13
16,864;-0,56;-0,73;2,85
16,876;-0,02;0,07;2,10
16,884;0,60;0,48;0,54
16,903;0,61;0,76;-1,09
16,905;0,61;0,76;-1,09
16,907;-0,11;0,80;-1,89
16,916;-0,40;0,68;-1,85
16,955;-0,01;0,26;-1,49
16,957;0,01;-0,20;-1,05
16,959;-0,22;-0,36;-0,69
16,961;-0,27;-0,20;-0,35
16,965;-0,18;0,10;-0,36
16,976;-0,03;0,33;-0,90
16,985;0,13;0,29;-2,10
17,001;0,25;0,03;-3,58
17,015;0,33;-0,29;-4,67
17,016;0,33;-0,29;-4,67
17,018;0,55;-0,52;-4,81
17,068;0,87;-0,43;-3,87
17,070;0,67;-0,09;-2,29
17,072;0,42;0,37;-0,58
17,073;0,14;0,74;0,74
17,074;-0,18;0,99;1,04
17,076;-0,53;0,95;0,57
17,084;-0,76;0,74;-0,35
17,100;-0,74;0,41;-1,15
17,140;-0,56;0,21;-1,42
17,141;-0,18;0,32;-1,17
17,142;0,24;0,58;-0,99
17,142;0,30;0,81;-0,65
17,145;0,05;0,89;-0,19
17,157;-0,27;0,88;0,66
17,165;-0,44;0,81;1,37
17,179;-0,60;0,63;1,42
17,185;-0,64;0,43;0,88
17,203;-0,36;0,26;0,44
17,215;-0,10;0,19;0,65
17,217;-0,10;0,19;0,65
17,218;0,02;0,16;1,29
17,275;0,20;0,27;1,96
17,277;0,19;0,40;2,40
17,278;-0,06;0,53;3,07
17,280;-0,13;0,58;3,88
17,281;-0,06;0,46;4,40
17,282;-0,23;0,38;4,52
17,283;-0,23;0,38;4,52
17,285;-0,68;0,49;4,50
17,296;-1,19;0,55;4,45
17,305;-1,55;0,54;4,20
17,318;-1,75;0,63;3,68
17,376;-1,78;0,68;2,99
17,378;-1,63;0,44;2,33
17,379;-1,39;-0,08;2,10
17,380;-0,92;-0,58;2,04
17,381;-0,49;-0,96;2,04
17,383;-0,15;-0,99;2,39
17,384;0,15;-0,71;2,98
17,395;0,52;-0,43;3,53
17,404;0,65;-0,20;3,57
17,418;0,65;0,08;2,67
17,425;0,55;0,43;1,25
17,468;0,48;0,71;-0,27
17,470;0,57;0,67;-2,09
17,471;0,93;0,37;-3,73
17,473;1,57;-0,14;-4,83
17,480;1,99;-0,63;-4,87
17,484;1,90;-0,87;-4,02
17,499;1,50;-0,86;-2,63
17,504;1,03;-0,61;-1,39
17,545;0,39;-0,40;-0,70
17,547;-0,32;-0,40;-0,92
17,548;-0,69;-0,56;-1,63
17,550;-0,56;-0,64;-2,61
17,559;0,29;-0,55;-3,81
17,565;1,07;-0,62;-5,07
17,588;0,99;-0,90;-5,89
17,600;0,34;-1,08;-5,83
17,602;-0,57;-0,98;-4,21
17,605;-1,10;-0,62;-1,91
17,657;-1,51;-0,32;0,04
17,657;-1,99;-0,10;1,20
17,658;-2,08;0,00;1,38
17,658;-1,48;-0,02;0,53
17,659;-0,56;-0,06;-0,77
17,664;0,18;0,11;-1,82
17,677;0,73;0,32;-2,48
17,685;0,95;0,46;-2,51
17,696;1,04;0,59;-1,80
17,705;0,95;0,70;-0,24
17,728;0,67;0,64;1,39
17,732;0,57;0,58;1,41
17,735;-0,00;-0,20;2,38
17,790;-0,69;-0,73;2,49
17,792;-1,09;-0,82;2,28
17,794;-1,14;-0,69;1,75
17,796;-0,83;-0,60;1,21
17,798;-0,52;-0,65;1,21
17,799;-0,33;-0,47;1,76
17,804;-0,18;-0,03;2,52
17,817;0,14;0,49;2,86
17,824;0,29;0,98;2,32
17,850;0,17;1,35;1,48
17,853;0,13;1,48;0,73
17,855;0,45;1,27;0,42
17,903;1,03;0,68;0,57
17,906;1,56;-0,02;1,09
17,907;1,76;-0,38;1,88
17,909;1,62;-0,34;2,69
17,911;1,00;-0,22;3,32
17,917;0,08;-0,27;3,39
17,924;-0,70;-0,46;2,65
17,937;-1,11;-0,49;1,27
18,001;-1,09;-0,42;0,52
18,003;-0,88;-0,14;-1,18
18,005;-0,39;0,30;-2,42
18,006;0,13;0,59;-2,66
18,007;0,39;0,70;-1,94
18,008;0,39;0,41;-0,28
18,010;0,28;0,22;0,05
18,015;-0,04;-0,03;0,16
18,024;-0,41;-0,18;-0,11
18,040;-0,74;-0,23;-0,73
18,044;-0,99;-0,25;-1,26
18,084;-0,91;-0,19;-1,63
18,087;-0,91;-0,12;-1,78
18,088;-0,86;0,02;-1,66
18,089;-0,71;0,28;-1,38
18,101;-0,53;0,56;-1,08
18,105;-0,52;0,78;-0,88
18,126;-0,46;0,91;-1,00
18,129;-0,22;0,83;-1,67
18,135;-0,13;0,70;-2,51
18,144;-0,16;0,51;-3,13
18,192;-0,19;0,42;-3,13
18,194;-0,29;0,42;-2,47
18,196;-0,31;0,60;-1,02
18,197;-0,15;0,61;-0,65
18,198;0,08;0,74;-0,27
18,204;0,35;0,78;-0,38
18,222;0,56;0,77;-0,65
18,227;0,69;0,69;-0,54
18,272;0,78;0,53;-0,05
18,277;0,65;0,43;0,47
18,282;0,28;0,24;1,14
18,285;-0,10;-0,06;1,83
18,287;-0,32;-0,32;2,68
18,303;-0,47;-0,38;3,36
18,308;-0,47;-0,38;3,36
18,310;-0,48;-0,21;3,65
18,312;-0,23;-0,02;3,90
18,326;0,05;0,02;4,12
18,328;0,10;-0,05;4,09
18,375;-0,13;-0,03;3,69
18,377;-0,35;0,10;3,06
18,379;-0,85;0,32;2,68
18,380;-1,32;0,62;2,76
18,381;-1,52;0,81;2,64
18,387;-1,68;0,63;2,19
18,395;-1,77;0,11;1,75
18,405;-1,66;-0,56;1,78
18,458;-1,24;-1,06;2,32
18,461;-0,61;-1,19;3,01
18,462;-0,10;-1,09;3,97
18,463;0,32;-0,95;4,62
18,464;0,66;-0,71;4,44
18,466;0,99;-0,23;3,07
18,475;1,14;0,44;1,24
18,490;1,01;0,88;-0,23
18,495;0,82;0,94;-1,80
18,531;0,57;0,66;-3,68
18,533;0,44;0,07;-5,70
18,535;0,25;-0,68;-7,20
18,536;0,02;-1,36;-7,63
18,544;0,05;-1,72;-6,74
18,555;0,34;-1,53;-5,20
18,566;0,67;-1,13;-3,60
18,575;1,31;-0,75;-2,33
18,593;2,57;-0,35;-1,34
18,596;3,72;0,22;-0,98
18,649;4,18;0,75;-1,54
18,653;4,06;1,02;-3,02
18,655;3,08;0,87;-4,49
18,658;1,37;0,42;-5,36
18,660;-0,69;-0,26;-5,17
18,662;-2,53;-1,12;-3,93
18,665;-2,60;-1,18;-3,88
18,677;-4,61;-2,19;-0,84
18,700;-4,27;-1,84;-0,05
18,703;-2,85;-0,97;0,12
18,705;-1,30;-0,09;-0,40
18,753;-0,19;0,50;-1,16
18,756;0,41;0,59;-1,78
18,758;0,77;0,43;-1,51
18,760;0,89;0,28;-0,29
18,763;0,81;0,24;-0,27
18,765;0,23;0,20;2,93
18,775;-0,23;-0,22;3,63
18,800;-0,73;-0,83;3,75
18,804;-1,18;-1,15;3,64
18,806;-1,33;-1,17;3,53
18,869;-0,98;-1,03;3,43
18,869;-0,98;-1,03;3,43
18,870;0,28;-0,27;3,80
18,870;0,89;0,46;3,70
18,871;1,27;0,95;3,30
18,871;1,48;1,17;2,74
18,875;1,05;1,18;2,69
18,885;0,49;1,02;2,90
18,897;0,40;0,68;3,00
18,915;0,65;0,23;3,21
18,918;1,10;0,01;3,39
18,986;1,44;0,05;3,52
18,988;1,47;0,20;3,70
18,990;1,23;0,33;3,68
18,991;0,84;0,28;3,44
18,992;0,14;-0,03;3,04
18,993;-0,35;-0,27;2,43
18,994;-0,69;-0,27;1,51
18,996;-0,75;-0,08;0,06
19,005;-0,76;0,04;-1,59
19,015;-0,80;0,19;-2,98
19,028;-0,73;0,23;-3,98
19,079;-0,81;0,11;-4,21
19,081;-1,09;-0,07;-3,58
19,083;-1,25;-0,15;-2,31
19,084;-1,09;-0,04;-1,15
19,085;-0,98;0,23;-0,67
19,087;-0,90;0,47;-0,89
19,095;-0,69;0,58;-1,73
19,115;-0,46;0,52;-2,74
19,125;-0,21;0,48;-3,48
19,126;0,09;0,48;-3,84
19,176;0,39;0,54;-4,09
19,178;0,62;0,50;-4,24
19,180;0,41;0,41;-4,00
19,181;-0,01;0,26;-3,28
19,182;-0,46;0,09;-2,29
19,184;-0,87;-0,13;-1,44
19,196;-1,20;-0,33;-0,99
19,213;-1,44;-0,55;-0,98
19,215;-1,44;-0,55;-0,98
19,217;-1,10;-0,61;-1,22
19,254;-0,35;-0,52;-1,53
19,255;0,60;-0,28;-2,04
19,255;1,22;-0,01;-2,27
19,256;1,48;0,34;-1,86
19,264;1,34;0,57;-0,86
19,276;1,07;0,61;0,39
19,284;0,95;0,55;0,41
19,297;0,90;0,03;2,44
19,353;0,46;-0,19;3,42
19,356;-0,02;-0,18;3,97
19,357;-0,09;-0,21;3,60
19,358;0,15;-0,47;2,57
19,359;0,25;-0,64;1,81
19,361;0,30;-0,47;1,92
19,364;0,43;-0,00;2,82
19,376;0,48;0,57;3,61
19,384;0,31;0,88;3,84
19,403;-0,10;0,73;3,84
19,460;-0,48;0,39;3,78
19,462;-0,48;0,39;3,78
19,464;-0,80;-0,05;3,85
19,465;-0,77;-0,35;3,99
19,467;-0,36;-0,28;4,00
19,469;0,32;-0,13;3,92
19,470;1,03;0,02;3,89
19,472;1,43;0,15;4,06
19,476;1,39;0,26;3,89
19,485;0,88;0,06;3,25
19,495;0,16;-0,22;2,44
19,504;-0,47;-0,51;1,85
19,518;-0,96;-0,72;1,31
19,525;-1,16;-0,74;0,73
19,536;-1,21;-0,60;-0,05
19,589;-1,18;-0,42;-1,03
19,592;-0,84;-0,37;-2,19
19,593;-0,44;-0,56;-3,59
19,594;-0,18;-0,90;-4,77
19,595;-0,01;-1,05;-5,18
19,597;0,46;-0,99;-4,66
19,604;1,29;-0,64;-3,76
19,617;1,62;-0,14;-3,05
19,644;1,41;0,24;-2,63
19,647;0,84;0,45;-2,49
19,649;0,03;0,26;-2,49
19,651;0,03;0,26;-2,49
19,657;-0,79;-0,24;-2,81
19,702;-1,08;-0,55;-2,98
19,704;-1,34;-0,96;-3,45
19,706;-1,16;-0,88;-3,90
19,707;-0,84;-0,32;-3,76
19,708;-0,75;0,26;-3,25
19,715;-0,68;0,56;-2,53
19,732;-0,77;0,58;-1,71
19,744;-0,72;0,45;-1,00
19,745;-0,72;0,45;-1,00
19,747;-0,36;0,26;-0,88
19,780;0,13;0,11;-1,40
19,781;0,52;0,09;-1,88
19,781;0,99;0,12;-1,89
19,784;1,18;0,19;-1,13
19,796;1,00;0,37;0,97
19,804;0,85;0,38;1,47
19,818;0,73;0,29;1,95
19,868;0,52;-0,12;1,84
19,871;0,22;-0,62;2,10
19,872;-0,10;-0,89;2,86
19,873;-0,16;-0,89;3,56
19,874;-0,09;-0,88;3,73
19,876;-0,16;-0,80;3,69
19,884;-0,23;-0,60;3,78
19,902;-0,22;-0,27;3,60
19,905;0,01;0,10;2,75
19,916;0,19;0,33;1,80
19,952;0,11;0,57;1,12
19,955;0,04;0,81;0,78
19,956;0,35;0,87;0,94
19,957;0,77;0,63;1,48
19,965;1,11;0,31;2,15
19,979;1,28;0,13;2,60
19,983;1,28;0,13;2,60
19,985;1,38;-0,03;2,93
20,005;1,16;-0,30;3,07
20,007;0,72;-0,55;2,71
20,059;0,37;-0,64;2,01
20,060;-0,24;-0,22;0,66
20,060;-0,35;0,06;0,24
20,060;-0,22;0,47;-0,89
20,061;-0,13;0,54;-1,87
20,064;-0,10;0,48;-2,35
20,078;-0,09;0,45;-2,35
20,085;-0,03;0,27;-1,71
20,097;-0,07;0,12;-1,51
20,105;-0,27;0,06;-1,59
20,123;-0,60;0,02;-1,91
20,132;-0,63;0,00;-2,38
20,136;-0,40;-0,12;-2,88
20,199;-0,40;-0,20;-3,05
20,205;-0,59;-0,12;-2,99
20,207;-0,77;-0,12;-3,00
20,214;-1,13;-0,26;-2,45
20,217;-1,38;-0,36;-1,81
20,221;-1,27;-0,36;-1,26
20,223;-1,10;-0,39;-1,17
20,225;-0,67;-0,24;-1,66
20,227;-0,22;0,02;-2,53
20,237;0,17;0,35;-3,24
20,259;0,41;0,54;-3,41
20,263;0,49;0,56;-2,86
20,265;0,40;0,44;-1,81
20,276;0,11;0,22;-0,85
20,329;0,14;0,00;-0,64
20,331;0,25;-0,05;-0,48
20,332;0,27;0,02;-0,01
20,333;0,33;0,27;0,64
20,334;0,44;0,56;1,17
20,339;0,51;0,77;1,45
20,346;0,48;0,78;1,45
20,356;0,34;0,65;1,66
20,377;0,23;0,39;2,10
20,381;0,39;0,06;2,26
20,384;0,38;-0,26;2,62
20,445;0,39;-0,32;3,51
20,447;0,39;-0,32;3,51
20,448;0,38;-0,25;4,41
20,449;0,20;-0,11;5,11
20,450;-0,03;0,03;5,57
20,452;-0,28;0,13;5,70
20,454;-0,57;0,15;5,29
20,456;-0,77;0,00;4,07
20,475;-0,46;-0,25;2,74
20,476;0,08;-0,63;2,01
20,486;0,48;-0,96;2,20
20,525;0,77;-1,00;3,19
20,526;0,90;-0,63;4,10
20,526;0,98;-0,22;4,54
20,527;0,63;-0,09;4,32
20,535;0,08;-0,01;3,39
20,544;-0,29;0,02;2,21
20,579;-0,47;0,03;1,18
20,580;-0,63;0,08;0,37
20,580;-0,62;0,12;-0,28
20,584;-0,32;0,17;-1,15
20,598;-0,07;0,01;-2,02
20,605;-0,09;-0,16;-2,30
20,630;-0,01;-0,20;-1,98
20,633;0,02;-0,19;-1,36
20,636;-0,08;-0,26;-0,93
20,645;-0,33;-0,41;-0,98
20,710;-0,39;-0,58;-1,47
20,711;-0,34;-0,91;-2,24
20,713;0,27;-1,17;-3,41
20,714;0,85;-1,15;-4,60
20,715;1,04;-0,76;-5,28
20,717;1,00;-0,29;-5,23
20,718;0,77;0,24;-4,57
20,724;0,20;0,76;-3,61
20,740;-0,37;1,02;-2,82
20,744;-0,76;0,99;-2,73
20,788;-1,07;0,81;-3,28
20,790;-1,50;0,71;-3,86
20,792;-1,07;0,36;-3,74
20,793;-0,35;0,16;-2,76
20,795;0,15;0,18;-1,75
20,804;0,44;0,34;-0,54
20,824;0,68;0,58;0,29
20,826;0,94;0,85;0,63
20,880;0,93;1,11;0,71
20,883;0,74;1,15;0,30
20,885;0,30;0,87;-0,14
20,886;-0,15;0,40;-0,41
20,888;-0,22;-0,18;-0,38
20,890;-0,31;-0,55;-0,17
20,896;-0,52;-0,58;0,11
20,907;-0,61;-0,52;0,99
20,927;-0,53;-0,58;2,08
20,929;-0,37;-0,83;3,14
20,986;-0,44;-0,99;4,15
20,990;-0,44;-0,82;5,00
20,993;-0,16;-0,59;5,25
20,997;0,20;-0,48;4,54
20,999;0,30;-0,37;3,11
21,002;0,44;-0,16;1,84
21,005;0,92;-0,02;1,12
21,008;1,32;-0,01;0,99
21,029;1,45;-0,25;1,37
21,032;1,16;-0,44;2,19
21,094;0,60;-0,51;2,95
21,096;-0,03;-0,45;3,36
21,097;-0,52;-0,33;3,01
21,098;-0,64;-0,21;2,20
21,100;-0,48;-0,10;0,30
21,101;0,04;-0,03;-2,32
21,103;0,72;-0,02;-4,80
21,104;1,17;0,02;-6,23
21,115;1,14;0,07;-5,68
21,128;0,49;0,12;-3,31
21,179;-0,41;-0,03;-0,27
21,181;-1,16;-0,36;2,10
21,183;-1,74;-0,78;2,86
21,185;-2,14;-1,10;2,23
21,186;-1,99;-1,15;0,87
21,187;-1,01;-0,95;-0,86
21,195;0,58;-0,35;-2,51
21,216;1,77;0,55;-3,84
21,219;2,02;1,35;-4,13
21,269;1,37;1,72;-3,27
21,271;0,41;1,63;-2,08
21,272;-0,49;1,18;-1,42
21,273;-1,38;0,59;-1,37
21,274;-1,83;0,09;-1,77
21,276;-1,34;-0,11;-2,13
21,290;-0,12;0,10;-2,37
21,296;1,40;0,69;-2,84
21,305;2,49;1,22;-3,25
21,316;2,33;1,30;-3,15
21,329;1,31;0,75;-2,60
21,390;-0,64;-0,04;-1,48
21,392;-0,64;-0,04;-1,48
21,394;-2,41;-0,73;0,10
21,395;-2,78;-1,17;1,45
21,396;-2,14;-1,37;2,04
21,397;-1,26;-1,27;1,92
21,399;-0,63;-1,06;1,56
21,401;0,27;-0,75;1,00
21,406;1,03;-0,33;0,84
21,417;1,15;0,28;1,89
21,443;1,04;0,33;2,48
21,445;0,66;0,01;3,56
21,451;0,03;-0,39;4,22
21,451;0,03;-0,39;4,22
21,505;-0,80;-0,67;4,51
21,509;-1,42;-0,81;4,43
21,510;-1,92;-0,85;4,28
21,510;-1,96;-0,69;4,08
21,511;-1,78;-0,35;3,90
21,511;-1,60;-0,15;3,59
21,515;-0,93;-0,05;3,02
21,524;-0,20;-0,13;2,69
21,535;0,11;-0,20;3,02
21,548;0,35;-0,23;3,81
21,604;0,37;-0,26;4,32
21,606;0,37;-0,26;4,32
21,607;0,08;-0,25;4,29
21,608;-0,42;-0,16;4,04
21,610;-0,78;-0,07;3,60
21,611;-0,69;0,09;2,41
21,613;-0,50;0,21;1,85
21,615;-0,03;0,51;0,92
21,624;0,55;0,84;0,08
21,635;1,25;1,02;-0,66
21,660;1,58;1,03;-0,91
21,663;1,56;0,86;-0,65
21,665;1,33;0,59;-0,31
21,708;0,89;0,27;-0,22
21,711;0,33;-0,04;-0,39
21,713;-0,08;-0,22;-1,06
21,717;0,03;-0,29;-1,91
21,720;0,61;-0,21;-2,63
21,727;1,09;0,09;-3,18
21,736;1,58;0,62;-3,66
21,755;1,50;0,68;-3,70
21,767;1,35;0,91;-3,43
21,769;0,99;0,99;-3,22
21,829;0,42;0,72;-3,22
21,831;-0,59;0,20;-3,07
21,832;-1,59;-0,26;-2,39
21,833;-2,16;-0,52;-1,49
21,834;-1,93;-0,68;-0,76
21,835;-0,95;-0,56;-0,61
21,837;0,08;-0,24;-0,96
21,844;0,75;0,12;-1,47
21,864;0,93;0,30;-1,83
21,866;0,82;0,26;-1,66
21,918;0,43;-0,01;-1,19
21,921;-0,15;-0,37;-0,49
21,924;-0,49;-0,47;0,19
21,926;-0,68;-0,39;0,64
21,927;-0,34;-0,32;0,35
21,930;0,03;-0,28;0,05
21,936;0,23;-0,10;0,10
21,958;0,37;0,25;0,36
21,960;0,39;0,47;0,40
21,970;0,22;0,42;0,10
22,010;-0,39;0,22;-0,04
22,011;-1,09;-0,02;0,27
22,011;-1,35;-0,26;0,61
22,012;-1,47;-0,42;0,48
22,015;-1,77;-0,41;0,08
22,024;-1,71;-0,37;-0,20
22,035;-1,23;-0,53;-0,31
22,050;-0,49;-0,84;0,20
22,056;0,35;-1,14;1,11
22,107;0,96;-1,29;1,92
22,109;1,18;-1,13;2,45
22,111;0,84;-0,77;2,70
22,112;0,20;-0,46;2,44
22,113;0,05;-0,25;1,56
22,115;0,17;-0,14;0,40
22,127;0,24;-0,21;-1,08
22,136;0,26;-0,21;-2,58
22,157;0,16;-0,37;-3,39
22,159;-0,01;-0,62;-2,73
22,164;-0,32;-0,68;-0,43
22,203;-0,48;-0,51;1,83
22,204;-0,57;-0,31;3,14
22,205;-0,54;-0,17;2,85
22,205;-0,68;-0,08;1,35
22,215;-0,55;0,11;-0,75
22,224;0,52;0,21;-2,84
22,239;1,44;0,21;-4,21
22,297;1,91;0,38;-4,02
22,299;1,74;0,73;-2,68
22,300;1,08;0,92;-0,93
22,302;0,37;1,00;0,28
22,306;-0,36;0,93;0,41
22,308;-0,86;0,72;-0,08
22,311;-1,17;0,46;-0,97
22,316;-1,23;0,21;-1,63
22,325;-0,98;-0,01;-1,89
22,341;-0,76;-0,08;-1,69
22,346;-0,61;0,01;-1,21
22,355;-0,30;0,14;-1,18
22,393;-0,08;0,25;-1,22
22,395;-0,15;0,49;-1,05
22,396;-0,09;0,67;-0,40
22,397;0,11;0,76;0,51
22,404;0,30;0,77;1,26
22,415;0,40;0,77;1,55
22,424;0,22;0,68;1,49
22,435;0,02;0,47;1,42
22,488;-0,13;0,19;1,49
22,498;-0,37;-0,03;1,52
22,500;-0,71;-0,06;1,97
22,503;-0,81;0,08;2,61
22,505;-0,46;0,19;3,12
22,507;-0,09;0,26;3,49
22,509;0,04;0,46;3,78
22,519;0,05;0,65;4,04
22,526;0,05;0,65;4,04
22,527;-0,02;0,74;4,08
22,546;-0,49;0,71;3,75
22,548;-0,97;0,72;2,97
22,554;-0,98;0,56;1,95
22,598;-0,68;0,13;0,76
22,598;-0,53;-0,61;0,11
22,599;-0,48;-1,25;0,20
22,600;-0,36;-1,61;1,08
22,604;-0,12;-1,45;2,32
22,615;0,23;-0,82;3,48
22,625;0,62;-0,12;4,26
22,650;0,79;0,45;4,07
22,653;0,86;0,73;2,98
22,656;1,02;0,79;1,28
22,664;1,12;0,51;-0,66
22,718;0,95;0,07;-2,09
22,720;0,60;-0,38;-2,87
22,721;0,08;-0,88;-2,73
22,722;-0,47;-1,16;-1,50
22,724;-0,79;-1,09;0,24
22,726;-0,85;-0,79;1,43
22,735;-0,79;-0,54;1,67
22,744;-0,56;-0,37;0,97
22,757;-0,27;-0,24;-0,34
22,812;0,38;-0,03;-1,72
22,815;1,04;0,26;-2,86
22,816;1,66;0,58;-3,86
22,817;1,78;0,74;-4,51
22,818;1,22;0,62;-4,40
22,820;0,22;0,48;-3,23
22,825;-0,59;0,34;-1,87
22,835;-1,15;0,09;-1,18
22,844;-1,43;-0,16;-1,22
22,858;-1,31;-0,27;-1,86
22,910;-0,95;-0,34;-2,33
22,911;-0,52;-0,28;-2,30
22,912;-0,04;-0,04;-2,10
22,912;0,35;0,20;-1,88
22,913;0,70;0,29;-1,44
22,929;0,74;0,32;-0,73
22,932;0,65;0,30;0,01
22,937;0,43;0,22;0,52
22,944;0,20;0,24;0,65
22,961;-0,08;0,29;0,34
22,964;-0,15;0,15;0,21
22,976;0,19;-0,18;0,32
23,024;0,24;-0,48;0,64
23,026;0,06;-0,55;1,20
23,027;-0,07;-0,58;1,60
23,028;-0,57;-0,70;1,94
23,030;-1,23;-0,68;2,38
23,032;-1,23;-0,68;2,38
23,036;-1,54;-0,44;2,55
23,044;-1,40;-0,11;2,04
23,056;-1,12;0,11;1,05
23,070;-0,61;0,14;-0,10
23,112;-0,32;0,32;-0,94
23,115;0,27;0,34;-1,05
23,116;1,14;0,00;-0,28
23,118;1,73;-0,25;0,95
23,119;1,99;-0,16;1,78
23,124;1,95;-0,06;2,08
23,136;1,75;-0,02;2,28
23,144;1,36;-0,12;2,37
23,166;0,61;-0,29;2,13
23,171;-0,23;-0,47;1,44
23,174;-0,91;-0,57;0,33
23,219;-1,36;-0,44;-1,10
23,220;-1,41;-0,17;-2,44
23,221;-0,70;-0,04;-3,82
23,221;0,05;-0,38;-4,71
23,224;0,09;-0,50;-4,17
23,236;0,19;-0,54;-2,28
23,245;0,28;-0,34;-0,45
23,263;0,20;-0,16;1,03
23,267;-0,03;0,10;1,66
23,276;-0,39;0,27;1,15
23,285;-0,79;0,24;-0,28
23,340;-0,90;-0,02;-1,92
23,343;-0,84;-0,26;-3,13
23,344;-0,77;-0,28;-3,53
23,346;-0,41;0,05;-3,39
23,347;-0,12;0,50;-2,90
23,348;-0,00;0,88;-2,23
23,355;-0,13;0,88;-1,70
23,364;-0,34;0,53;-1,43
23,380;-0,79;0,17;-1,01
23,440;-0,99;-0,09;-0,44
23,443;-0,73;-0,11;-0,05
23,444;-0,23;-0,03;-0,00
23,445;0,32;0,09;-0,47
23,446;0,52;0,36;-1,00
23,452;0,89;0,48;-1,35
23,453;0,80;0,48;-0,94
23,464;0,80;0,38;0,09
23,467;0,69;0,39;1,12
23,522;0,52;0,55;1,96
23,524;0,17;0,55;2,21
23,526;-0,37;0,32;2,27
23,528;-0,72;0,09;2,29
23,530;-0,62;-0,04;1,98
23,532;-0,29;-0,04;1,66
23,536;0,26;0,11;1,62
23,545;0,76;0,28;1,95
23,564;1,08;0,53;2,51
23,567;1,17;0,73;3,14
23,638;0,79;0,56;3,84
23,641;0,04;0,16;4,48
23,644;-0,37;-0,18;4,52
23,647;-0,49;-0,51;4,20
23,650;-0,51;-0,96;3,91
23,653;-0,54;-1,36;3,94
23,655;-0,57;-1,56;4,48
23,656;-0,38;-1,38;5,13
23,658;-0,06;-1,06;5,29
23,665;0,09;-0,65;4,72
23,683;0,15;-0,26;3,84
23,692;0,16;-0,03;3,03
23,695;0,06;0,11;2,21
23,754;0,01;0,33;1,26
23,756;0,01;0,58;0,23
23,757;0,14;0,75;-0,84
23,758;0,22;0,84;-1,54
23,759;0,36;0,70;-1,81
23,766;0,64;0,48;-1,81
23,767;0,71;0,22;-1,79
23,786;0,58;0,03;-1,85
23,788;0,38;-0,01;-1,95
23,795;0,26;0,01;-2,10
23,836;0,38;0,06;-2,49
23,839;0,56;0,07;-3,28
23,841;0,67;0,01;-4,12
23,843;0,90;-0,09;-4,70
23,848;0,88;-0,22;-4,59
23,868;0,53;-0,19;-3,42
23,871;-0,01;0,02;-1,90
23,876;-0,58;0,08;-1,03
23,884;-1,27;0,01;-0,84
23,925;-1,58;-0,25;-1,56
23,927;-1,67;-0,61;-2,56
23,929;-1,55;-0,85;-3,13
23,932;-1,24;-0,82;-3,35
23,937;-0,70;-0,60;-3,08
23,946;-0,23;-0,28;-2,66
23,968;0,18;0,04;-2,10
23,973;0,60;0,25;-1,50
23,978;0,73;0,24;-0,70
23,980;0,73;0,24;-0,70
23,984;0,57;0,20;0,20
24,038;0,39;0,17;0,67
24,040;0,22;0,03;0,74
24,042;0,05;-0,19;0,72
24,043;0,01;-0,40;0,91
24,044;-0,06;-0,42;1,46
24,046;0,18;-0,30;1,70
24,056;0,28;-0,38;1,66
24,064;-0,05;-0,68;1,91
24,090;-0,40;-0,81;2,68
24,092;-0,55;-0,65;3,47
24,095;-0,61;-0,20;3,65
24,104;-0,50;0,36;2,85
24,140;-0,16;0,64;1,68
24,141;0,25;0,60;0,55
24,142;0,73;0,28;0,21
24,145;1,20;-0,35;0,89
24,161;1,77;-0,79;2,02
24,163;1,94;-0,88;3,56
24,232;1,72;-0,90;4,97
24,234;0,92;-0,92;5,46
24,235;0,08;-1,02;4,50
24,237;-0,33;-1,00;2,59
24,238;-0,51;-0,82;0,71
24,240;-0,83;-0,55;-0,58
24,241;-0,90;-0,29;-0,99
24,247;-1,06;0,00;-0,57
24,265;-0,98;0,07;-0,58
24,268;-1,20;0,35;1,07
24,322;-1,19;0,18;1,31
24,324;-1,02;0,04;1,11
24,326;-0,67;-0,02;0,65
24,327;-0,25;0,03;-0,08
24,328;0,34;0,21;-0,83
24,329;1,15;0,48;-1,54
24,335;1,78;0,85;-2,00
24,344;1,78;1,11;-2,01
24,355;1,37;1,08;-1,64
24,366;0,95;0,99;-1,27
24,428;0,38;0,88;-1,17
24,431;-0,13;0,65;-1,50
24,432;-0,71;0,39;-2,04
24,433;-1,02;0,10;-2,65
24,435;-0,98;-0,06;-3,04
24,442;-0,65;-0,15;-2,93
24,443;-0,07;-0,14;-2,41
24,445;0,48;-0,02;-1,72
24,455;0,53;0,22;-1,05
24,466;0,45;0,47;-0,79
24,482;0,25;0,48;-0,80
24,486;-0,12;0,32;-0,60
24,545;-0,24;-0,00;-0,28
24,547;-0,07;-0,29;-0,43
24,549;-0,34;-0,62;-0,55
24,550;-0,70;-0,83;-0,30
24,551;-0,97;-0,93;0,17
24,552;-1,01;-1,03;0,53
24,555;-1,01;-1,15;1,11
24,564;-1,16;-1,17;1,95
24,598;-0,90;-1,02;2,87
24,600;-0,62;-0,83;3,09
24,601;-0,48;-0,44;2,69
24,604;-0,35;-0,08;2,13
24,643;-0,35;-0,26;1,52
24,644;-0,56;-0,58;1,57
24,645;-0,83;-0,72;2,09
24,645;-0,72;-0,77;2,71
24,656;-0,61;-0,68;3,04
24,664;-0,57;-0,45;2,54
24,675;-0,65;-0,29;1,93
24,725;-0,76;-0,14;1,56
24,728;-0,83;-0,04;1,47
24,730;-0,78;0,19;1,45
24,732;-0,37;0,57;1,22
24,735;0,09;0,79;0,69
24,737;0,29;0,85;0,26
24,746;0,30;0,81;0,26
24,756;0,19;0,43;0,40
24,777;0,04;-0,00;0,95
24,780;-0,10;-0,32;1,16
24,785;0,07;-0,34;0,82
24,840;0,37;-0,41;-0,03
24,844;0,73;-0,32;-0,75
24,845;0,91;-0,04;-0,93
24,847;1,40;0,29;-0,95
24,849;1,61;0,43;-1,18
24,851;1,42;0,45;-1,27
24,856;0,89;0,42;-1,43
24,873;0,25;0,26;-1,45
24,877;-0,45;-0,04;-1,26
24,929;-0,98;-0,42;-1,01
24,930;-1,35;-0,77;-0,82
24,930;-1,35;-0,89;-0,85
24,931;-1,19;-0,80;-0,79
24,931;-0,93;-0,50;-0,11
24,935;-0,39;-0,16;0,68
24,950;0,31;0,15;0,97
24,957;1,02;0,50;0,51
24,984;1,32;0,77;-0,02
24,988;1,15;0,92;-0,08
24,990;0,55;0,86;0,10
24,999;-0,16;0,61;0,07
25,059;-0,80;0,47;-0,42
25,061;-0,92;0,40;-1,54
25,063;-0,86;0,29;-1,86
25,064;-0,67;-0,06;-2,22
25,065;-0,53;-0,45;-1,67
25,066;-0,15;-0,56;-0,60
25,068;0,07;-0,51;0,18
25,075;0,20;-0,33;0,84
25,088;0,54;-0,14;0,99
25,138;0,60;-0,05;0,91
25,141;0,38;-0,08;0,80
25,143;0,30;-0,04;0,71
25,146;0,43;0,07;0,30
25,149;0,47;0,23;-0,15
25,152;0,31;0,41;-0,19
25,170;0,14;0,58;-0,16
25,173;0,16;0,54;-0,09
25,175;-0,03;0,55;0,01
25,229;-0,13;0,54;0,11
25,233;-0,30;0,42;0,11
25,236;-0,38;0,35;0,15
25,239;-0,58;0,38;0,40
25,241;-0,53;0,42;0,61
25,244;-0,31;0,48;0,71
25,246;-0,21;0,65;0,65
25,257;-0,17;0,80;0,66
25,277;-0,10;0,85;0,57
25,281;0,19;0,69;0,38
25,357;0,34;0,46;0,09
25,359;0,19;0,22;0,14
25,360;0,23;-0,02;0,22
25,361;0,30;-0,20;0,51
25,362;0,28;-0,15;0,77
25,364;0,32;0,08;0,81
25,366;0,45;0,39;0,43
25,367;0,43;0,56;-0,28
25,369;0,32;0,66;-0,98
25,376;0,20;0,61;-1,49
25,393;0,18;0,54;-1,48
25,395;0,11;0,19;-1,30
25,452;0,04;-0,06;-0,95
25,454;-0,06;-0,27;-0,68
25,459;-0,12;-0,33;-0,43
25,460;-0,10;-0,27;-0,13
25,462;-0,11;-0,09;0,13
25,463;-0,12;0,06;0,18
25,464;-0,05;0,18;0,03
25,476;0,08;0,27;-0,26
25,534;0,32;0,30;-0,60
25,537;0,43;0,19;-0,58
25,539;0,36;0,06;-0,48
25,541;0,24;0,01;-0,39
25,543;0,03;0,07;-0,18
25,545;-0,12;0,12;0,15
25,547;-0,17;0,12;0,48
25,556;-0,06;-0,01;0,23
25,565;0,23;0,00;-0,67
25,582;0,51;0,04;-1,07
25,587;0,74;0,23;-1,11
25,595;0,79;0,33;-0,89
25,664;0,69;0,35;-0,77
25,666;0,33;0,27;-0,68
25,667;0,06;0,19;-0,46
25,669;-0,46;0,19;-0,03
25,671;-0,43;0,15;0,32
25,672;-0,46;-0,04;0,56
25,674;-0,45;-0,05;0,56
25,676;-0,30;-0,35;0,60
25,693;-0,31;-0,32;0,47
25,748;-0,24;-0,28;0,37
25,751;-0,24;-0,28;0,37
25,752;-0,19;-0,20;0,52
25,753;-0,14;-0,15;0,69
25,754;-0,08;-0,07;0,70
25,756;-0,19;0,13;0,35
25,757;-0,16;0,31;-0,09
25,759;-0,03;0,40;-0,52
25,764;0,04;0,35;-1,00
25,777;-0,05;0,18;-1,34
25,840;-0,15;-0,08;-1,61
25,844;0,02;-0,34;-1,69
25,847;0,20;-0,55;-1,57
25,850;0,11;-0,63;-1,13
25,853;-0,03;-0,50;-0,20
25,856;-0,03;-0,26;0,74
25,860;-0,01;-0,17;1,24
25,863;-0,02;-0,12;1,23
25,865;-0,02;-0,12;1,23
25,867;0,11;-0,27;0,86
25,878;0,17;-0,18;0,56
25,898;0,42;-0,11;0,10
25,902;0,54;-0,09;-0,16
25,974;0,44;-0,12;-0,23
25,976;0,29;-0,15;-0,45
25,977;0,04;-0,22;-0,65
25,978;-0,05;-0,29;-0,60
25,979;0,10;-0,38;-0,43
25,980;0,25;-0,44;-0,11
25,982;0,16;-0,33;0,69
25,983;0,23;-0,20;1,37
25,985;0,20;-0,21;1,64
25,995;-0,01;-0,26;1,49
26,049;-0,13;-0,20;1,18
26,052;-0,22;-0,19;0,78
26,053;-0,36;-0,24;0,39
26,055;-0,44;-0,27;0,15
26,057;-0,50;-0,23;0,17
26,059;-0,33;-0,14;0,40
26,075;-0,13;-0,04;0,71
26,082;0,06;0,07;1,07
26,085;0,06;0,07;1,07
26,087;0,26;0,16;1,13
26,133;0,16;0,12;0,96
26,137;0,08;0,10;0,66
26,139;0,12;0,03;0,28
26,142;0,20;-0,00;0,13
26,148;0,27;0,02;0,21
26,149;0,28;0,06;0,54
26,155;0,23;0,13;0,87
26,166;0,17;0,14;1,02
26,185;0,11;0,13;1,04
26,188;0,06;0,05;0,78
26,197;-0,01;-0,04;0,56
26,243;0,01;-0,10;0,45
26,245;0,09;-0,10;0,26
26,247;0,06;-0,04;0,32
26,248;0,07;0,03;0,46
26,249;0,07;0,04;0,46
26,256;-0,06;0,01;0,39
26,264;-0,27;-0,02;0,22
26,280;-0,26;0,04;0,01
26,285;-0,13;0,15;-0,16
26,344;-0,12;0,22;-0,15
26,346;0,03;0,25;-0,06
26,347;0,22;0,24;-0,14
26,348;0,19;0,23;-0,31
26,350;0,13;0,19;-0,32
26,351;0,13;0,12;-0,22
26,357;0,09;-0,01;-0,07
26,364;0,06;-0,07;0,12
26,393;0,05;-0,08;0,12
26,396;-0,03;-0,00;0,48
26,407;0,11;0,12;0,26
26,408;0,11;0,12;0,26
26,409;0,18;0,22;-0,11
26,445;0,19;0,25;-0,42
26,446;0,09;0,21;-0,40
26,447;0,07;0,15;-0,27
26,447;0,09;0,11;-0,12
26,461;0,06;0,11;-0,09
26,464;0,07;0,14;-0,13
26,518;0,04;0,10;-0,03
26,519;-0,02;0,03;0,02
26,520;-0,16;-0,08;0,13
26,520;-0,29;-0,15;0,16
26,520;-0,28;-0,11;0,11
26,530;-0,14;-0,04;-0,03
26,536;0,01;0,10;-0,22
26,556;0,14;0,16;-0,40
26,558;0,18;0,19;-0,39
26,565;0,19;0,17;-0,26
26,616;0,16;0,13;-0,13
26,620;0,01;0,03;-0,09
26,622;-0,19;-0,08;-0,10
26,626;-0,39;-0,14;-0,21
26,629;-0,38;-0,18;-0,33
26,631;-0,30;-0,22;-0,31
26,638;-0,11;-0,17;0,12
26,664;-0,03;-0,11;0,26
26,669;0,11;0,02;0,43
26,671;0,19;0,14;0,35
26,726;0,20;0,20;0,10
26,728;0,15;0,17;-0,19
26,729;0,10;0,08;-0,33
26,730;-0,03;-0,00;-0,28
26,731;-0,12;-0,11;-0,06
26,732;-0,27;-0,18;0,30
26,735;-0,36;-0,15;0,64
26,745;-0,33;-0,13;0,61
26,755;-0,25;-0,05;0,23
26,783;-0,17;0,10;-0,06
26,785;-0,14;0,10;-0,06
26,787;-0,14;0,10;-0,06
26,788;0,24;0,29;-0,25
26,831;0,32;0,28;-0,10
26,832;0,22;0,23;0,29
26,832;0,02;0,04;0,65
26,833;-0,08;-0,01;0,60
26,835;-0,24;-0,11;0,44
26,844;-0,32;-0,17;0,40
26,855;-0,29;-0,20;0,35
26,873;-0,22;-0,14;0,26
26,883;-0,10;-0,05;0,20
26,885;-0,10;-0,05;0,20
26,887;0,06;0,11;0,31
26,933;0,15;0,22;0,31
26,936;0,12;0,26;0,13
26,937;0,08;0,24;-0,14
26,938;-0,01;0,14;-0,38
26,939;-0,07;0,10;-0,40
26,945;-0,08;0,05;-0,24
26,955;-0,14;0,02;0,15
26,972;-0,19;-0,03;0,58
26,983;-0,14;-0,12;0,68
26,985;-0,14;-0,12;0,68
26,986;-0,08;-0,18;0,51
27,040;-0,12;-0,14;0,37
27,041;-0,02;-0,04;0,42
27,042;0,21;0,07;0,48
27,042;0,23;0,16;0,54
27,043;0,10;0,17;0,41
27,051;0,01;0,13;0,10
27,055;-0,04;0,09;-0,21
27,080;-0,13;0,01;-0,60
27,083;-0,14;-0,07;-0,60
27,085;-0,08;-0,12;-0,18
27,128;0,00;-0,16;0,33
27,130;-0,00;-0,13;0,67
27,132;0,02;-0,05;0,82
27,133;0,06;0,01;0,70
27,135;0,11;-0,05;0,16
27,146;0,12;-0,12;-0,27
27,154;0,03;-0,16;-0,40
27,170;-0,12;-0,15;-0,12
27,176;-0,11;-0,17;0,22
27,225;-0,03;-0,19;0,36
27,227;0,07;-0,04;0,13
27,228;0,06;0,01;-0,02
27,230;-0,00;-0,01;0,18
27,231;-0,06;-0,05;0,40
27,235;-0,17;-0,09;0,53
27,244;-0,21;-0,08;0,60
27,257;-0,15;-0,02;0,49
27,308;-0,06;0,09;0,18
27,310;0,02;0,17;-0,05
27,312;0,07;0,21;-0,15
27,313;0,09;0,16;-0,17
27,314;0,03;0,12;-0,07
27,316;-0,10;0,08;0,08
27,325;-0,17;0,12;0,37
27,337;-0,15;0,10;0,43
27,345;-0,10;0,09;0,26
27,399;-0,01;0,14;0,07
27,404;0,01;0,17;0,00
27,406;-0,01;0,17;0,03
27,409;0,06;0,17;-0,02
27,412;0,11;0,17;-0,23
27,415;0,08;0,16;-0,47
27,422;0,13;0,17;-0,60
27,426;0,13;0,17;-0,60
27,427;0,22;0,17;-0,48
27,444;0,22;0,14;-0,22
27,451;0,16;0,07;0,06
27,456;0,16;0,07;0,30
27,467;0,04;0,01;0,44
27,528;-0,00;0,03;0,51
27,530;0,09;0,01;0,47
27,532;0,17;-0,01;0,22
27,533;0,16;0,06;-0,02
27,534;0,15;0,18;-0,06
27,536;0,11;0,21;-0,01
27,538;0,15;0,17;-0,05
27,544;0,18;0,13;-0,22
27,555;0,18;0,09;-0,24
27,575;0,10;0,07;-0,13
27,577;0,06;-0,02;0,04
27,632;-0,05;-0,07;0,21
27,635;-0,14;-0,09;0,23
27,636;-0,07;-0,01;0,19
27,637;0,01;0,05;-0,06
27,638;0,11;0,09;-0,31
27,640;0,18;0,05;-0,40
27,644;0,02;-0,01;-0,25
27,655;-0,18;-0,08;-0,07
27,680;-0,33;-0,17;0,02
27,685;-0,41;-0,15;-0,05
27,686;-0,35;-0,07;-0,20
27,696;-0,21;-0,03;-0,36
27,744;-0,13;-0,04;-0,33
27,747;-0,07;-0,09;-0,12
27,749;-0,08;-0,12;0,17
27,751;-0,09;-0,10;0,38
27,753;0,02;-0,01;0,48
27,766;0,01;0,01;0,32
27,769;-0,05;0,06;0,08
27,776;-0,12;0,06;-0,25
27,810;-0,16;0,03;-0,39
27,812;-0,16;-0,00;-0,35
27,814;-0,14;0,01;-0,26
27,816;-0,04;0,01;-0,14
27,858;0,20;0,08;0,07
27,861;0,53;0,16;0,16
27,863;0,63;0,20;0,42
27,865;0,55;0,17;0,83
27,867;0,33;0,07;1,00
27,880;0,10;-0,09;0,98
27,937;-0,23;-0,18;0,87
27,941;-0,43;-0,21;0,68
27,944;-0,43;-0,19;0,60
27,947;-0,39;-0,08;0,69
27,950;-0,30;0,06;0,62
27,952;-0,29;0,12;0,44
27,954;-0,28;0,13;0,10
27,956;-0,20;0,13;-0,24
27,965;-0,11;0,16;-0,45
27,981;-0,06;0,21;-0,56
27,986;-0,01;0,25;-0,51
28,055;0,08;0,20;-0,41
28,057;0,01;0,12;-0,16
28,058;-0,05;0,04;0,05
28,059;-0,09;-0,04;0,22
28,060;-0,20;-0,05;0,29
28,061;-0,26;-0,02;0,24
28,062;-0,27;-0,01;0,13
28,065;-0,16;0,06;-0,18
28,076;-0,01;0,07;-0,53
28,097;0,15;0,09;-0,68
28,100;0,19;0,08;-0,60
28,110;0,15;0,04;-0,37
28,167;-0,02;-0,01;-0,13
28,169;-0,19;-0,08;0,07
28,170;-0,31;-0,10;0,09
28,171;-0,30;-0,08;-0,01
28,173;-0,19;-0,04;-0,23
28,175;-0,11;-0,06;-0,35
28,176;-0,03;-0,04;-0,31
28,184;0,09;-0,07;-0,16
28,195;0,13;-0,09;0,09
28,220;0,12;-0,09;0,33
28,223;0,07;-0,10;0,40
28,224;0,01;-0,09;0,27
28,277;-0,04;-0,07;0,14
28,278;-0,02;-0,07;-0,01
28,279;-0,10;-0,14;0,05
28,279;-0,13;-0,17;0,21
28,279;-0,27;-0,14;0,49
28,284;-0,28;-0,09;0,69
28,295;-0,27;0,06;0,57
28,343;-0,18;0,17;0,33
28,346;-0,05;0,20;0,17
28,348;0,06;0,17;0,20
28,349;0,12;0,17;0,35
28,357;0,14;0,16;0,44
28,359;0,13;0,14;0,44
28,366;0,02;0,12;0,25
28,393;-0,07;0,06;0,20
28,396;-0,07;0,06;0,20
28,398;-0,17;0,02;0,13
28,400;-0,21;-0,03;-0,05
28,404;-0,25;-0,03;-0,13
28,445;-0,17;0,07;-0,01
28,447;0,07;0,13;0,11
28,448;0,31;0,25;0,08
28,450;0,30;0,25;0,14
28,456;0,26;0,24;0,04
28,464;0,08;0,11;-0,07
28,482;-0,14;-0,01;-0,09
28,485;-0,29;-0,15;-0,12
28,554;-0,36;-0,19;-0,15
28,556;-0,28;-0,13;-0,01
28,557;-0,04;0,00;0,19
28,558;0,12;0,08;0,27
28,562;0,24;0,17;0,18
28,564;0,36;0,22;-0,03
28,566;0,36;0,15;-0,30
28,568;0,18;0,06;-0,25
28,578;-0,05;-0,06;-0,09
28,585;-0,29;-0,11;0,04
28,600;-0,41;-0,10;0,02
28,664;-0,35;-0,08;0,06
28,666;-0,19;-0,04;0,05
28,667;-0,04;0,02;0,03
28,668;0,17;0,05;-0,00
28,670;0,45;0,07;0,07
28,671;0,61;0,13;0,23
28,673;0,59;0,15;0,48
28,684;0,49;0,11;0,57
28,685;0,28;0,01;0,43
28,743;-0,02;-0,12;0,17
28,746;-0,25;-0,20;-0,14
28,747;-0,27;-0,16;-0,35
28,749;-0,21;-0,09;-0,42
28,751;-0,16;0,02;-0,32
28,753;-0,03;0,09;-0,11
28,758;0,15;0,11;0,07
28,764;0,22;0,09;0,05
28,787;0,16;0,00;-0,01
28,790;-0,01;-0,04;-0,02
28,803;-0,04;-0,09;0,10
28,805;-0,03;-0,09;0,15
28,862;-0,00;-0,03;-0,01
28,865;-0,01;-0,00;-0,16
28,867;-0,06;-0,04;-0,13
28,868;-0,09;-0,13;-0,02
28,870;-0,21;-0,18;0,16
28,872;-0,32;-0,17;0,39
28,878;-0,32;-0,10;0,49
28,884;-0,25;-0,05;0,37
28,904;-0,06;0,04;0,22
28,911;0,11;0,14;0,07
28,963;0,22;0,21;-0,06
28,966;0,22;0,24;-0,13
28,968;0,17;0,21;-0,31
28,970;0,04;0,13;-0,35
28,972;-0,08;0,00;-0,11
28,975;-0,14;-0,13;0,26
28,977;-0,20;-0,16;0,50
28,992;-0,27;-0,13;0,59
28,996;-0,21;-0,07;0,55
29,004;-0,06;-0,02;0,34
29,044;0,03;0,02;0,05
29,046;0,02;0,05;-0,25
29,047;-0,11;0,01;-0,47
29,048;-0,21;-0,01;-0,54
29,055;-0,27;0,02;-0,46
29,064;-0,14;0,08;-0,27
29,085;0,12;0,12;-0,02
29,088;0,29;0,14;0,16
29,150;0,30;0,08;0,30
29,152;0,30;0,08;0,30
29,153;0,24;-0,04;0,39
29,154;0,22;-0,16;0,42
29,155;0,12;-0,22;0,36
29,156;-0,12;-0,26;0,35
29,158;-0,27;-0,21;0,35
29,160;-0,39;-0,18;0,36
29,164;-0,30;-0,13;0,20
29,175;-0,19;-0,04;-0,04
29,192;0,06;0,08;-0,27
29,196;0,23;0,22;-0,32
29,204;0,33;0,29;-0,24
29,244;0,39;0,27;-0,23
29,246;0,39;0,20;-0,14
29,247;0,14;0,15;0,03
29,248;-0,02;0,10;0,21
29,255;-0,27;-0,05;0,20
29,265;-0,40;-0,19;0,08
29,275;-0,49;-0,27;0,07
29,287;-0,41;-0,33;0,13
29,355;-0,22;-0,27;0,23
29,357;0,01;-0,00;0,33
29,359;0,21;0,19;0,29
29,365;0,41;0,23;0,10
29,368;0,40;0,24;0,13
29,370;0,21;0,22;0,24
29,371;0,07;0,13;0,13
29,372;-0,10;0,02;-0,10
29,376;-0,26;-0,05;-0,26
29,384;-0,31;-0,05;-0,26
29,402;-0,21;-0,05;-0,17
29,405;-0,07;-0,01;0,13
29,458;0,13;0,08;0,39
29,459;0,28;0,16;0,50
29,459;0,41;0,22;0,31
29,459;0,40;0,22;0,03
29,460;0,31;0,16;-0,17
29,470;0,06;0,08;-0,34
29,475;-0,14;-0,03;-0,21
29,487;-0,18;-0,10;-0,04
29,548;-0,03;-0,08;-0,00
29,552;-0,08;-0,06;-0,18
29,554;0,06;0,16;-0,47
29,557;0,06;0,27;-0,45
29,559;0,03;0,34;0,10
29,561;0,69;0,45;0,25
29,565;1,21;0,69;0,50
29,568;1,32;0,68;0,36
29,577;0,84;0,35;0,69
29,606;0,72;-0,28;1,14
29,608;-0,01;-0,50;1,78
29,610;-0,36;-0,99;2,28
29,671;-0,71;-1,26;2,00
29,672;-1,03;-1,20;1,25
29,672;-0,99;-1,05;0,46
29,672;-0,79;-0,75;-0,23
29,673;-1,09;-0,19;-0,44
29,673;-1,08;0,42;-0,83
29,676;-0,88;0,88;-1,23
29,686;-0,68;1,23;-1,51
29,711;-0,45;1,48;-1,93
29,715;-0,40;1,42;-1,92
29,718;-0,61;0,96;-1,74
29,725;-0,52;0,55;-1,37
29,774;-0,15;0,35;-0,70
29,777;0,43;0,42;0,13
29,778;0,54;0,43;0,96
29,779;0,35;0,31;1,63
29,780;0,11;0,23;1,60
29,790;-0,16;0,13;1,29
29,795;-0,10;0,15;0,94
29,845;0,18;0,20;0,80
29,849;0,43;0,26;0,61
29,851;0,67;0,42;0,28
29,854;0,68;0,59;-0,03
29,858;0,49;0,73;-0,39
29,862;0,21;0,75;-1,06
29,869;-0,23;0,54;-1,93
29,877;-1,39;0,22;-3,14
29,887;-1,50;0,04;-3,35
29,895;-0,52;-0,06;-1,38
29,941;-0,09;-0,15;-0,44
29,943;0,41;-0,17;0,80
29,944;0,30;-0,12;0,71
29,944;-0,28;-0,17;-0,04
29,944;-0,43;-0,38;-0,44
29,955;-0,42;-0,68;-0,40
29,963;-0,29;-0,91;-0,53
29,977;-0,23;-0,93;-0,40
30,030;-0,02;-0,72;-0,13
30,031;0,24;-0,47;0,14
30,032;0,43;-0,23;0,37
30,032;0,68;0,02;0,38
30,033;0,75;0,15;0,35
30,035;0,66;0,18;0,35
30,044;0,55;0,11;0,51
30,055;0,39;-0,19;1,21
30,064;0,20;-0,34;1,35
30,084;-0,10;-0,45;1,20
30,087;-0,23;-0,42;0,59
30,096;-0,19;-0,36;-0,23
30,132;-0,12;-0,24;-0,41
30,135;-0,05;-0,06;-0,36
30,136;-0,09;0,17;0,05
30,137;0,06;0,23;0,41
30,144;0,38;0,27;0,53
30,155;0,68;0,32;0,35
30,164;0,63;0,30;0,05
30,176;0,35;0,26;-0,21
30,226;0,17;0,24;-0,25
30,228;-0,07;0,13;-0,10
30,230;-0,21;0,02;0,11
30,231;-0,22;-0,05;0,25
30,233;-0,20;-0,06;0,34
30,250;-0,22;-0,08;0,50
30,253;-0,23;-0,15;0,43
30,255;-0,20;-0,26;0,19
30,264;-0,05;-0,22;-0,05
30,277;0,29;-0,02;-0,21
30,298;0,56;0,19;-0,32
30,300;0,57;0,46;-0,38
30,338;0,46;0,71;-0,13
30,340;0,50;0,89;0,25
30,360;0,55;0,87;0,65
30,361;0,57;0,70;1,04
30,361;0,44;0,41;1,13
30,362;0,27;0,06;1,05
30,365;0,12;-0,22;0,86
30,521;0,05;-0,39;0,53
30,528;-0,12;-0,51;0,16
30,530;-0,34;-0,44;-0,22
30,532;-0,52;-0,23;-0,64
30,538;-0,60;0,01;-1,09
30,541;-0,73;0,24;-1,34
30,542;-1,12;0,29;-1,70
30,544;-0,98;0,34;-1,64
30,546;-0,63;0,32;-1,16
30,547;-0,35;0,09;-1,03
30,549;-0,16;-0,13;-0,83
30,550;-0,07;-0,27;-0,62
30,551;-0,09;-0,41;-0,32
30,553;-0,18;-0,51;0,16
30,554;-0,17;-0,64;0,44
30,556;-0,17;-0,64;0,44
30,557;-0,18;-0,75;0,52
30,558;-0,14;-0,78;0,58
30,560;-0,14;-0,78;0,58
30,561;-0,22;-0,75;0,58
30,562;-0,14;-0,79;0,15
30,565;-0,08;-0,79;-0,14
30,577;-0,07;-0,62;-0,22
30,584;0,11;-0,32;0,00
30,596;0,26;-0,04;0,40
30,604;0,27;0,08;0,78
30,616;0,28;0,08;0,64
30,624;0,11;-0,15;0,30
30,635;-0,19;-0,52;0,03
30,644;-0,15;-0,96;-0,00
30,655;0,10;-1,39;0,36
30,665;0,54;-1,56;0,93
30,676;0,75;-1,60;1,30
30,688;0,77;-1,45;1,35
30,697;0,55;-1,15;1,21
30,705;0,16;-0,68;0,87
30,715;-0,24;-0,19;0,38
30,725;-0,76;0,12;0,30
30,737;-1,39;0,28;0,49
30,744;-1,65;0,30;0,86
30,756;-1,63;0,23;1,00
30,764;-1,59;0,05;0,70
30,776;-1,23;-0,07;0,18
30,784;-0,71;-0,15;-0,32
30,796;-0,13;-0,24;-0,73
30,804;0,48;-0,17;-0,61
30,816;0,93;0,00;0,02
30,825;1,10;0,19;0,83
30,836;1,40;0,38;1,39
30,845;1,42;0,48;1,61
30,856;1,05;0,49;1,70
30,865;0,68;0,47;1,69
30,876;0,43;0,39;1,42
30,885;0,15;0,29;1,06
30,897;-0,23;0,20;0,84
30,905;-0,48;0,06;0,64
30,916;-0,74;-0,11;0,63
30,925;-0,95;-0,23;0,67
30,936;-0,93;-0,28;0,79
30,945;-0,82;-0,20;0,92
30,957;-0,65;-0,17;0,98
30,965;-0,36;-0,13;1,03
30,976;-0,06;-0,11;1,00
30,984;0,22;-0,20;0,91
30,994;0,20;-0,27;0,90
31,005;0,09;-0,39;0,88
31,014;0,07;-0,45;0,78
31,023;0,04;-0,45;0,56
31,034;-0,01;-0,31;0,37
31,043;-0,11;-0,23;0,30
31,054;-0,14;-0,16;0,22
31,063;-0,19;-0,14;0,00
31,074;-0,06;-0,14;-0,32
31,083;0,19;-0,14;-0,62
31,094;0,27;0,05;-1,01
31,103;0,18;0,02;-1,31
31,114;0,09;-0,12;-1,24
31,123;0,15;-0,11;-0,75
31,135;0,23;0,07;-0,31
31,143;0,29;0,28;-0,16
31,154;0,21;0,38;-0,09
31,163;0,14;0,42;-0,05
31,174;0,07;0,37;0,08
31,183;-0,03;0,22;0,32
31,194;-0,10;0,18;0,43
31,203;0,03;0,25;0,21
31,214;0,02;0,13;-0,07
31,223;-0,09;-0,15;-0,22
31,234;-0,22;-0,45;-0,16
31,243;-0,16;-0,60;-0,10
31,254;-0,12;-0,63;-0,06
31,263;-0,03;-0,54;0,14
31,274;0,15;-0,36;0,36
31,283;0,29;-0,11;0,31
31,294;0,38;-0,01;0,10
31,303;0,42;0,01;0,02
31,314;0,51;-0,07;-0,05
31,323;0,67;-0,31;0,12
31,334;0,51;-0,64;0,59
31,343;0,17;-0,78;0,86
31,354;0,02;-0,63;0,74
31,363;-0,05;-0,25;0,59
31,374;-0,10;-0,01;0,57
31,383;0,04;0,06;0,57
31,394;0,23;0,01;0,50
31,403;0,38;-0,10;0,39
31,414;0,49;-0,16;0,22
31,423;0,52;-0,23;0,09
31,434;0,29;-0,32;0,01
31,443;0,04;-0,27;-0,30
31,454;-0,18;-0,10;-0,92
31,463;-0,13;0,16;-1,79
31,474;0,17;0,43;-2,20
31,483;0,44;0,78;-1,70
31,495;0,67;1,06;-0,72
31,503;0,76;1,06;0,02
31,514;0,62;0,75;0,35
31,523;0,33;0,17;0,50
31,534;0,20;-0,40;0,49
31,543;0,15;-0,62;-0,26
31,554;-0,25;-0,40;-1,35
31,563;-0,34;-0,30;-1,78
31,574;-0,37;-0,27;-2,45
31,583;0,08;-0,40;-2,55
31,594;0,71;-0,31;-2,10
31,603;1,37;-0,08;-1,50
31,614;1,65;-0,00;-0,73
31,624;1,49;-0,11;0,87
31,634;1,13;-0,21;1,27
31,643;0,32;-0,54;1,47
31,654;-0,90;-0,85;0,95
31,663;-0,79;-0,67;-0,37
31,675;-0,43;0,11;-2,13
31,683;-0,19;0,32;-2,54
31,694;0,30;0,63;-2,83
31,703;1,04;0,80;-2,90
31,713;1,57;0,73;-3,05
31,723;1,76;0,84;-3,20
31,734;1,58;0,90;-2,16
31,744;2,09;0,98;0,51
31,754;1,28;0,52;3,82
31,763;-0,20;0,42;4,48
31,774;-1,17;0,36;2,96
31,786;-0,19;-0,42;0,91
31,797;2,97;-0,42;1,02
31,806;4,81;-0,07;1,52
31,817;3,57;0,08;1,25
31,826;1,25;0,15;0,95
31,838;-0,64;0,14;1,33
31,847;-1,51;0,12;1,16
31,859;-2,01;0,10;0,13
31,868;-1,55;-0,07;-1,17
31,877;-0,40;-0,19;-1,62
31,887;1,04;0,07;-1,07
31,898;2,07;0,40;0,12
31,907;1,85;0,54;1,24
31,918;0,93;0,65;2,06
31,926;0,05;0,53;2,30
31,938;-0,54;0,17;2,18
31,946;-0,77;-0,24;1,71
31,959;-0,55;-0,20;0,82
31,970;-0,55;-0,28;-0,30
31,981;1,44;0,27;-0,79
31,991;4,97;1,92;1,13
32,001;3,67;2,23;0,45
32,009;3,28;1,45;3,79
32,020;0,79;0,52;2,46
32,029;-1,92;-0,49;2,14
32,041;-4,04;-1,14;2,95
32,052;-4,47;-0,76;2,23
32,062;-3,50;-0,15;1,43
32,067;-2,30;0,19;0,83
32,080;-1,09;0,40;0,31
32,090;-0,18;0,55;0,18
32,100;0,06;0,76;0,08
32,107;0,07;0,66;0,01
32,130;-0,15;0,38;0,08
32,137;-0,69;0,25;0,12
32,148;-1,23;0,50;0,52
32,150;-1,58;0,77;1,60
32,155;-1,71;0,84;1,99
32,164;-1,34;0,73;2,07
32,175;-0,81;0,59;1,72
32,184;0,14;0,38;1,08
32,195;1,38;0,16;0,32
32,204;2,53;-0,00;-2,67
32,216;1,94;0,69;0,57
32,224;0,38;-0,11;-0,62
32,236;-0,29;-0,42;-2,38
32,245;-0,93;0,12;0,91
32,256;-0,85;0,87;3,02
32,265;-1,27;1,23;3,91
32,277;-1,25;0,98;4,39
32,286;-0,03;0,66;4,30
32,296;1,15;0,62;2,94
32,308;2,03;0,70;1,92
32,318;2,79;0,89;1,70
32,331;2,87;1,11;2,29
32,340;3,11;1,48;-0,58
32,351;1,31;1,41;-2,24
32,355;-0,42;1,01;-1,10
32,372;-1,93;0,96;0,91
32,376;-1,93;0,96;0,91
32,377;-1,82;0,95;0,90
32,383;-3,13;-0,60;-0,13
32,395;-1,80;-0,30;3,56
32,406;-0,51;0,56;1,17
32,415;0,55;1,12;1,76
32,424;0,69;0,80;2,14
32,435;-0,37;-0,03;2,75
32,445;-0,67;-0,07;2,69
32,455;-0,26;-0,05;2,22
32,465;0,22;-0,20;1,48
32,476;0,43;-0,54;0,62
32,486;0,41;-0,83;-0,02
32,497;0,30;-0,73;-0,53
32,506;0,12;-0,47;-1,41
32,517;-0,24;-0,24;-2,40
32,533;-0,62;-0,15;-3,13
32,551;-0,91;-0,14;-3,70
32,559;-0,83;-0,11;-3,76
32,564;-0,54;-0,11;-3,41
32,570;-0,34;-0,26;-2,96
32,586;-0,30;-0,32;-2,94
32,607;-0,23;-0,43;-2,59
32,621;-0,15;-0,39;-2,28
32,627;0,14;-0,25;-1,72
32,632;0,17;-0,23;-2,05
32,640;0,37;-0,29;-2,59
32,644;0,57;-0,44;-3,04
32,646;0,65;-0,58;-3,31
32,659;0,66;-0,66;-2,98
32,660;0,66;-0,66;-2,98
32,664;1,05;-0,67;-1,13
32,675;1,19;-0,52;-0,93
32,684;0,76;-0,44;-0,90
32,695;0,49;-0,49;-0,02
32,704;0,50;-0,44;0,08
32,716;0,52;-0,34;-0,22
32,725;0,40;-0,34;-0,33
32,736;0,23;-0,40;-0,55
32,746;0,20;-0,32;-0,63
32,763;0,07;-0,13;-0,63
32,768;0,07;-0,13;-0,63
32,773;-0,14;0,13;-0,70
32,778;-0,43;0,23;-0,80
32,785;-0,80;0,27;-1,04
32,796;-0,97;0,32;-1,28
32,807;-0,84;0,42;-1,29
32,816;-0,46;0,45;-1,03
32,824;-0,20;0,19;-0,65
32,836;-0,07;-0,18;-0,17
32,848;0,09;-0,35;0,60
32,855;0,08;-0,29;1,22
32,869;-0,25;-0,24;1,40
32,872;-0,25;-0,24;1,40
32,876;-0,65;-0,25;1,06
32,888;-0,67;-0,22;0,50
32,895;-0,24;-0,06;-0,07
32,908;0,29;0,15;-0,60
32,915;0,75;0,25;-0,91
32,927;0,89;0,20;-0,56
32,936;0,79;0,17;0,25
32,944;0,45;0,20;0,96
32,955;-0,24;0,07;1,57
32,964;-0,85;-0,30;1,76
32,975;-0,89;-0,66;2,39
32,984;-0,99;-0,77;3,07
32,995;-1,07;-0,88;3,06
33,004;-0,81;-1,11;3,56
33,015;-0,43;-1,24;3,31
33,024;0,29;-1,22;2,78
33,035;0,89;-1,16;2,25
33,044;1,04;-0,96;1,50
33,055;0,94;-0,58;0,99
33,064;0,59;-0,10;0,55
33,076;0,34;0,37;0,01
33,084;0,37;0,69;-0,57
33,095;0,42;0,83;-1,00
33,104;0,52;0,86;-1,42
33,116;0,54;0,67;-1,72
33,124;0,40;0,41;-1,92
33,136;0,29;0,35;-1,87
33,145;-0,03;0,28;-1,34
33,155;-0,40;0,24;-0,39
33,164;-1,20;0,26;0,57
33,175;-2,05;0,30;0,24
33,184;-1,84;0,31;-0,49
33,195;-1,26;0,32;-1,06
33,204;-1,11;0,26;-1,18
33,215;-1,03;-0,06;-0,62
33,224;-0,41;-0,54;-0,08
33,235;0,38;-1,04;0,27
33,244;0,76;-1,25;0,33
33,255;1,30;-1,45;0,45
33,272;1,70;-1,28;0,40
33,275;1,80;-1,02;-0,15
33,284;1,78;-0,70;-0,53
33,296;1,09;-0,29;-0,43
33,304;0,73;-0,09;-0,15
33,315;0,09;0,24;0,19
33,325;-0,46;0,50;-0,49
33,335;-0,91;0,60;-1,01
33,344;-1,30;0,58;-0,41
33,355;-1,26;0,36;1,33
33,364;-0,29;0,55;0,83
33,376;0,11;-0,10;0,50
33,384;0,50;-0,07;0,60
33,395;0,44;0,06;0,45
33,404;-0,03;0,19;0,18
33,415;-0,63;0,30;0,62
33,424;-1,35;0,38;0,77
33,436;-1,57;0,62;0,44
33,445;-1,71;0,85;-0,08
33,456;-1,71;0,80;-0,39
33,469;-1,45;0,23;0,56
33,478;0,12;0,18;0,09
33,486;0,30;0,02;-0,16
33,498;0,17;-0,33;-0,08
33,507;0,50;-0,39;0,51
33,517;0,87;-0,24;0,95
33,526;0,79;-0,04;1,46
33,538;0,59;0,12;1,66
33,547;0,38;0,26;1,07
33,557;-0,09;0,22;0,25
33,567;-0,72;0,10;0,49
33,577;-0,79;-0,26;1,79
33,588;-0,66;-0,20;2,26
33,598;-0,33;-0,21;2,04
33,607;-0,05;-0,32;1,49
33,618;0,02;-0,39;1,12
33,627;0,05;-0,36;0,92
33,638;0,27;-0,27;1,05
33,647;0,45;-0,06;1,10
33,660;0,03;0,21;0,38
33,667;-0,77;0,54;-0,21
33,678;-1,23;0,72;-0,52
33,687;-1,42;0,52;-0,77
33,698;-1,12;0,43;-1,36
33,706;-0,47;0,59;-1,98
33,718;-0,07;0,89;-3,41
33,727;-1,18;1,20;-3,02
33,738;-0,56;1,18;-4,99
33,747;-0,66;0,54;-2,12
33,758;0,16;-0,47;-0,73
33,767;0,93;-1,29;-0,11
33,777;1,14;-0,73;-0,76
33,789;0,73;-0,96;-1,39
33,800;0,74;-1,45;-1,98
33,811;1,35;-1,26;-1,92
33,824;1,54;-0,84;-1,42
33,831;1,28;-0,64;-0,70
33,845;0,97;-0,66;0,17
33,851;0,76;-0,64;0,94
33,870;0,45;-0,51;1,63
33,876;-0,11;-0,32;1,97
33,918;-0,69;-0,20;1,94
33,941;-0,66;-0,12;1,91
33,959;-0,78;-0,13;1,55
33,989;-0,74;-0,07;1,53
34,012;-0,53;0,08;1,01
34,029;-0,82;0,20;-0,03
34,060;-0,86;0,28;-0,60
34,091;-0,65;0,35;-0,97
34,101;-0,44;0,42;-1,24
34,121;-0,58;0,30;-1,21
34,141;-0,52;0,17;-1,16
34,170;-0,32;0,17;-1,13
34,199;0,00;0,13;-0,81
34,205;0,42;-0,02;-0,54
34,215;0,67;-0,21;-0,11
34,220;0,79;-0,25;0,05
34,225;0,75;-0,15;0,12
34,230;0,68;-0,08;0,22
34,234;0,81;-0,16;0,16
34,235;0,93;-0,02;0,27
34,237;0,67;-0,04;0,30
34,239;0,27;0,08;0,00
34,241;0,16;0,09;0,00
34,243;-0,75;0,41;-0,92
34,245;-0,69;0,41;-0,78
34,247;-0,40;0,26;-0,50
34,249;-0,09;0,07;-0,28
34,251;-0,53;-0,62;5,84
34,253;1,09;1,02;2,62
34,261;0,95;0,06;1,73
34,264;1,32;-0,12;0,76
34,266;1,10;-0,16;-0,19
34,268;0,36;0,40;-1,96
34,269;-0,41;0,64;-2,89
34,270;-0,96;0,74;-2,43
34,271;-1,36;1,00;-1,67
34,272;-1,70;1,00;-0,94
34,272;-1,70;1,00;-0,94
34,273;-1,52;0,85;-0,01
34,279;-1,52;0,85;-0,01
34,280;1,36;-0,24;0,81
34,281;1,62;-0,41;0,88
34,319;1,78;-0,47;0,74
34,320;1,66;-0,27;0,81
34,321;1,20;-0,13;0,67
34,322;0,66;-0,12;1,12
34,414;0,01;0,01;1,73
34,425;0,26;-0,13;2,46
34,433;0,35;-0,16;2,18
34,446;0,38;-0,04;1,20
34,554;0,31;0,16;-0,15
34,556;0,19;0,42;-1,09
34,556;0,01;0,62;-1,29
34,557;-0,32;0,69;-1,06
34,558;-0,66;0,59;-0,51
34,558;-0,59;0,60;0,23
34,559;-0,52;0,51;0,94
34,560;-0,55;0,38;1,61
34,561;-0,46;0,36;1,54
34,562;-0,15;0,38;1,04
34,563;0,08;0,27;0,35
34,568;0,42;0,09;-0,34
34,570;0,42;0,09;-0,34
34,573;0,48;0,04;-1,01
34,586;0,31;0,08;-1,50
34,594;0,22;0,12;-1,69
34,639;0,23;0,07;-1,46
34,640;0,39;-0,12;-1,21
34,641;0,73;-0,35;-1,00
34,641;0,97;-0,50;-0,91
34,648;1,00;-0,53;-1,01
34,649;1,00;-0,53;-1,01
34,655;0,96;-0,52;-1,12
34,664;0,78;-0,55;-1,00
34,678;0,62;-0,52;-0,36
34,686;0,35;-0,51;0,54
34,707;0,18;-0,59;0,99
34,708;0,36;-0,58;0,91
34,713;0,44;-0,54;0,84
34,724;0,47;-0,44;0,64
34,738;0,46;-0,33;0,14
34,745;0,42;-0,17;-0,03
34,755;0,35;-0,11;-0,15
34,764;0,40;-0,02;-0,16
34,790;0,28;0,05;0,11
34,791;0,14;0,09;0,40
34,793;0,11;0,12;0,17
34,804;-0,01;0,21;-0,56
34,815;-0,28;0,30;-1,04
34,824;-0,65;0,39;-1,22
34,833;-0,85;0,49;-1,01
34,844;-0,95;0,43;-0,56
34,854;-0,77;0,35;0,09
34,864;-0,60;0,29;0,83
34,873;-0,58;0,14;1,27
34,914;-0,31;0,02;0,94
34,914;-0,01;0,05;0,30
34,915;0,15;0,03;-0,23
34,915;0,24;0,02;-0,55
34,924;0,26;0,03;-0,58
34,933;0,27;0,13;-0,57
34,944;0,13;0,22;-0,54
34,953;-0,04;0,32;-0,53
34,964;-0,16;0,39;-0,50
34,975;-0,20;0,44;-0,63
34,985;-0,16;0,47;-0,90
35,029;-0,13;0,49;-1,21
35,030;-0,12;0,43;-1,26
35,031;-0,12;0,33;-1,20
35,031;-0,01;0,24;-0,97
35,033;0,00;0,16;-0,58
35,044;-0,04;0,13;-0,15
35,054;-0,01;0,12;0,20
35,064;-0,03;0,08;0,45
35,074;-0,03;0,07;0,45
35,084;-0,07;0,10;0,07
35,128;-0,09;0,15;-0,34
35,129;-0,15;0,22;-0,53
35,130;-0,27;0,20;-0,61
35,131;-0,29;0,16;-0,67
35,133;-0,27;0,19;-0,61
35,145;-0,37;0,14;-0,47
35,155;-0,33;0,04;-0,34
35,165;-0,14;-0,18;0,18
35,176;-0,05;-0,27;0,39
35,185;0,03;-0,41;0,77
35,229;0,15;-0,47;1,16
35,231;0,17;-0,40;1,35
35,231;0,04;-0,35;1,48
35,232;-0,09;-0,30;1,48
35,233;-0,15;-0,21;1,20
35,246;-0,22;-0,06;0,78
35,257;-0,17;0,11;0,36
35,266;-0,16;0,17;-0,08
35,295;-0,17;0,14;-0,41
35,302;-0,28;0,09;-0,48
35,305;-0,39;0,11;-0,22
35,307;-0,41;0,08;0,26
35,373;-0,35;-0,01;0,80
35,379;-0,30;-0,13;1,21
35,382;-0,26;-0,30;1,41
35,384;-0,22;-0,51;1,23
35,387;-0,16;-0,69;0,95
35,389;-0,16;-0,77;0,76
35,390;-0,34;-0,86;0,66
35,391;-0,61;-0,95;0,61
35,395;-0,80;-0,98;0,68
35,413;-0,93;-0,95;1,02
35,414;-0,93;-0,95;1,02
35,415;-0,86;-0,92;1,23
35,473;-0,66;-0,85;1,31
35,474;-0,41;-0,76;1,09
35,475;-0,24;-0,59;0,59
35,475;0,00;-0,53;0,08
35,476;0,31;-0,51;-0,22
35,476;0,35;-0,46;-0,27
35,485;0,42;-0,37;-0,17
35,493;0,43;-0,26;0,08
35,526;0,36;-0,19;0,22
35,528;0,25;-0,15;0,15
35,530;0,03;-0,11;-0,07
35,531;0,03;-0,11;-0,07
35,534;-0,21;-0,10;-0,08
35,587;-0,45;-0,04;0,01
35,590;-0,50;0,01;0,25
35,591;-0,51;-0,00;0,56
35,593;-0,57;0,03;0,49
35,594;-0,60;0,12;0,26
35,595;-0,51;0,27;-0,07
35,605;-0,36;0,40;-0,29
35,620;-0,18;0,49;-0,33
35,664;-0,13;0,56;-0,29
35,665;-0,21;0,60;-0,13
35,665;-0,21;0,66;0,16
35,666;-0,20;0,63;0,40
35,666;-0,13;0,56;0,51
35,674;-0,12;0,51;0,53
35,686;0,05;0,37;0,50
35,702;0,10;0,29;0,42
35,704;-0,03;0,27;0,31
35,759;-0,12;0,27;0,25
35,762;-0,28;0,29;0,33
35,764;-0,38;0,33;0,37
35,766;-0,29;0,44;0,47
35,768;-0,18;0,50;0,47
35,770;-0,15;0,40;0,23
35,777;-0,09;0,24;-0,09
35,791;0,01;0,18;-0,12
35,810;0,06;0,11;0,06
35,813;0,10;0,05;0,27
35,815;0,18;0,08;0,39
35,879;0,23;0,15;0,27
35,880;0,23;0,15;0,27
35,881;-2,05;1,69;-9,23
35,882;-1,26;0,79;-4,89
35,882;-0,18;-0,69;-0,87
35,883;0,24;-1,50;2,96
35,883;0,89;-0,67;4,14
35,884;1,25;0,30;4,02
35,894;1,63;1,06;1,17
