0,004;0,01;-0,56;-2,20
0,012;0,22;-0,27;-2,13
0,023;0,55;0,07;-1,46
0,031;1,00;0,33;-0,48
0,043;1,22;0,51;0,34
0,052;1,32;0,59;1,06
0,063;1,05;0,43;1,45
0,076;0,35;0,13;1,47
0,104;-0,17;-0,10;1,52
0,106;-0,31;-0,31;1,49
0,107;-0,33;-0,46;1,24
0,119;-0,26;-0,49;0,84
0,136;-0,13;-0,36;0,24
0,138;-0,06;-0,27;-0,34
0,152;0,06;-0,13;-0,79
0,154;0,22;-0,00;-0,96
0,169;0,29;0,13;-0,90
0,186;0,30;0,23;-0,69
0,188;0,26;0,22;-0,47
0,202;0,19;0,15;-0,27
0,219;0,23;0,10;-0,06
0,221;0,32;0,06;0,22
0,237;0,33;0,03;0,45
0,238;0,26;-0,06;0,68
0,252;0,08;-0,17;0,73
0,254;0,08;-0,17;0,73
0,256;-0,18;-0,30;0,80
0,269;-0,42;-0,45;0,82
0,277;-0,56;-0,53;0,67
0,286;-0,59;-0,51;0,37
0,308;-0,53;-0,41;0,15
0,309;-0,37;-0,22;0,08
0,310;-0,37;-0,22;0,08
0,319;-0,17;-0,04;0,05
0,337;-0,02;0,05;0,03
0,337;-0,03;0,04;-0,12
0,352;0,01;0,02;-0,21
0,369;0,10;0,07;-0,18
0,370;0,24;0,12;-0,09
0,387;0,34;0,16;-0,08
0,388;0,39;0,17;-0,03
0,403;0,35;0,11;0,00
0,405;0,23;0,02;-0,05
0,421;0,10;-0,02;-0,13
0,439;-0,04;-0,03;-0,14
0,440;-0,12;-0,02;0,01
0,455;-0,13;-0,04;0,14
0,457;-0,05;-0,04;0,22
0,472;-0,06;-0,04;0,20
0,474;-0,08;-0,02;0,10
0,496;-0,07;0,02;0,02
0,498;0,09;0,10;0,04
0,521;0,21;0,20;-0,03
0,522;0,21;0,20;-0,03
0,524;0,21;0,16;-0,13
0,525;0,09;0,13;-0,21
0,539;-0,01;0,09;-0,16
0,555;-0,02;0,05;-0,03
0,557;-0,02;0,01;-0,05
0,572;-0,01;-0,07;-0,09
0,575;0,02;-0,04;-0,08
0,594;0,04;0,02;-0,04
0,597;0,03;0,01;-0,05
0,611;-0,05;-0,03;-0,13
0,614;-0,05;-0,03;-0,13
0,616;-0,10;-0,03;-0,15
0,623;-0,12;-0,05;-0,16
0,632;-0,09;-0,05;-0,07
0,644;-0,10;-0,03;-0,01
0,653;-0,08;-0,06;0,05
0,664;-0,03;-0,03;0,17
0,690;0,02;-0,01;0,21
0,693;0,04;0,02;0,26
0,695;-0,04;0,02;0,26
0,704;-0,13;0,02;0,11
0,731;-0,20;-0,02;-0,06
0,734;-0,22;-0,05;-0,18
0,736;-0,14;0,03;-0,20
0,744;-0,00;0,09;-0,06
0,753;0,11;0,20;0,14
0,763;0,18;0,28;0,26
0,784;0,14;0,27;0,16
0,787;0,06;0,17;0,07
0,831;0,01;0,09;-0,05
0,834;0,01;0,09;-0,05
0,835;0,06;0,06;0,21
0,836;0,12;0,03;0,33
0,839;0,09;-0,02;0,44
0,844;0,13;-0,04;0,45
0,853;0,19;-0,07;0,40
0,864;0,25;-0,05;0,50
0,892;0,29;-0,01;0,46
0,897;0,27;-0,02;0,31
0,898;0,19;-0,00;0,19
0,904;0,07;-0,03;0,09
0,913;-0,02;-0,07;0,04
0,926;-0,04;-0,13;-0,01
0,933;-0,03;-0,15;-0,13
0,944;0,02;-0,11;-0,31
0,953;0,13;-0,03;-0,40
0,965;0,18;0,06;-0,35
0,990;0,15;0,07;-0,17
0,994;0,04;-0,00;0,00
0,996;-0,10;-0,08;0,14
1,004;-0,21;-0,16;0,14
1,025;-0,26;-0,17;0,15
1,027;-0,20;-0,15;0,17
1,032;-0,15;-0,11;0,19
1,045;-0,07;-0,03;0,14
1,052;0,00;-0,00;0,14
1,063;-0,00;0,00;0,15
1,073;-0,04;-0,03;0,15
1,089;-0,04;-0,04;0,06
1,091;-0,04;-0,04;0,06
1,093;-0,06;-0,03;0,02
1,104;-0,02;0,03;-0,07
1,112;0,01;0,05;-0,09
1,124;0,07;0,10;-0,02
1,132;0,12;0,14;0,17
1,145;0,12;0,12;0,23
1,153;0,08;0,10;0,26
1,164;0,07;0,07;0,24
1,173;0,03;0,01;0,22
1,188;-0,01;-0,02;0,17
1,190;-0,01;-0,02;0,17
1,193;-0,03;-0,02;0,08
1,211;-0,01;-0,05;-0,04
1,213;-0,01;-0,06;-0,16
1,224;0,03;-0,02;-0,23
1,232;0,07;-0,01;-0,18
1,244;0,07;-0,00;-0,20
1,252;0,00;-0,02;-0,16
1,264;-0,06;-0,04;-0,17
1,273;-0,19;-0,11;-0,14
1,287;-0,21;-0,13;-0,07
1,324;-0,29;-0,16;0,06
1,326;-0,34;-0,21;0,19
1,327;-0,36;-0,25;0,14
1,328;-0,27;-0,20;-0,00
1,332;-0,14;-0,10;-0,16
1,343;0,01;0,03;-0,23
1,352;0,16;0,15;-0,17
1,363;0,28;0,22;-0,04
1,372;0,27;0,20;0,10
1,384;0,17;0,13;0,17
1,413;0,08;0,05;0,18
1,418;-0,03;0,05;0,15
1,420;-0,06;0,01;0,22
1,424;-0,11;-0,02;0,16
1,433;-0,07;0,00;0,12
1,445;0,02;0,06;0,15
1,452;0,08;0,10;0,13
1,467;0,10;0,08;0,03
1,469;0,10;0,08;0,03
1,473;0,08;0,07;-0,07
1,490;0,06;0,05;-0,12
1,494;0,02;0,03;-0,08
1,527;0,00;0,03;-0,04
1,530;-0,01;0,03;0,13
1,531;0,02;0,03;0,29
1,533;0,01;0,04;0,41
1,548;-0,05;0,01;0,45
1,550;-0,05;0,01;0,45
1,553;-0,13;-0,06;0,44
1,565;-0,17;-0,10;0,38
1,573;-0,14;-0,11;0,35
1,587;-0,11;-0,08;0,27
1,593;-0,02;-0,00;0,17
1,625;0,01;0,05;0,11
1,627;-0,01;0,04;0,06
1,628;0,01;0,07;0,02
1,632;0,05;0,07;0,07
1,644;0,04;0,07;0,11
1,652;0,06;0,07;0,15
1,681;0,07;0,05;0,10
1,684;0,03;-0,01;0,04
1,685;0,03;-0,03;-0,03
1,694;0,03;-0,02;0,05
1,704;0,08;0,02;0,17
1,717;0,10;0,01;0,06
1,723;0,07;-0,01;-0,14
1,732;0,07;-0,01;-0,27
1,744;0,04;0,02;-0,22
1,752;0,04;-0,02;-0,02
1,771;0,02;-0,05;0,12
1,774;-0,05;-0,09;0,24
1,808;-0,12;-0,11;0,22
1,811;-0,11;-0,12;0,09
1,812;-0,06;-0,07;-0,05
1,814;0,02;0,00;-0,05
1,824;0,10;0,10;0,08
1,835;0,12;0,10;0,14
1,844;0,12;0,04;0,07
1,853;0,06;0,01;-0,02
1,867;-0,06;-0,04;-0,06
1,873;-0,09;-0,04;-0,14
1,893;-0,08;-0,01;-0,13
1,900;-0,05;0,02;-0,15
1,933;-0,07;0,01;-0,03
1,936;-0,06;0,01;-0,03
1,937;-0,03;0,02;0,12
1,938;-0,02;0,03;0,13
1,945;0,01;-0,01;0,13
1,952;0,05;-0,01;0,05
1,974;0,13;-0,04;-0,01
1,976;0,23;-0,04;-0,04
1,985;0,26;0,02;-0,01
1,992;0,28;0,05;0,03
2,004;0,19;0,03;0,03
2,015;0,07;0,01;0,00
2,024;-0,07;-0,05;-0,02
2,034;-0,17;-0,03;-0,03
2,045;-0,15;-0,02;-0,10
2,056;-0,09;-0,01;-0,15
2,093;-0,10;0,04;0,00
2,097;-0,07;0,05;0,21
2,099;-0,07;0,04;0,27
2,100;-0,07;0,04;0,27
2,102;0,00;0,03;0,20
2,125;0,02;0,03;0,15
2,128;0,07;0,06;0,07
2,129;0,02;0,08;0,06
2,136;-0,01;0,06;0,20
2,144;-0,12;0,04;0,29
2,156;-0,13;0,03;0,37
2,165;-0,15;0,03;0,45
2,179;-0,18;0,01;0,37
2,215;-0,20;0,01;0,37
2,220;-0,20;0,01;0,37
2,220;-0,13;0,00;0,41
2,222;-0,04;0,03;0,47
2,223;0,01;0,00;0,40
2,224;0,03;-0,02;0,25
2,233;-0,02;-0,05;0,01
2,243;-0,02;-0,08;-0,12
2,252;-0,07;-0,13;-0,26
2,263;-0,08;-0,14;-0,28
2,272;-0,03;-0,10;-0,23
2,298;0,02;-0,10;-0,19
2,301;0,05;-0,08;-0,18
2,346;0,22;0,02;0,07
2,353;0,22;0,02;0,07
2,355;0,34;0,13;0,32
2,356;0,33;0,12;0,47
2,357;0,23;0,09;0,48
2,359;0,10;0,00;0,31
2,360;-0,04;-0,07;0,06
2,364;-0,10;-0,09;-0,07
2,375;-0,09;-0,07;-0,17
2,395;0,00;-0,03;-0,16
2,398;0,06;0,02;-0,15
2,415;0,08;0,02;-0,03
2,417;0,08;0,02;-0,03
2,423;0,11;-0,03;-0,15
2,433;0,03;-0,05;-0,22
2,444;-0,08;-0,14;-0,12
2,452;-0,13;-0,18;0,00
2,464;-0,15;-0,20;0,20
2,472;-0,11;-0,16;0,20
2,497;-0,05;-0,09;0,06
2,499;-0,01;-0,03;-0,12
2,533;0,05;0,06;-0,16
2,536;0,16;0,14;-0,02
2,538;0,21;0,16;0,16
2,540;0,19;0,14;0,24
2,544;0,12;0,05;0,13
2,557;0,03;0,01;-0,02
2,564;-0,06;0,01;0,04
2,579;-0,12;0,02;0,09
2,584;-0,17;-0,01;0,20
2,617;-0,19;-0,03;0,28
2,619;-0,21;-0,05;0,41
2,620;-0,14;-0,03;0,50
2,624;-0,14;-0,01;0,41
2,633;-0,10;-0,01;0,26
2,644;-0,07;0,02;0,04
2,653;-0,03;0,06;-0,02
2,664;0,06;0,10;-0,05
2,673;0,18;0,16;-0,07
2,684;0,25;0,20;0,02
2,699;0,19;0,19;0,01
2,704;0,09;0,16;-0,04
2,713;0,01;0,08;-0,02
2,741;0,01;0,05;0,07
2,744;0,06;0,08;0,15
2,746;0,10;0,10;0,27
2,756;0,09;0,10;0,23
2,764;0,07;0,06;0,20
2,775;-0,01;0,01;0,10
2,784;-0,08;-0,04;0,05
2,801;-0,09;-0,06;0,08
2,808;-0,06;-0,07;0,11
2,809;-0,06;-0,07;0,11
2,813;-0,07;-0,07;0,11
2,837;-0,03;-0,06;0,16
2,840;-0,05;-0,01;0,19
2,845;-0,11;-0,06;0,28
2,854;-0,11;-0,08;0,28
2,863;-0,08;-0,10;0,24
2,873;0,02;-0,05;0,11
2,885;0,06;0,01;0,01
2,901;0,01;0,05;-0,17
2,910;-0,00;0,03;-0,25
2,912;-0,00;0,03;-0,25
2,915;-0,02;0,01;-0,23
2,945;-0,03;0,01;-0,11
2,947;-0,04;0,03;0,14
2,949;-0,04;-0,02;0,33
2,956;-0,10;-0,06;0,36
2,964;-0,18;-0,12;0,33
2,985;-0,24;-0,14;0,33
2,988;-0,20;-0,11;0,23
2,993;-0,11;-0,05;0,08
3,010;-0,02;0,03;-0,08
3,013;0,03;0,08;-0,26
3,025;0,10;0,14;-0,31
3,033;0,14;0,15;-0,31
3,044;0,13;0,13;-0,21
3,053;0,11;0,09;-0,12
3,066;0,09;0,08;-0,04
3,086;0,05;0,04;0,08
3,090;0,03;0,04;0,10
3,095;0,02;0,04;0,10
3,104;0,03;0,04;0,16
3,125;0,09;0,08;0,19
3,128;0,14;0,12;0,26
3,133;0,07;0,08;0,33
3,144;-0,07;0,01;0,19
3,157;-0,14;-0,06;0,05
3,164;-0,19;-0,08;-0,18
3,176;-0,20;-0,04;-0,31
3,186;-0,16;-0,01;-0,26
3,193;-0,03;0,07;-0,18
3,205;0,06;0,09;-0,14
3,220;0,04;0,09;-0,01
3,226;0,03;0,07;0,17
3,233;0,02;0,06;0,27
3,260;0,05;0,02;0,17
3,264;0,05;0,01;-0,02
3,265;0,09;0,03;-0,22
3,275;0,08;0,11;-0,25
3,284;0,07;0,15;-0,19
3,301;0,05;0,10;-0,09
3,306;0,00;0,08;-0,09
3,331;-0,07;0,06;-0,01
3,333;-0,08;-0,01;0,05
3,334;-0,09;0,02;0,13
3,344;-0,11;0,04;0,18
3,353;-0,13;0,02;0,24
3,364;-0,15;0,06;0,26
3,373;-0,11;0,05;0,25
3,385;-0,09;0,07;0,12
3,416;-0,03;0,13;-0,05
3,419;0,01;0,21;-0,14
3,420;0,15;0,30;-0,20
3,427;0,23;0,36;-0,09
3,433;0,27;0,38;0,06
3,445;0,26;0,34;0,23
3,453;0,23;0,22;0,33
3,465;0,12;0,10;0,42
3,473;0,04;-0,01;0,44
3,486;-0,04;-0,09;0,39
3,514;-0,05;-0,12;0,37
3,516;-0,03;-0,10;0,19
3,517;0,04;-0,06;0,09
3,523;0,01;-0,09;0,04
3,532;0,04;-0,14;0,08
3,544;0,02;-0,17;0,19
3,552;-0,04;-0,19;0,32
3,566;-0,07;-0,20;0,30
3,567;-0,07;-0,20;0,30
3,572;-0,01;-0,19;0,24
3,589;-0,03;-0,19;0,13
3,593;-0,03;-0,19;0,13
3,594;-0,05;-0,15;-0,01
3,606;-0,12;-0,13;-0,06
3,613;-0,13;-0,17;-0,02
3,624;-0,11;-0,20;-0,18
3,632;-0,11;-0,17;-0,34
3,644;-0,09;-0,14;-0,46
3,653;-0,03;-0,07;-0,53
3,664;0,13;-0,01;-0,48
3,673;0,27;0,07;-0,33
3,693;0,29;0,12;-0,15
3,705;0,21;0,11;-0,09
3,707;0,09;0,06;0,12
3,737;-0,01;-0,01;0,18
3,741;-0,09;-0,06;0,13
3,744;-0,20;-0,10;-0,04
3,747;-0,23;-0,11;-0,16
3,748;-0,23;-0,11;-0,16
3,754;-0,16;0,01;-0,16
3,765;0,02;0,08;-0,25
3,773;0,16;0,12;-0,24
3,788;0,16;0,14;-0,04
3,818;0,17;0,15;0,02
3,820;0,13;0,18;0,08
3,821;0,07;0,17;-0,05
3,823;0,00;0,14;-0,31
3,832;-0,01;0,12;-0,39
3,845;0,01;0,16;-0,31
3,852;0,01;0,23;-0,02
3,863;-0,11;0,20;0,15
3,872;-0,19;0,11;0,13
3,893;-0,24;0,04;-0,15
3,895;-0,23;0,04;-0,38
3,904;-0,15;0,09;-0,47
3,938;-0,07;0,13;-0,34
3,941;0,06;0,18;0,00
3,942;0,05;0,12;0,30
3,945;-0,00;0,09;0,50
3,953;-0,09;-0,01;0,45
3,965;-0,07;-0,05;0,40
3,973;-0,06;-0,11;0,31
3,988;-0,00;-0,10;0,41
3,993;0,03;-0,12;0,50
4,017;0,01;-0,14;0,41
4,019;-0,03;-0,17;0,18
4,024;-0,10;-0,21;-0,05
4,033;-0,11;-0,21;-0,22
4,044;-0,08;-0,18;-0,34
4,052;0,01;-0,09;-0,33
4,065;0,20;-0,01;-0,12
4,073;0,30;0,07;0,19
4,085;0,28;0,07;0,59
4,093;0,16;-0,06;0,83
4,108;0,04;-0,20;0,87
4,116;-0,10;-0,31;0,75
4,125;-0,17;-0,33;0,49
4,145;-0,07;-0,17;0,35
4,148;0,08;-0,01;0,05
4,153;0,23;0,08;-0,33
4,164;0,28;0,05;-0,63
4,172;0,29;0,06;-0,69
4,187;0,32;0,06;-0,54
4,193;0,29;0,04;-0,28
4,213;0,22;0,03;-0,01
4,215;0,09;-0,05;0,10
4,223;-0,01;-0,16;-0,05
4,233;-0,06;-0,21;-0,04
4,244;-0,07;-0,21;-0,06
4,253;-0,06;-0,14;0,15
4,264;-0,04;-0,04;0,35
4,273;-0,02;0,02;0,47
4,286;0,03;0,04;0,28
4,293;0,02;0,05;0,19
4,314;-0,03;0,07;0,12
4,317;-0,04;0,06;-0,02
4,325;-0,00;0,05;-0,17
4,353;0,01;0,04;-0,31
4,356;-0,06;0,02;-0,44
4,358;-0,16;0,03;-0,36
4,368;-0,12;0,07;-0,12
4,373;-0,06;0,07;-0,02
4,385;0,01;0,12;0,12
4,393;0,04;0,09;-0,05
4,410;0,00;0,05;-0,28
4,445;-0,10;0,05;-0,44
4,448;-0,10;0,05;-0,44
4,449;-0,16;0,15;-0,60
4,452;-0,17;0,28;-0,71
4,454;-0,17;0,39;-0,86
4,455;-0,22;0,48;-0,94
4,466;-0,27;0,53;-0,89
4,473;-0,26;0,45;-0,83
4,484;-0,29;0,36;-0,75
4,493;-0,29;0,29;-0,70
4,510;-0,44;0,24;-0,67
4,546;-0,59;0,21;-0,72
4,551;-0,74;0,22;-0,93
4,554;-0,90;0,28;-1,15
4,556;-0,96;0,43;-1,29
4,558;-0,96;0,56;-1,41
4,567;-0,84;0,70;-1,50
4,574;-0,56;0,87;-1,45
4,585;-0,22;1,03;-1,13
4,593;0,16;1,13;-0,68
4,610;0,35;1,16;-0,21
4,615;0,34;1,07;-0,00
4,625;0,03;0,94;0,08
4,651;-0,40;0,69;-0,06
4,655;-0,78;0,52;-0,24
4,657;-1,04;0,32;-0,59
4,669;-1,13;0,27;-0,82
4,673;-1,09;0,30;-0,71
4,688;-0,94;0,48;-0,44
4,693;-0,74;0,57;-0,26
4,712;-0,66;0,60;-0,08
4,748;-0,64;0,51;-0,17
4,751;-0,64;0,51;-0,17
4,754;-0,62;0,41;-0,33
4,756;-0,55;0,41;-0,52
4,758;-0,39;0,51;-0,70
4,760;-0,13;0,70;-0,74
4,764;0,18;0,83;-0,63
4,774;0,50;0,94;-0,37
4,795;0,59;0,94;0,08
4,799;0,38;0,75;0,80
4,832;0,07;0,50;1,54
4,835;-0,05;0,37;2,04
4,837;0,18;0,39;2,18
4,840;0,71;0,58;1,76
4,842;0,71;0,58;1,76
4,844;1,17;0,73;1,14
4,853;1,53;0,73;0,74
4,864;1,61;0,82;0,60
4,873;1,47;0,82;0,62
4,893;1,32;0,68;0,62
4,896;1,15;0,42;0,96
4,922;0,85;-0,01;1,56
4,924;0,70;-0,44;1,88
4,925;0,66;-0,68;1,52
4,933;0,75;-0,55;0,69
4,944;0,80;-0,29;-0,10
4,953;1,11;0,09;-0,40
4,964;1,49;0,60;0,19
4,973;1,84;1,11;1,43
4,985;1,77;1,46;3,00
5,000;1,26;1,45;4,09
5,006;0,82;1,20;3,80
5,014;0,69;0,70;1,94
5,036;0,85;0,28;0,08
5,039;1,59;0,25;-1,22
5,044;1,99;0,67;-1,98
5,054;1,42;1,46;-1,85
5,064;-0,08;2,01;-0,60
5,073;-2,04;1,85;2,00
5,085;-3,52;1,21;5,14
5,110;-4,17;0,32;8,12
5,114;-3,65;-0,23;10,05
5,116;-2,42;-0,36;9,92
5,136;-0,88;0,30;7,30
5,139;0,37;1,63;3,49
5,144;1,69;2,88;-0,16
5,154;2,62;3,70;-3,25
5,164;2,88;3,88;-5,33
5,172;2,18;3,20;-5,75
5,185;0,49;1,86;-4,32
5,194;-1,19;0,14;-1,21
5,218;-2,12;-1,38;1,80
5,220;-2,49;-2,49;3,44
5,224;-2,54;-3,25;3,59
5,233;-2,38;-3,59;2,25
5,244;-2,15;-3,40;0,25
5,254;-2,04;-2,86;-1,10
5,264;-2,00;-2,34;-1,18
5,273;-1,76;-2,08;-0,44
5,285;-1,01;-1,82;0,86
5,304;-0,05;-1,53;1,78
5,308;0,61;-1,23;1,85
5,314;0,71;-0,95;1,76
5,325;0,71;-0,74;1,12
5,334;0,89;-0,88;0,36
5,347;1,49;-0,75;0,84
5,354;1,83;-0,17;3,17
5,366;1,86;0,54;5,99
5,386;1,41;0,79;7,98
5,390;0,53;0,43;8,14
5,396;-0,47;-0,28;6,71
5,422;-1,05;-1,15;4,37
5,424;-0,68;-2,06;1,14
5,425;0,56;-2,58;-2,37
5,433;2,25;-2,04;-4,14
5,444;3,92;-0,87;-3,93
5,453;5,31;0,22;-2,15
5,464;5,93;0,83;1,11
5,482;5,28;0,34;4,12
5,524;3,72;-0,85;6,01
5,527;3,72;-0,85;6,01
5,528;1,25;-2,36;6,97
5,530;-1,40;-3,74;7,13
5,533;-3,17;-4,53;6,32
5,535;-3,18;-4,42;4,65
5,537;-1,87;-3,28;2,20
5,545;-0,14;-1,61;-0,14
5,557;1,70;0,37;-1,94
5,564;2,74;2,13;-3,28
5,588;2,77;3,52;-4,05
5,593;1,97;4,01;-4,22
5,594;0,56;3,32;-3,80
5,604;-0,79;2,16;-2,65
5,618;-1,88;1,31;-1,18
5,627;-2,87;0,96;0,13
5,632;-3,84;1,22;1,49
5,644;-4,43;1,93;2,11
5,652;-4,39;2,70;2,23
5,663;-3,80;3,22;2,49
5,676;-2,99;3,70;2,81
5,684;-2,22;4,06;3,28
5,693;-1,64;4,08;4,20
5,704;-0,84;3,98;5,01
5,713;-0,77;2,32;4,95
5,727;-1,60;1,12;6,21
5,730;-1,60;1,12;6,21
5,733;-2,52;1,09;7,56
5,744;-2,95;0,39;5,89
5,753;-3,51;-0,64;3,87
5,765;-3,98;-0,63;1,84
5,786;-3,38;-0,96;-0,99
5,790;-1,95;-0,87;-3,32
5,796;-1,77;0,00;-3,50
5,805;-3,08;0,71;-1,82
5,832;-4,51;0,73;0,72
5,835;-4,20;-0,16;2,17
5,837;-4,20;-0,16;2,17
5,838;-3,56;-0,80;2,01
5,847;-2,02;-2,48;-0,04
5,854;-0,42;-3,33;-2,75
5,864;-0,48;-2,47;-2,66
5,873;-0,20;-1,44;-3,36
5,888;0,61;-0,60;-5,03
5,888;0,61;-0,60;-5,03
5,900;1,30;0,32;-3,31
5,904;2,90;1,16;4,55
5,912;3,96;0,57;5,82
5,923;4,39;-0,99;7,33
5,941;2,23;-3,03;7,55
5,942;2,23;-3,03;7,55
5,944;-0,07;-5,02;6,68
5,953;-0,47;-6,13;5,26
5,966;1,70;-5,24;2,01
5,973;2,82;-4,00;0,62
5,991;5,43;-2,00;-1,86
5,994;7,65;0,02;-3,13
6,004;8,92;1,25;-2,99
6,013;8,24;0,96;-1,64
6,023;6,63;-0,58;0,19
6,032;4,67;-2,15;1,91
6,044;2,94;-3,24;2,13
6,052;1,95;-3,67;1,85
6,063;1,41;-2,53;0,70
6,072;-0,10;-1,63;-1,83
6,084;-1,80;-0,55;-5,08
6,117;-2,22;1,39;-8,26
6,119;-2,23;3,47;-9,89
6,120;-2,23;3,47;-9,89
6,122;-3,74;4,59;-8,82
6,124;-5,33;4,49;-5,54
6,150;-5,41;4,77;0,71
6,152;-3,07;4,48;8,17
6,153;-1,80;2,87;7,86
6,164;-1,77;2,94;4,58
6,172;-2,74;4,22;0,38
6,184;-0,60;4,20;-3,78
6,192;0,29;3,11;-6,51
6,211;-0,44;3,21;-9,16
6,217;-0,44;3,21;-9,16
6,218;-6,98;5,06;-10,36
6,223;-11,53;5,30;-6,57
6,232;-0,51;5,65;-1,51
6,244;2,99;4,43;2,61
6,252;2,86;-1,51;13,88
6,264;1,85;-5,60;18,85
6,272;-1,16;-6,04;15,05
6,283;-1,75;-4,92;6,83
6,293;-2,66;-4,31;-1,27
6,310;-0,55;-1,30;-2,13
6,312;-3,70;1,19;-1,02
6,324;-6,34;3,02;0,83
6,332;-3,84;2,83;1,17
6,347;-1,43;2,28;0,00
6,353;-0,71;2,04;-0,90
6,365;2,24;1,48;-0,39
6,375;5,23;0,92;1,00
6,384;8,63;0,02;4,79
6,394;10,42;-1,71;7,42
6,413;8,70;-3,68;7,62
6,417;6,98;-5,37;8,23
6,424;3,88;-6,22;6,52
6,472;1,78;-5,89;2,95
6,474;0,60;-4,39;-1,53
6,476;1,63;-2,09;-5,20
6,477;4,09;-0,09;-6,59
6,479;6,81;0,56;-5,58
6,485;7,99;-0,35;-3,40
6,493;7,19;-1,84;-2,37
6,505;4,70;-2,88;-3,08
6,529;1,83;-3,68;-4,84
6,531;-0,69;-4,42;-6,41
6,533;-3,23;-4,95;-6,91
6,544;-5,33;-4,05;-6,07
6,552;-6,05;-1,65;-4,10
6,563;-5,44;0,59;-1,46
6,572;-4,05;2,14;2,18
6,583;-2,72;3,17;5,85
6,592;-1,52;3,46;9,16
6,612;-0,85;3,09;11,99
6,614;-1,86;3,18;13,73
6,624;-4,08;4,63;12,05
6,632;-5,30;6,74;8,03
6,644;-5,77;8,39;3,52
6,652;-5,47;9,09;-1,16
6,665;-4,10;9,01;-5,60
6,672;-2,84;8,23;-8,23
6,684;-2,67;6,41;-6,39
6,692;-3,72;3,73;1,25
6,704;-4,96;1,61;9,09
6,742;-6,20;0,93;13,99
6,744;-5,83;1,72;14,10
6,746;-4,51;3,08;9,25
6,747;-2,66;4,27;3,03
6,753;-0,83;4,99;-0,34
6,765;-1,33;4,35;1,78
6,772;-3,10;1,42;7,50
6,784;-4,75;-2,16;12,52
6,793;-5,99;-4,59;14,00
6,806;-5,91;-4,86;10,55
6,812;-3,31;-2,94;3,27
6,829;0,96;-0,37;-2,98
6,832;5,15;0,93;-4,65
6,844;7,74;-0,01;-2,40
6,853;9,37;-2,74;2,78
6,864;10,37;-6,50;7,97
6,873;10,25;-9,98;12,09
6,886;8,14;-11,09;13,25
6,894;6,51;-9,26;9,18
6,911;6,07;-6,40;2,57
6,915;6,05;-4,48;-1,62
6,940;6,90;-3,77;-4,05
6,943;9,04;-4,81;-5,48
6,945;10,77;-7,33;-5,65
6,954;10,93;-8,92;-5,56
6,969;9,52;-8,76;-7,25
6,973;7,48;-7,44;-9,82
6,987;5,28;-5,34;-10,76
6,989;5,28;-5,34;-10,76
6,993;3,05;-3,75;-8,90
7,012;0,83;-3,45;-3,89
7,042;-0,84;-3,83;2,89
7,044;-2,60;-4,22;10,82
7,044;-3,89;-3,40;17,41
7,045;-3,89;-3,40;17,41
7,076;-5,58;-1,30;21,34
7,077;-8,90;2,44;21,02
7,077;-11,94;7,56;14,14
7,078;-14,37;12,47;6,18
7,084;-12,87;11,33;5,29
7,093;-11,24;17,96;-8,70
7,103;-4,75;18,54;-12,69
7,113;1,61;16,44;-9,56
7,133;3,92;12,69;-0,72
7,135;1,68;8,87;8,45
7,143;-2,10;6,94;16,22
7,153;-4,11;7,56;20,34
7,164;-3,98;8,90;16,89
7,173;-2,59;10,45;7,81
7,191;-0,94;12,31;-0,71
7,194;-0,94;12,31;-0,71
7,229;-1,19;11,95;-3,84
7,231;-1,19;11,95;-3,84
7,235;-5,46;7,08;0,88
7,236;-8,93;0,32;9,00
7,238;-10,58;-5,34;16,68
7,241;-8,99;-7,61;19,90
7,245;-5,21;-5,69;16,47
7,253;-1,18;-1,96;9,09
7,264;3,29;1,46;2,25
7,272;7,09;2,74;-3,00
7,286;9,49;1,56;-5,18
7,292;10,82;-1,86;-2,72
7,319;9,36;-9,58;4,25
7,319;5,93;-18,74;12,77
7,323;2,99;-23,41;19,25
7,332;1,98;-21,97;20,49
7,344;4,24;-17,25;14,59
7,352;9,11;-12,13;5,38
7,363;14,37;-7,77;-4,20
7,372;16,89;-5,26;-11,21
7,394;15,80;-5,60;-14,69
7,396;12,14;-6,87;-15,11
7,448;9,15;-6,99;-13,40
7,450;4,93;-7,96;-10,10
7,452;1,08;-8,66;-3,55
7,454;-1,70;-8,89;3,30
7,455;-2,64;-7,14;7,88
7,456;-2,87;-3,71;8,94
7,464;-2,29;0,19;7,53
7,472;-1,77;3,96;6,86
7,484;-1,63;7,27;7,97
7,494;-2,92;9,14;9,94
7,527;-5,40;10,28;10,20
7,530;-8,49;11,56;7,42
7,531;-12,83;14,15;3,11
7,533;-12,27;13,39;1,08
7,543;-11,36;13,11;-0,68
7,554;-8,89;10,74;-0,01
7,564;-6,66;8,18;1,83
7,572;-5,44;8,54;3,72
7,584;-4,63;10,38;5,12
7,594;-3,68;12,34;6,18
7,632;-2,21;14,23;4,81
7,634;-0,15;16,29;0,33
7,636;0,17;18,20;-6,59
7,637;-2,92;16,82;-10,29
7,644;-8,92;9,78;-2,29
7,656;-13,68;0,49;12,98
7,664;-14,53;-7,22;27,98
7,673;-11,26;-11,64;33,83
7,684;-6,61;-10,02;31,83
7,694;-1,19;-3,56;16,10
7,723;4,53;3,73;2,14
7,723;9,35;8,19;-2,58
7,724;11,90;6,32;-1,74
7,732;14,25;1,47;1,96
7,744;14,70;-3,95;6,86
7,752;11,85;-12,26;13,61
7,764;7,98;-20,13;19,92
7,775;5,46;-21,26;21,83
7,786;4,27;-16,47;16,42
7,817;4,18;-10,80;6,83
7,821;4,71;-6,52;-2,54
7,823;7,63;-4,17;-8,48
7,825;10,13;-5,03;-10,63
7,880;11,26;-7,34;-12,13
7,882;9,93;-9,24;-14,20
7,884;6,79;-9,74;-15,30
7,886;4,10;-9,52;-13,73
7,887;2,93;-9,37;-8,04
7,889;3,14;-9,18;-1,21
7,894;3,51;-8,20;3,79
7,904;3,54;-6,66;7,76
7,914;2,81;-4,80;11,05
7,952;1,46;-2,44;12,90
7,954;0,04;0,23;14,42
7,956;-2,04;2,99;14,66
7,957;-5,57;6,26;12,68
7,963;-11,32;10,23;8,21
7,973;-16,56;14,79;1,21
7,984;-18,42;18,23;-7,47
7,993;-15,00;18,11;-10,93
8,003;-8,31;12,72;-2,36
8,012;-4,54;7,16;9,03
8,043;-3,94;4,56;16,53
8,044;-4,88;7,46;17,78
8,046;-4,27;14,65;11,70
8,052;-1,26;20,22;3,48
8,064;0,73;22,86;-4,27
8,073;0,22;23,50;-12,28
8,083;-3,96;20,24;-16,18
8,092;-10,89;11,75;-7,54
8,104;-16,51;1,89;10,51
8,113;-17,10;-4,35;27,04
8,165;-11,72;-6,90;34,53
8,167;-4,95;-4,55;28,58
8,168;-0,64;0,54;15,27
8,169;2,43;4,86;4,57
8,170;4,49;6,69;-1,58
8,177;4,05;5,47;-4,61
8,184;2,78;0,66;-4,63
8,194;2,01;-7,42;2,21
8,205;2,60;-16,26;13,64
8,219;5,69;-22,85;24,87
8,261;9,41;-24,35;29,62
8,263;13,47;-20,43;28,41
8,265;14,82;-14,49;18,38
8,266;13,72;-11,74;8,54
8,267;14,54;-11,13;0,85
8,272;17,20;-11,76;-7,19
8,284;19,21;-13,49;-15,06
8,304;18,47;-15,36;-21,02
8,305;13,62;-14,85;-25,65
8,331;9,01;-12,62;-23,99
8,332;6,28;-15,87;-11,60
8,332;3,12;-21,49;3,80
8,343;0,06;-23,30;16,66
8,352;-1,46;-20,07;18,54
8,363;-1,83;-13,30;12,23
8,372;-1,06;-5,81;7,67
8,384;1,05;-0,48;8,62
8,401;0,42;1,78;13,91
8,404;-2,85;3,41;19,20
8,465;-6,98;8,29;20,96
8,467;-10,77;16,89;18,64
8,469;-12,03;23,99;18,35
8,470;-8,96;25,60;19,73
8,472;-3,03;25,18;17,53
8,475;-0,33;24,20;12,13
8,477;-0,61;24,65;7,51
8,484;-1,78;26,81;4,79
8,495;-3,55;30,89;1,69
8,504;-5,47;33,15;-0,67
8,519;-7,25;32,13;-3,91
8,525;-7,99;31,36;-6,56
8,563;-10,19;27,57;-0,71
8,565;-14,90;14,67;21,79
8,566;-18,78;0,77;34,80
8,567;-19,56;-11,13;34,28
8,572;-13,36;-13,49;33,13
8,584;-6,27;-8,45;29,13
8,604;-0,40;-2,57;6,01
8,606;5,36;1,19;-8,20
8,637;10,24;1,55;-16,94
8,640;11,46;-4,37;-16,40
8,642;15,85;-13,16;-7,29
8,644;23,31;-24,46;13,43
8,653;27,51;-27,73;29,60
8,664;26,58;-24,21;29,92
8,673;18,27;-18,20;27,59
8,684;12,78;-12,43;14,12
8,710;8,91;-10,18;7,44
8,715;7,74;-14,35;6,11
8,718;9,76;-21,00;0,21
8,724;12,47;-24,24;-12,07
8,755;12,05;-22,29;-24,12
8,757;9,94;-18,82;-29,51
8,759;6,93;-17,93;-27,29
8,769;2,56;-22,17;-16,07
8,773;-2,26;-28,23;-2,70
8,784;-4,96;-29,31;6,09
8,793;-4,67;-24,39;6,85
8,803;-1,08;-16,62;5,29
8,839;3,05;-9,85;7,65
8,841;4,31;-5,86;14,67
8,842;4,16;-3,82;26,18
8,844;2,27;-1,17;35,82
8,852;-2,38;6,06;33,33
8,864;-9,13;17,24;19,18
8,872;-14,44;27,30;9,78
8,884;-15,64;26,99;14,00
8,893;-11,19;17,43;24,99
8,906;-6,87;12,18;29,37
8,913;-0,34;16,08;29,34
8,978;5,20;25,22;24,10
8,980;3,20;34,89;11,79
8,982;-4,32;36,06;0,28
8,983;-12,34;34,49;-6,94
8,985;-19,93;31,35;-10,94
8,986;-26,70;23,73;-9,69
8,996;-28,26;15,65;1,98
8,999;-25,53;8,32;22,57
9,006;-19,58;1,55;34,38
9,026;-19,17;2,12;33,94
9,029;-5,17;-3,79;33,20
9,064;0,70;-2,28;26,17
9,065;3,66;-1,50;19,16
9,065;1,52;-3,59;11,27
9,066;1,50;-6,52;2,94
9,072;6,14;-6,05;-4,13
9,083;10,72;-6,63;-5,10
9,092;13,34;-10,87;-1,42
9,114;19,22;-19,37;8,50
9,117;27,82;-24,69;22,58
9,124;29,11;-21,91;29,56
9,154;24,06;-18,42;29,99
9,157;19,29;-16,75;29,18
9,159;15,38;-16,68;21,06
9,167;14,51;-19,30;7,35
9,172;14,54;-22,00;-10,07
9,184;14,01;-22,67;-27,20
9,194;10,48;-19,44;-38,65
9,207;7,61;-15,39;-39,68
9,262;6,86;-13,96;-40,06
9,264;3,70;-17,47;-23,53
9,266;1,90;-24,74;-2,89
9,267;-0,18;-27,63;13,18
9,268;-2,18;-22,94;17,94
9,269;-0,61;-15,73;13,51
9,272;0,58;-9,26;9,99
9,283;0,00;-5,29;11,63
9,292;-1,27;-4,36;17,97
9,304;-1,90;-3,02;23,14
9,312;-1,56;0,70;24,78
9,345;-1,55;13,06;17,45
9,347;-0,77;17,69;15,65
9,348;0,39;23,43;22,80
9,356;-2,13;17,90;30,29
9,369;-8,33;9,88;29,70
9,372;-11,22;8,37;29,45
9,384;-6,66;14,95;29,33
9,393;0,62;26,89;17,73
9,407;6,51;38,02;2,58
9,412;4,74;36,07;-6,19
9,462;-2,01;34,24;-8,36
9,465;-11,12;32,75;-6,67
9,466;-27,29;24,66;-0,08
9,467;-37,66;1,38;16,80
9,469;-36,41;-3,42;23,70
9,473;-34,98;-7,11;31,33
9,484;-25,86;-6,11;26,44
9,492;-12,50;-2,80;18,68
9,506;-0,92;-0,49;14,92
9,513;5,30;-2,38;14,07
9,549;7,51;-7,25;12,93
9,551;9,62;-10,99;4,86
9,553;10,18;-10,04;-12,70
9,554;4,12;-12,36;-22,23
9,564;8,06;-14,63;-14,54
9,572;23,41;-19,33;2,16
9,584;33,25;-21,58;16,72
9,592;30,99;-20,19;28,28
9,608;27,06;-16,38;31,32
9,613;23,19;-12,10;31,58
9,683;16,69;-11,27;31,61
9,687;12,43;-13,14;16,75
9,688;9,37;-14,00;-7,88
9,691;6,39;-11,53;-27,04
9,692;2,08;-7,01;-35,53
9,694;-2,16;-2,93;-36,98
9,697;-3,21;0,96;-31,56
9,699;-3,21;0,96;-31,56
9,701;-2,32;0,89;-14,49
9,706;-3,74;-2,61;8,44
9,713;-2,15;-3,22;21,94
9,726;-3,69;-0,15;24,78
9,772;-5,65;3,04;19,24
9,774;-7,94;5,53;11,29
9,775;-10,15;6,52;5,82
9,776;-7,49;8,26;0,25
9,777;-4,46;12,81;-5,69
9,786;-1,39;16,01;-11,58
9,792;-1,71;14,63;-12,79
9,804;-4,58;5,92;0,92
9,812;-4,91;-2,49;22,66
9,826;-3,85;-6,22;29,38
9,833;0,23;-1,61;29,30
9,871;5,65;5,63;22,25
9,872;9,60;10,70;14,23
9,874;8,07;12,95;2,72
9,875;3,37;12,95;-10,00
9,883;-1,48;12,05;-18,94
9,892;-5,77;10,27;-24,42
9,913;-9,81;6,33;-25,38
9,915;-12,15;1,19;-18,50
9,955;-13,31;-1,82;-4,20
9,957;-8,56;-2,41;7,27
9,958;-4,08;-3,15;15,98
9,960;-2,47;-4,98;18,32
9,964;-2,22;-6,91;13,84
9,972;-1,23;-7,09;7,78
9,984;1,52;-6,14;1,31
9,992;5,28;-3,09;-10,64
10,008;9,30;0,48;-22,80
10,015;14,17;-1,07;-14,84
10,051;16,38;-12,89;21,43
10,053;16,59;-18,89;30,09
10,054;14,07;-18,02;29,67
10,055;9,87;-11,96;29,89
10,063;6,16;-6,89;11,01
10,072;4,04;-2,78;-4,30
10,084;3,67;1,10;-10,96
10,092;4,32;1,49;-9,88
10,114;5,99;-1,23;-7,09
10,115;7,04;-2,87;-5,87
10,158;7,00;-2,87;-5,74
10,159;7,36;-2,94;-3,74
10,160;6,55;-2,67;-2,83
10,161;3,76;-2,37;-3,15
10,163;0,61;-2,46;-4,50
10,174;-2,84;-1,97;-6,60
10,184;-5,37;-0,70;-6,49
10,192;-4,00;0,78;-5,34
10,212;-3,55;3,36;-8,81
10,215;-6,88;4,80;-14,33
10,254;-9,76;1,80;-13,05
10,256;-8,48;-4,87;2,83
10,257;-5,96;-12,90;33,71
10,259;-4,00;-15,90;36,59
10,264;-2,97;-14,06;33,03
10,288;-1,28;-5,33;32,46
10,290;1,07;4,08;15,38
10,292;0,66;14,51;-6,83
10,305;-6,15;25,71;-16,84
10,312;-14,82;31,84;-21,28
10,328;-19,35;25,95;-19,13
10,332;-24,15;19,32;-5,68
10,401;-27,35;16,13;6,70
10,403;-25,32;12,75;17,80
10,405;-20,09;10,28;21,40
10,407;-15,95;6,69;14,70
10,408;-12,06;2,27;8,15
10,410;-4,34;-1,34;9,36
10,410;5,02;-2,37;16,52
10,412;5,02;-2,37;16,52
10,415;7,43;-3,73;23,36
10,430;4,64;-6,09;20,45
10,434;5,33;-10,41;9,79
10,485;11,46;-13,32;-4,16
10,487;26,11;-11,26;-11,01
10,488;33,78;-9,12;-3,12
10,490;24,69;-11,55;11,59
10,491;17,17;-17,02;24,53
10,493;12,68;-19,97;30,63
10,504;9,07;-17,45;30,89
10,513;7,27;-13,51;30,94
10,561;7,70;-11,87;21,64
10,564;7,65;-9,48;8,33
10,565;6,72;-5,19;-3,94
10,566;4,43;-0,95;-10,67
10,567;2,23;1,15;-11,26
10,574;0,87;1,01;-8,65
10,585;0,36;0,72;-6,33
10,592;0,24;1,53;-5,57
10,604;0,20;2,81;-6,43
10,615;-0,19;3,87;-8,09
10,683;-1,24;4,41;-9,80
10,684;-2,88;4,55;-10,24
10,685;-5,01;4,50;-9,35
10,686;-6,69;4,79;-6,36
10,687;-7,02;5,38;-3,63
10,688;-7,75;5,95;-4,23
10,689;-8,83;6,65;-5,71
10,695;-9,47;6,02;-6,56
10,703;-9,39;2,00;-4,32
10,713;-9,00;-3,50;3,20
10,760;-10,51;-9,39;14,34
10,762;-11,84;-7,51;23,19
10,763;-5,20;-4,97;17,43
10,764;-3,63;-4,77;21,43
10,766;-2,94;-2,44;21,68
10,767;-2,94;-2,44;21,68
10,772;-1,69;0,58;16,29
10,783;1,76;4,86;7,83
10,798;4,51;9,99;-2,06
10,804;5,27;14,69;-9,58
10,844;3,04;15,92;-11,57
10,846;-1,36;13,05;-9,47
10,847;-7,03;9,54;-4,51
10,848;-12,66;7,01;2,88
10,852;-16,93;4,98;10,76
10,864;-18,82;3,05;16,51
10,872;-19,49;0,85;18,59
10,883;-17,74;-0,77;15,68
10,899;-13,45;-1,03;10,64
10,904;-9,18;-0,35;7,09
10,942;-3,55;1,55;6,83
10,944;4,55;1,03;4,47
10,945;7,62;-0,07;3,86
10,946;20,56;-7,18;13,93
10,952;22,10;-11,93;21,58
10,964;19,53;-22,59;29,52
10,972;9,35;-28,15;29,28
10,984;4,21;-24,92;29,44
11,003;8,24;-16,25;22,97
11,005;11,47;-7,32;6,09
11,043;10,55;0,28;-4,97
11,044;7,07;3,96;-7,32
11,044;3,68;2,78;-2,92
11,044;1,27;0,18;1,14
11,052;-0,23;-0,03;1,19
11,063;0,17;1,64;-2,22
11,072;1,33;3,50;-6,04
11,085;1,72;4,84;-8,36
11,108;0,85;5,33;-9,65
11,111;-0,97;5,18;-10,38
11,113;-2,91;4,63;-10,22
11,124;-4,40;3,85;-9,07
11,175;-4,87;3,43;-8,53
11,177;-5,67;2,72;-7,50
11,178;-6,90;1,65;-5,85
11,179;-7,72;0,54;-4,57
11,180;-7,22;0,07;-5,00
11,183;-5,79;0,67;-7,02
11,194;-4,72;1,61;-9,54
11,203;-4,13;1,96;-10,90
11,212;-4,11;0,51;-10,38
11,224;-2,87;-3,36;-7,75
11,236;-2,14;-4,92;-5,07
11,297;-3,34;-6,04;-1,48
11,299;-4,98;-8,42;3,19
11,301;-2,56;-5,42;1,86
11,302;-3,60;-5,58;2,77
11,303;-4,17;-4,48;2,04
11,305;-4,07;-2,47;0,17
11,307;-5,21;-0,11;-0,48
11,309;-5,21;-0,11;-0,48
11,315;-7,90;2,03;0,30
11,324;-9,48;4,98;1,47
11,339;-9,20;7,35;2,21
11,392;-4,40;4,34;3,15
11,395;4,34;-0,77;7,71
11,396;11,21;-3,32;19,70
11,397;8,32;-3,71;29,22
11,398;2,60;-4,21;27,87
11,399;1,07;-4,91;17,97
11,404;1,33;-4,19;6,74
11,413;3,21;-0,36;-1,85
11,424;4,75;2,47;-7,05
11,434;6,55;3,75;-7,90
11,484;3,86;3,44;-3,78
11,486;6,18;1,29;-0,43
11,487;5,38;-0,60;1,60
11,488;-1,37;-1,20;4,76
11,489;-5,90;-2,14;7,52
11,493;-5,17;-2,33;6,85
11,504;-2,64;-0,83;0,89
11,522;-1,35;1,21;-5,80
11,524;-0,33;2,70;-7,44
11,572;0,64;3,18;-3,84
11,574;0,10;2,77;0,84
11,575;-1,51;1,83;4,89
11,575;-3,23;0,92;6,63
11,576;-4,71;0,84;5,05
11,584;-5,79;1,48;0,45
11,592;-5,93;2,14;-3,47
11,604;-4,73;1,68;-3,40
11,635;-2,72;-0,18;3,32
11,637;-0,51;-1,58;12,78
11,638;0,02;-2,29;19,68
11,644;-0,15;-3,88;21,98
11,688;-1,12;-4,62;19,90
11,689;-1,87;-4,13;14,00
11,690;-1,79;-2,97;7,71
11,691;-0,55;-1,50;3,01
11,692;1,59;0,54;-0,22
11,703;3,26;1,39;-3,43
11,724;4,13;1,39;-5,47
11,725;4,48;1,65;-5,21
11,767;4,01;2,05;-2,65
11,768;2,96;1,81;-1,06
11,769;1,50;0,95;-0,62
11,770;-0,18;-0,06;-0,07
11,772;-1,42;-0,85;0,46
11,784;-2,02;-1,36;0,20
11,793;-1,93;-1,43;0,27
11,808;-0,35;-0,33;3,10
11,816;0,65;-0,35;3,62
11,859;0,87;-0,62;2,84
11,861;0,24;-1,38;1,79
11,862;-0,06;-1,75;1,64
11,864;0,65;-1,46;2,40
11,865;0,97;-1,07;3,24
11,872;0,36;-0,79;3,44
11,884;-0,47;-0,45;2,66
11,893;-0,76;0,11;1,29
11,914;-0,25;0,68;-0,11
11,916;0,74;1,03;-0,67
11,924;1,27;0,83;-0,11
11,968;0,82;0,22;1,50
11,973;0,11;-0,58;3,20
11,974;-0,58;-1,45;4,22
11,975;-1,18;-2,31;3,93
11,976;-1,47;-2,78;3,10
11,985;-1,60;-2,96;1,22
11,992;-1,32;-2,57;-0,81
12,003;-0,49;-1,64;-2,55
12,012;0,95;-0,45;-3,75
12,024;2,70;1,02;-4,64
12,072;4,03;2,42;-5,42
12,074;4,22;3,42;-5,86
12,075;3,19;3,42;-5,86
12,076;1,62;2,43;-5,32
12,077;0,40;1,08;-4,23
12,084;-0,57;-0,32;-2,60
12,093;-1,18;-1,43;-0,52
12,103;-1,55;-2,23;1,68
12,113;-1,99;-2,73;2,94
12,125;-1,95;-2,69;2,99
12,174;-1,19;-2,18;1,81
12,175;-0,03;-1,36;-0,07
12,176;1,09;-0,43;-1,84
12,177;1,85;0,70;-2,73
12,178;2,20;1,57;-2,76
12,186;1,79;1,68;-1,22
12,192;1,00;1,03;1,67
12,204;0,09;-0,13;5,13
12,212;-1,21;-1,41;8,20
12,223;-2,80;-2,15;8,35
12,232;-3,81;-2,00;5,60
12,272;-3,36;-0,83;2,02
12,274;-1,86;1,00;0,70
12,275;-0,63;2,49;2,40
12,275;0,04;2,97;5,22
12,285;-0,34;2,33;6,61
12,292;-1,39;1,03;5,97
12,306;-2,13;-0,19;3,85
12,313;-2,44;-1,01;1,24
12,332;-2,38;-1,48;-0,78
12,334;-1,78;-1,83;-1,44
12,379;-0,40;-1,63;-0,67
12,381;0,80;-1,07;0,45
12,382;1,42;-0,50;0,85
12,383;1,63;-0,16;0,29
12,385;1,47;-0,04;-0,85
12,401;1,23;0,10;-2,03
12,403;1,05;0,07;-3,02
12,412;1,05;0,11;-3,70
12,424;1,51;0,38;-3,81
12,432;2,20;0,87;-3,34
12,474;2,84;1,32;-2,53
12,475;2,94;1,56;-1,67
12,476;2,23;1,25;-1,18
12,477;0,97;0,47;-1,13
12,484;-0,25;-0,47;-1,25
12,492;-1,21;-1,20;-1,45
12,508;-1,62;-1,47;-1,42
12,512;-1,03;-0,92;-1,14
12,556;0,27;-0,29;-1,75
12,558;1,43;0,20;-3,11
12,559;2,00;0,87;-4,11
12,560;1,96;1,42;-3,84
12,566;1,80;1,71;-2,13
12,567;1,80;1,71;-2,13
12,572;1,77;1,84;0,60
12,584;1,66;1,54;4,02
12,592;1,42;1,17;5,70
12,611;0,98;0,47;8,49
12,614;0,58;-0,30;10,28
12,675;0,49;-0,96;10,29
12,677;0,56;-1,13;8,24
12,678;0,64;-0,67;4,88
12,679;0,82;0,03;1,00
12,680;0,90;0,88;-2,17
12,681;0,58;1,45;-4,21
12,683;-0,05;1,59;-4,86
12,692;-0,58;1,44;-4,27
12,709;-0,82;1,16;-2,84
12,712;-1,08;0,93;-1,04
12,760;-1,44;0,70;0,19
12,762;-1,67;0,43;0,77
12,763;-1,72;0,21;0,82
12,764;-1,49;0,15;0,72
12,765;-1,00;0,21;0,46
12,772;-0,65;0,33;0,52
12,784;-0,67;0,35;0,61
12,792;-0,84;0,25;0,74
12,813;-0,84;0,30;0,81
12,815;-0,65;0,56;0,71
12,861;-0,35;0,90;0,10
12,863;-0,05;1,13;-1,00
12,864;0,09;1,27;-2,23
12,865;0,02;1,32;-3,12
12,866;-0,26;1,19;-3,53
12,874;-0,71;0,85;-3,19
12,883;-0,94;0,44;-2,33
12,892;-1,00;0,08;-1,27
12,904;-0,83;-0,12;-0,32
12,912;-0,60;-0,15;0,27
12,963;-0,36;-0,16;0,36
12,968;-0,21;-0,17;0,26
12,969;-0,21;-0,28;0,05
12,970;-0,26;-0,38;-0,26
12,971;-0,35;-0,36;-0,47
12,975;-0,33;-0,30;-0,66
12,984;-0,29;-0,22;-1,03
12,992;-0,31;-0,16;-1,61
13,003;-0,44;-0,14;-2,20
13,013;-0,51;-0,10;-2,53
13,063;-0,41;0,02;-2,08
13,065;-0,03;0,12;-0,92
13,066;0,44;0,11;0,33
13,066;0,68;0,05;1,12
13,067;0,56;-0,02;1,54
13,075;0,15;-0,17;1,45
13,084;-0,25;-0,29;0,99
13,093;-0,53;-0,40;0,23
13,105;-0,59;-0,45;-0,40
13,116;-0,41;-0,42;-0,57
13,168;0,12;-0,21;-0,10
13,169;0,68;0,08;1,06
13,171;0,93;0,19;2,24
13,172;0,73;0,14;2,82
13,173;0,22;-0,11;2,72
13,174;-0,30;-0,48;2,27
13,183;-0,61;-0,74;1,74
13,197;-0,56;-0,77;1,65
13,204;-0,19;-0,60;1,67
13,248;0,15;-0,38;1,42
13,250;0,21;-0,26;0,98
13,250;0,07;-0,31;0,56
13,251;0,20;-0,36;0,25
13,253;0,65;-0,33;0,01
13,264;1,16;-0,09;-0,05
13,272;1,41;0,16;-0,08
13,284;1,28;0,22;-0,18
13,300;0,67;0,01;-0,36
13,304;-0,05;-0,34;-0,47
13,366;-0,64;-0,71;-0,56
13,368;-1,14;-0,97;-0,42
13,369;-1,29;-1,03;-0,30
13,370;-0,86;-0,72;-0,25
13,371;-0,36;-0,20;-0,13
13,372;0,11;0,29;0,00
13,373;0,55;0,64;-0,12
13,383;0,76;0,74;-0,46
13,399;0,49;0,56;-0,97
13,403;-0,01;0,22;-1,41
13,451;-0,36;-0,08;-1,47
13,453;-0,49;-0,31;-1,30
13,454;-0,23;-0,29;-0,83
13,455;0,06;-0,08;-0,32
13,456;0,21;0,15;0,00
13,465;0,34;0,40;0,17
13,473;0,34;0,53;0,23
13,483;0,11;0,47;0,13
13,500;-0,19;0,31;-0,30
13,504;-0,40;0,30;-0,77
13,555;-0,51;0,41;-1,13
13,556;-0,49;0,46;-1,25
13,557;-0,18;0,52;-1,09
13,559;0,26;0,61;-0,65
13,560;0,42;0,60;-0,26
13,564;0,39;0,53;-0,01
13,573;0,25;0,43;0,18
13,583;0,04;0,27;0,20
13,601;-0,08;0,09;0,23
13,603;-0,23;-0,00;0,30
13,652;-0,31;-0,07;0,26
13,654;-0,26;-0,02;0,11
13,655;-0,19;-0,02;-0,14
13,656;-0,08;-0,14;-0,08
13,657;0,13;-0,23;0,34
13,664;0,31;-0,29;0,78
13,672;0,52;-0,36;1,09
13,684;0,61;-0,43;1,13
13,704;0,57;-0,59;1,28
13,706;0,53;-0,66;1,50
13,767;0,49;-0,60;1,58
13,769;0,26;-0,48;1,29
13,770;0,06;-0,42;0,76
13,771;0,01;-0,35;0,19
13,772;0,02;-0,27;-0,07
13,773;0,09;-0,23;0,13
13,774;0,32;-0,20;0,41
13,783;0,74;-0,19;0,52
13,792;0,87;-0,21;0,57
13,804;0,77;-0,29;0,61
13,821;0,64;-0,33;0,69
13,824;0,46;-0,29;0,51
13,892;0,20;-0,24;0,19
13,894;-0,07;-0,17;-0,23
13,895;-0,30;-0,18;-0,57
13,896;-0,60;-0,21;-0,55
13,897;-0,77;-0,29;-0,35
13,898;-0,52;-0,29;0,02
13,899;0,15;-0,07;0,55
13,904;0,85;0,19;0,95
13,924;1,08;0,30;0,80
13,930;0,88;0,15;0,14
13,936;0,88;0,15;0,14
13,937;0,44;-0,06;-0,40
13,977;0,02;-0,25;-0,48
13,979;-0,32;-0,39;-0,29
13,980;-0,53;-0,46;0,08
13,981;-0,58;-0,41;0,29
13,983;-0,57;-0,24;-0,06
13,992;-0,62;-0,08;-0,68
14,004;-0,66;0,03;-1,35
14,020;-0,51;0,15;-1,72
14,024;-0,16;0,37;-1,45
14,072;-0,05;0,51;-0,76
14,074;0,03;0,45;-0,19
14,075;0,01;0,26;-0,03
14,076;-0,21;0,04;-0,03
14,077;-0,49;-0,13;-0,10
14,085;-0,63;-0,28;-0,20
14,092;-0,69;-0,34;-0,24
14,104;-0,67;-0,33;-0,22
14,124;-0,50;-0,15;-0,16
14,126;-0,33;0,00;-0,06
14,174;-0,10;0,16;0,09
14,175;0,10;0,28;0,41
14,176;0,11;0,33;0,58
14,177;0,03;0,28;0,58
14,178;-0,18;0,14;0,57
14,185;-0,33;0,03;0,50
14,192;-0,36;-0,03;0,41
14,203;-0,20;0,03;0,37
14,223;-0,11;0,08;0,31
14,225;-0,01;0,24;0,15
14,271;-0,03;0,34;-0,05
14,273;-0,12;0,41;-0,39
14,274;-0,14;0,39;-0,71
14,275;-0,05;0,38;-0,95
14,276;0,15;0,46;-0,82
14,284;0,43;0,58;-0,36
14,292;0,58;0,54;0,17
14,303;0,51;0,34;0,60
14,313;0,32;0,10;0,84
14,324;0,07;-0,09;0,94
14,373;-0,11;-0,22;0,98
14,374;-0,14;-0,22;1,01
14,375;-0,04;-0,15;0,86
14,376;0,08;0,01;0,17
14,377;0,11;0,11;-0,00
14,385;0,19;0,30;-0,16
14,392;0,21;0,35;-0,16
14,404;0,14;0,27;0,02
14,412;0,04;0,15;0,14
14,424;-0,01;0,13;0,07
14,474;-0,02;0,11;-0,12
14,476;-0,07;0,06;-0,25
14,477;0,01;0,03;-0,12
14,478;0,08;-0,04;0,21
14,479;0,10;-0,10;0,40
14,487;0,04;-0,16;0,47
14,492;0,02;-0,13;0,36
14,503;-0,02;-0,11;0,20
14,512;-0,06;-0,06;-0,05
14,525;-0,11;-0,01;-0,30
14,588;-0,11;0,03;-0,58
14,589;-0,02;0,13;-0,82
14,590;0,06;0,26;-0,96
14,591;0,18;0,27;-0,94
14,592;0,38;0,27;-0,57
14,593;0,46;0,24;-0,07
14,594;0,38;0,18;0,47
14,604;0,34;0,17;0,48
14,612;-0,19;-0,20;0,90
14,626;-0,39;-0,32;0,84
14,632;-0,47;-0,32;0,60
14,678;-0,48;-0,25;0,20
14,680;-0,32;-0,12;-0,15
14,681;-0,15;0,03;-0,36
14,683;-0,02;0,10;-0,40
14,684;0,03;0,10;-0,23
14,692;0,01;0,04;0,04
14,711;-0,05;-0,01;0,28
14,713;-0,19;0,00;0,46
14,762;-0,26;0,07;0,48
14,764;-0,30;0,08;0,35
14,765;-0,28;0,12;0,17
14,766;-0,13;0,11;-0,15
14,768;0,01;0,19;-0,41
14,775;0,17;0,28;-0,44
14,786;0,23;0,28;-0,47
14,792;0,32;0,28;-0,41
14,804;0,36;0,27;-0,18
14,813;0,34;0,24;0,09
14,837;0,32;0,19;0,35
14,839;0,22;0,16;0,59
14,844;0,00;0,08;0,69
14,894;-0,24;-0,06;0,76
14,896;-0,46;-0,21;0,77
14,897;-0,48;-0,24;0,73
14,898;-0,30;-0,21;0,58
14,899;-0,08;-0,02;0,26
14,907;0,07;0,14;-0,13
14,912;0,26;0,28;-0,58
14,933;0,44;0,41;-0,75
14,936;0,49;0,45;-0,62
14,944;0,36;0,34;-0,36
14,983;0,22;0,25;-0,02
14,985;0,01;0,04;0,29
14,986;-0,17;-0,10;0,54
14,987;-0,23;-0,19;0,65
14,995;-0,22;-0,18;0,69
15,004;-0,12;-0,12;0,66
15,012;-0,05;-0,03;0,53
15,027;-0,02;0,02;0,39
15,032;0,04;0,14;0,11
15,078;0,08;0,20;-0,23
15,079;0,00;0,22;-0,52
15,080;-0,11;0,19;-0,60
15,081;-0,17;0,11;-0,42
15,084;-0,22;0,04;-0,04
15,092;-0,28;-0,06;0,31
15,112;-0,22;-0,08;0,47
15,114;-0,06;-0,06;0,43
15,164;0,05;-0,03;0,38
15,166;0,12;0,00;0,35
15,167;0,13;0,02;0,35
15,168;0,08;0,04;0,27
15,169;0,00;0,03;0,12
15,176;-0,08;-0,00;0,02
15,184;-0,09;0,02;0,00
15,192;-0,04;0,05;-0,02
15,220;-0,04;0,04;-0,09
15,222;-0,13;0,00;-0,16
15,224;-0,21;-0,00;-0,28
15,233;-0,25;-0,06;-0,32
15,273;-0,22;-0,09;-0,35
15,275;-0,12;-0,11;-0,24
15,276;0,00;-0,16;-0,16
15,277;0,04;-0,18;0,02
15,283;0,04;-0,07;0,23
15,292;-0,01;0,05;0,31
15,304;-0,09;0,13;0,21
15,312;-0,19;0,11;0,04
15,362;-0,25;0,07;-0,11
15,364;-0,17;0,08;-0,03
15,365;-0,18;0,12;0,08
15,366;-0,20;0,05;0,13
15,367;-0,21;-0,11;0,23
15,375;-0,25;-0,25;0,28
15,384;-0,29;-0,26;0,50
15,393;-0,27;-0,23;0,57
15,404;-0,20;-0,21;0,37
15,415;-0,13;-0,06;0,02
15,464;-0,04;0,24;-0,42
15,466;0,08;0,45;-0,74
15,467;0,22;0,59;-0,83
15,468;0,25;0,58;-0,58
15,468;0,26;0,41;0,06
15,476;0,33;0,16;0,44
15,484;0,30;-0,09;0,73
15,492;0,20;-0,21;0,62
15,503;-0,37;-0,25;-1,54
15,512;-1,00;0,20;-2,72
15,562;-0,39;0,70;-1,76
15,563;0,01;0,73;0,32
15,563;0,39;0,41;2,43
15,564;0,47;0,13;3,00
15,564;0,22;-0,03;2,78
15,574;-0,06;-0,11;2,37
15,589;-0,25;-0,28;1,00
15,606;-0,29;-0,44;-0,48
15,607;-0,41;-0,36;-1,69
15,623;-0,24;0,11;-2,23
15,624;0,25;0,60;-2,10
15,674;0,66;0,81;-1,52
15,675;0,99;0,74;-0,83
15,676;1,15;0,52;-0,26
15,677;1,09;0,28;-0,03
15,678;0,75;0,12;0,12
15,685;0,32;0,03;0,51
