0,003;-0,01;-0,06;-0,67
0,013;0,21;0,07;-0,23
0,024;0,48;0,26;0,26
0,036;0,59;0,28;0,50
0,044;0,56;0,26;0,51
0,073;0,45;0,20;0,49
0,074;0,27;0,11;0,42
0,074;0,09;0,06;0,28
0,101;0,03;0,01;0,29
0,102;-0,09;-0,01;0,27
0,118;-0,17;-0,08;0,24
0,119;-0,17;-0,12;0,08
0,140;-0,10;-0,11;0,03
0,141;0,04;-0,05;0,06
0,171;0,15;0,04;0,11
0,173;0,21;0,15;0,03
0,175;0,23;0,18;-0,08
0,176;0,23;0,18;-0,23
0,186;0,20;0,14;-0,29
0,203;0,08;0,09;-0,11
0,204;-0,02;0,00;0,12
0,218;-0,11;-0,08;0,19
0,235;-0,16;-0,13;0,26
0,237;-0,12;-0,14;0,25
0,271;-0,08;-0,13;0,19
0,274;-0,02;-0,13;0,10
0,275;0,06;-0,09;0,03
0,276;0,10;-0,04;0,07
0,286;0,14;0,04;0,13
0,303;0,21;0,11;0,11
0,305;0,25;0,17;0,04
0,319;0,18;0,18;-0,09
0,337;0,06;0,13;-0,15
0,338;0,02;0,05;-0,08
0,375;-0,04;-0,05;0,02
0,377;-0,09;-0,10;0,21
0,378;-0,09;-0,12;0,38
0,379;-0,12;-0,17;0,38
0,387;-0,13;-0,17;0,26
0,404;-0,10;-0,16;0,06
0,406;-0,09;-0,12;-0,15
0,420;-0,07;-0,08;-0,20
0,440;-0,02;-0,00;-0,09
0,441;0,06;0,04;0,00
0,472;0,05;0,03;0,03
0,473;-0,02;0,01;0,07
0,475;-0,08;-0,02;0,08
0,476;-0,13;-0,06;0,05
0,487;-0,12;-0,09;-0,02
0,504;-0,13;-0,06;0,02
0,506;-0,07;-0,02;0,16
0,521;0,01;0,01;0,17
0,537;0,02;0,04;0,20
0,539;0,04;0,08;0,25
0,573;0,10;0,12;0,28
0,574;0,16;0,12;0,28
0,576;0,14;0,07;0,17
0,577;0,07;-0,05;-0,08
0,587;0,07;-0,13;-0,27
0,604;0,04;-0,16;-0,32
0,606;0,04;-0,12;-0,28
0,614;0,02;-0,03;-0,15
0,625;0,05;-0,02;-0,09
0,633;0,03;-0,05;-0,10
0,655;-0,02;-0,02;-0,14
0,658;-0,02;0,01;-0,05
0,664;-0,00;0,05;0,03
0,708;0,07;0,08;0,09
0,710;0,03;0,09;0,12
0,711;0,03;0,06;0,14
0,712;0,01;0,06;0,12
0,713;0,05;0,10;0,08
0,724;0,07;0,15;0,07
0,733;0,08;0,19;0,00
0,749;0,09;0,22;-0,08
0,756;0,04;0,21;-0,08
0,797;-0,01;0,15;0,05
0,799;-0,06;0,06;0,20
0,800;-0,09;-0,03;0,35
0,801;-0,15;-0,07;0,51
0,804;-0,21;-0,11;0,60
0,813;-0,32;-0,19;0,47
0,831;-0,42;-0,27;0,21
0,836;-0,38;-0,28;-0,03
0,884;-0,23;-0,22;-0,15
0,886;-0,11;-0,09;-0,05
0,888;0,04;0,03;0,04
0,889;0,16;0,06;0,06
0,890;0,10;0,02;-0,06
0,895;0,02;-0,04;-0,13
0,905;0,01;-0,05;-0,10
0,913;0,04;-0,02;-0,02
0,932;0,00;-0,00;0,14
0,934;-0,03;-0,01;0,31
0,955;0,00;-0,02;0,42
0,958;-0,03;-0,02;0,40
0,964;-0,11;-0,04;0,33
0,973;-0,12;-0,06;0,14
0,984;-0,06;-0,08;-0,13
0,993;-0,01;-0,00;-0,34
1,004;0,09;0,07;-0,30
1,014;0,19;0,18;-0,02
1,037;0,20;0,14;0,20
1,039;0,10;0,05;0,24
1,087;-0,06;-0,06;0,27
1,089;-0,16;-0,13;0,32
1,090;-0,22;-0,14;0,31
1,092;-0,22;-0,12;0,31
1,093;-0,16;-0,10;0,18
1,094;-0,05;-0,00;0,05
1,104;0,02;0,11;-0,08
1,115;0,13;0,17;-0,17
1,159;0,20;0,22;-0,16
1,161;0,18;0,21;-0,10
1,162;0,14;0,18;-0,00
1,163;0,08;0,16;0,11
1,164;0,05;0,12;0,20
1,173;0,03;0,05;0,22
1,183;0,02;0,03;0,20
1,193;0,03;-0,03;0,25
1,204;0,07;-0,04;0,26
1,213;0,13;-0,02;0,15
1,238;0,17;0,03;0,13
1,242;0,15;0,07;0,08
1,311;0,10;0,02;0,04
1,313;-0,00;-0,04;-0,04
1,314;-0,09;-0,13;-0,10
1,315;-0,11;-0,16;-0,10
1,316;-0,07;-0,13;0,02
1,318;-0,07;-0,09;0,12
1,320;-0,03;-0,05;0,14
1,321;-0,03;-0,05;0,14
1,323;-0,03;-0,05;0,12
1,325;0,07;0,01;0,07
1,333;0,15;0,05;0,12
1,352;0,19;0,09;0,22
1,354;0,21;0,08;0,12
1,391;0,11;-0,00;-0,05
1,393;-0,05;-0,05;-0,20
1,394;-0,21;-0,14;-0,23
1,395;-0,27;-0,16;-0,14
1,404;-0,26;-0,12;0,07
1,413;-0,26;-0,10;0,30
1,424;-0,25;-0,08;0,34
1,434;-0,24;-0,10;0,19
1,459;-0,17;-0,08;0,08
1,463;-0,11;-0,04;0,09
1,466;0,07;0,07;0,19
1,474;0,20;0,18;0,25
1,486;0,22;0,21;0,17
1,497;0,18;0,20;-0,02
1,505;0,11;0,10;-0,11
1,515;0,03;0,04;-0,15
1,525;-0,04;-0,06;-0,12
1,550;-0,10;-0,12;-0,06
1,553;-0,12;-0,12;0,00
1,555;-0,12;-0,12;0,00
1,593;-0,01;-0,05;0,08
1,595;0,07;0,01;0,11
1,596;0,13;0,04;0,01
1,597;0,15;0,04;-0,16
1,604;0,09;-0,02;-0,34
1,613;0,04;-0,04;-0,40
1,624;-0,03;-0,08;-0,22
1,642;-0,03;-0,10;-0,02
1,654;-0,05;-0,11;0,06
1,655;-0,05;-0,11;0,06
1,687;-0,08;-0,16;-0,02
1,689;-0,09;-0,17;-0,01
1,691;-0,02;-0,18;-0,06
1,693;0,02;-0,16;-0,05
1,704;-0,06;-0,12;-0,01
1,722;-0,08;-0,08;0,05
1,726;-0,07;-0,04;0,11
1,752;-0,05;0,04;0,17
1,755;-0,01;0,06;0,17
1,757;0,08;0,12;0,16
1,766;0,19;0,22;0,13
1,773;0,32;0,33;0,16
1,785;0,41;0,43;0,33
1,795;0,50;0,53;0,58
1,805;0,61;0,57;0,67
1,827;0,60;0,49;0,55
1,833;0,43;0,35;0,41
1,835;0,28;0,20;0,25
1,884;0,15;0,09;0,24
1,886;0,07;0,01;0,29
1,887;0,04;-0,04;0,31
1,888;-0,01;-0,07;0,23
1,889;-0,04;-0,08;0,13
1,893;-0,07;-0,08;0,08
1,904;-0,07;-0,12;0,08
1,928;-0,02;-0,17;-0,00
1,931;-0,01;-0,17;0,04
1,933;-0,07;-0,22;0,06
1,944;-0,17;-0,26;-0,06
1,956;-0,39;-0,37;-0,15
1,966;-0,58;-0,54;-0,32
1,973;-0,74;-0,64;-0,43
1,985;-0,80;-0,69;-0,39
1,993;-0,74;-0,60;-0,22
2,004;-0,55;-0,45;-0,04
2,026;-0,31;-0,18;0,17
2,030;0,03;0,07;0,20
2,034;0,05;0,09;0,20
2,045;0,52;0,43;0,03
2,083;0,49;0,44;-0,04
2,086;0,41;0,44;-0,01
2,087;0,34;0,37;0,11
2,088;0,30;0,31;0,20
2,094;0,28;0,23;0,24
2,104;0,24;0,23;0,25
2,113;0,20;0,23;0,20
2,124;0,17;0,17;0,17
2,141;0,15;0,15;0,18
2,144;0,13;0,11;0,07
2,178;0,09;0,10;-0,09
2,180;0,07;0,07;-0,19
2,181;0,02;0,05;-0,35
2,187;0,07;0,06;-0,33
2,193;0,12;0,09;-0,18
2,205;0,09;0,06;0,05
2,213;-0,01;0,02;0,20
2,223;-0,06;-0,09;0,35
2,245;-0,17;-0,17;0,47
2,247;-0,29;-0,22;0,57
2,254;-0,33;-0,25;0,49
2,268;-0,30;-0,23;0,49
2,274;-0,26;-0,16;0,12
2,286;-0,15;-0,05;-0,08
2,295;-0,04;0,03;-0,19
2,304;0,08;0,06;-0,25
2,314;0,09;0,07;-0,13
2,330;0,03;0,01;0,02
2,336;-0,05;-0,06;0,12
2,386;-0,11;-0,12;0,18
2,387;-0,15;-0,16;0,21
2,389;-0,10;-0,14;0,32
2,390;-0,05;-0,12;0,37
2,391;-0,07;-0,09;0,39
2,400;-0,07;-0,09;0,27
2,417;-0,01;-0,06;0,11
2,419;0,03;-0,02;-0,04
2,424;0,10;0,06;-0,09
2,447;0,18;0,11;-0,21
2,450;0,19;0,19;-0,32
2,497;0,19;0,19;-0,30
2,498;0,16;0,17;-0,29
2,499;0,14;0,14;-0,18
2,500;0,09;0,09;0,03
2,501;0,03;0,04;0,29
2,507;-0,00;-0,01;0,47
2,513;0,00;-0,00;0,52
2,524;0,01;-0,04;0,38
2,533;-0,02;-0,06;0,16
2,544;-0,06;-0,04;0,02
2,581;0,01;0,01;-0,03
2,585;0,07;0,02;-0,17
2,586;0,10;0,06;-0,27
2,588;0,15;0,10;-0,33
2,593;0,11;0,10;-0,26
2,605;0,00;0,01;-0,16
2,613;-0,10;-0,09;-0,09
2,625;-0,19;-0,14;0,01
2,634;-0,26;-0,18;0,16
2,644;-0,29;-0,18;0,28
2,655;-0,28;-0,16;0,36
2,666;-0,20;-0,14;0,36
2,675;-0,09;-0,07;0,39
2,686;-0,02;0,03;0,35
2,694;0,13;0,11;0,29
2,705;0,21;0,15;0,25
2,714;0,21;0,17;0,13
2,724;0,17;0,13;-0,03
2,733;0,14;0,09;-0,06
2,768;0,09;0,07;0,12
2,769;0,03;0,03;0,31
2,769;-0,01;-0,01;0,46
2,773;-0,00;-0,02;0,49
2,784;-0,03;-0,05;0,42
2,793;-0,09;-0,07;0,21
2,805;-0,07;-0,04;-0,00
2,814;-0,04;0,01;-0,15
2,825;0,01;0,04;-0,29
2,834;0,05;0,02;-0,33
2,851;0,03;0,03;-0,31
2,856;0,08;0,04;-0,27
2,865;0,07;0,02;-0,16
2,897;0,01;0,01;-0,01
2,899;-0,06;-0,01;0,17
2,900;-0,06;-0,03;0,18
2,906;-0,06;-0,01;0,09
2,913;-0,03;0,01;-0,03
2,925;-0,01;0,05;0,03
2,935;-0,01;0,05;0,09
2,958;-0,02;0,03;0,24
2,962;-0,03;0,01;0,30
3,008;-0,02;0,01;0,27
3,009;-0,02;0,01;0,27
3,011;-0,01;0,03;0,09
3,012;-0,02;0,02;0,04
3,013;0,00;0,03;-0,03
3,014;-0,00;-0,01;-0,08
3,024;0,01;-0,02;-0,09
3,033;0,06;-0,04;-0,01
3,045;0,09;-0,04;0,02
3,082;0,13;-0,08;0,07
3,085;0,10;-0,08;-0,03
3,086;-0,01;-0,08;-0,10
3,087;-0,13;-0,09;-0,13
3,093;-0,19;-0,09;-0,06
3,106;-0,24;-0,16;0,16
3,113;-0,24;-0,17;0,30
3,125;-0,19;-0,14;0,44
3,133;-0,04;-0,01;0,48
3,147;0,06;0,09;0,44
3,153;0,15;0,17;0,27
3,203;0,11;0,20;0,09
3,205;0,17;0,21;-0,00
3,206;0,21;0,22;-0,03
3,207;0,26;0,23;0,01
3,208;0,30;0,20;-0,07
3,213;0,24;0,14;-0,21
3,226;0,08;0,05;-0,35
3,233;-0,08;-0,04;-0,38
3,246;-0,25;-0,17;-0,27
3,253;-0,30;-0,27;-0,03
3,282;-0,23;-0,29;0,27
3,284;-0,16;-0,25;0,41
3,285;-0,08;-0,22;0,39
3,293;-0,01;-0,18;0,40
3,304;0,12;-0,04;0,38
3,313;0,23;0,03;0,33
3,333;0,24;0,05;0,16
3,336;0,26;0,10;-0,05
3,384;0,31;0,21;-0,14
3,386;0,36;0,34;-0,12
3,388;0,39;0,35;-0,10
3,389;0,37;0,33;-0,05
3,391;0,28;0,27;0,11
3,395;0,17;0,19;0,20
3,404;0,02;0,07;0,27
3,413;-0,09;-0,03;0,24
3,439;-0,21;-0,08;0,11
3,444;-0,27;-0,10;0,03
3,446;-0,26;-0,15;-0,06
3,453;-0,20;-0,11;-0,09
3,479;-0,19;-0,09;0,02
3,479;-0,13;-0,09;0,08
3,484;-0,10;-0,07;0,16
3,493;-0,08;-0,05;0,15
3,504;-0,12;-0,05;-0,02
3,513;-0,17;-0,08;-0,15
3,527;-0,21;-0,10;-0,17
3,533;-0,19;-0,10;-0,12
3,563;-0,11;-0,09;-0,13
3,564;-0,05;-0,02;-0,09
3,564;-0,03;0,01;-0,01
3,573;-0,01;0,03;0,11
3,584;0,02;0,04;0,21
3,597;0,03;0,04;0,32
3,606;-0,02;0,01;0,33
3,615;-0,10;-0,03;0,20
3,625;-0,09;-0,03;0,20
3,646;-0,15;-0,05;0,08
3,650;-0,12;-0,05;0,12
3,653;-0,11;0,00;0,29
3,695;-0,05;0,05;0,34
3,698;0,04;0,06;0,35
3,699;0,03;0,07;0,39
3,700;-0,02;0,04;0,19
3,704;0,03;0,02;-0,03
3,714;0,07;0,05;-0,28
3,724;0,10;0,09;-0,22
3,737;0,13;0,09;-0,12
3,777;0,17;0,07;-0,02
3,779;0,14;0,06;0,03
3,780;0,07;0,06;0,02
3,781;-0,02;0,01;-0,12
3,784;-0,09;-0,02;-0,20
3,796;-0,12;-0,01;-0,10
3,804;-0,09;0,02;0,10
3,813;-0,06;0,02;0,27
3,825;-0,00;0,05;0,23
3,837;-0,01;0,03;0,16
3,893;-0,02;-0,00;0,14
3,895;-0,02;-0,03;0,02
3,896;-0,04;-0,03;-0,00
3,897;-0,01;-0,03;-0,06
3,899;0,08;0,04;-0,10
3,900;0,19;0,09;-0,04
3,905;0,19;0,15;0,14
3,914;0,21;0,12;0,18
3,924;0,13;0,05;0,30
3,935;0,04;0,04;0,33
3,977;-0,05;-0,01;0,39
3,979;-0,09;-0,03;0,37
3,981;-0,08;-0,03;0,28
3,982;-0,07;-0,02;0,18
3,985;-0,08;-0,01;0,20
3,995;-0,09;-0,00;0,21
4,005;-0,10;-0,01;0,15
4,014;-0,14;-0,04;0,08
4,024;-0,14;-0,04;0,04
4,050;-0,04;0,00;0,06
4,053;0,04;0,05;0,03
4,095;0,07;0,09;0,00
4,098;0,07;0,09;0,00
4,100;0,07;0,04;-0,04
4,102;0,02;0,01;0,05
4,105;-0,03;-0,03;0,15
4,107;-0,04;-0,06;0,20
4,108;-0,04;-0,08;0,24
4,114;-0,05;-0,07;0,14
4,124;-0,00;-0,02;0,05
4,140;0,04;0,01;-0,04
4,189;0,05;0,03;-0,09
4,191;0,07;0,04;-0,07
4,193;0,10;0,06;0,13
4,195;0,06;0,06;0,23
4,197;-0,02;0,02;0,18
4,198;-0,07;-0,02;0,06
4,205;-0,12;-0,04;-0,16
4,224;-0,09;-0,01;-0,25
4,227;-0,02;0,02;-0,04
4,282;0,08;0,10;0,22
4,284;0,13;0,11;0,43
4,286;0,05;0,07;0,39
4,287;-0,04;-0,01;0,23
4,288;-0,12;-0,06;0,04
4,290;-0,12;-0,06;0,04
4,293;0,00;-0,03;-0,02
4,304;0,09;0,02;0,01
4,321;0,15;0,02;-0,01
4,324;0,12;0,01;-0,07
4,349;0,03;-0,01;-0,16
4,351;-0,07;-0,04;-0,17
4,355;-0,12;-0,07;-0,03
4,366;-0,17;-0,10;0,14
4,374;-0,19;-0,12;0,17
4,386;-0,19;-0,11;0,07
4,393;-0,17;-0,12;-0,05
4,405;-0,12;-0,04;-0,13
4,426;-0,03;-0,00;-0,16
4,430;0,03;0,08;-0,12
4,501;0,04;0,08;0,01
4,503;0,01;0,05;0,08
4,504;-0,01;0,04;0,14
4,505;0,00;0,03;0,12
4,506;0,06;0,01;0,03
4,507;0,12;0,07;0,00
4,508;0,18;0,12;0,03
4,509;0,17;0,10;0,02
4,513;0,12;0,08;0,05
4,524;-0,00;0,03;0,12
4,538;-0,05;-0,01;0,16
4,545;-0,06;-0,06;0,15
4,562;-0,10;-0,07;0,12
4,564;-0,09;-0,07;0,11
4,579;-0,11;-0,09;0,05
4,584;-0,13;-0,09;0,03
4,593;-0,08;-0,03;0,05
4,604;-0,00;0,02;0,12
4,613;0,09;0,05;0,17
4,626;0,12;0,12;0,17
4,648;0,12;0,17;0,09
4,650;0,12;0,17;0,09
4,651;0,12;0,20;-0,00
4,653;0,13;0,21;-0,08
4,664;0,18;0,23;-0,13
4,673;0,20;0,23;-0,07
4,683;0,22;0,19;0,01
4,692;0,14;0,12;0,09
4,703;0,04;0,09;0,20
4,713;-0,05;-0,00;0,32
4,725;-0,25;-0,23;0,28
4,743;-0,33;-0,26;0,22
4,746;-0,36;-0,30;0,15
4,809;-0,25;-0,24;-0,01
4,812;-0,12;-0,15;0,02
4,814;0,01;-0,04;0,12
4,816;0,09;-0,00;0,22
4,818;0,08;0,03;0,25
4,820;0,09;-0,02;0,19
4,822;0,09;0,02;0,08
4,827;0,10;0,05;0,04
4,849;0,22;0,11;0,02
4,853;0,37;0,20;0,06
4,854;0,48;0,28;0,02
4,865;0,47;0,25;-0,10
4,888;0,38;0,22;-0,20
4,890;0,27;0,18;-0,27
4,893;0,11;0,14;-0,18
4,904;-0,02;0,06;-0,16
4,913;-0,12;-0,02;-0,18
4,924;-0,24;-0,11;-0,14
4,933;-0,32;-0,20;-0,07
4,944;-0,38;-0,23;-0,03
4,991;-0,38;-0,25;-0,08
4,993;-0,32;-0,23;0,06
4,994;-0,28;-0,20;0,30
4,995;-0,25;-0,18;0,45
4,996;-0,25;-0,18;0,43
5,004;-0,18;-0,14;0,35
5,013;-0,18;-0,08;0,21
5,024;-0,16;-0,04;0,09
5,041;-0,11;-0,08;0,02
5,044;-0,02;-0,04;0,09
5,073;0,01;0,04;0,28
5,075;-0,00;0,08;0,31
5,076;-0,02;0,07;0,14
5,085;0,01;0,04;-0,11
5,093;0,02;0,09;-0,30
5,104;-0,00;0,10;-0,31
5,113;-0,01;0,12;-0,17
5,124;-0,03;0,09;0,13
5,133;-0,02;0,07;0,36
5,144;-0,04;-0,02;0,44
5,208;-0,10;-0,07;0,27
5,210;-0,10;-0,05;0,17
5,212;-0,04;-0,02;0,13
5,213;0,02;0,03;0,04
5,214;0,06;0,06;0,03
5,215;0,11;0,07;0,02
5,217;0,14;0,11;0,07
5,224;0,12;0,10;0,23
5,233;0,12;0,07;0,37
5,251;0,14;0,05;0,37
5,253;0,13;0,05;0,37
5,265;0,11;0,06;0,21
5,273;0,18;0,10;0,11
5,285;0,20;0,13;0,06
5,293;0,17;0,16;0,01
5,304;0,13;0,14;-0,06
5,313;0,10;0,12;0,06
5,324;0,07;0,11;0,24
5,335;0,07;0,04;0,37
5,350;0,05;-0,01;0,31
5,357;-0,02;-0,02;0,20
5,401;-0,06;-0,04;0,01
5,404;-0,09;-0,01;-0,21
5,406;-0,06;-0,00;-0,25
5,407;0,00;0,01;-0,10
5,408;0,01;0,03;0,04
5,413;-0,01;0,01;0,14
5,424;-0,02;-0,03;0,23
5,433;-0,01;-0,05;0,36
5,444;-0,03;-0,08;0,35
5,466;-0,06;-0,12;0,32
5,468;-0,05;-0,11;0,16
5,487;-0,01;-0,10;-0,05
5,490;-0,01;-0,04;-0,20
5,493;0,01;-0,00;-0,19
5,505;-0,01;0,02;-0,18
5,513;-0,08;-0,01;-0,15
5,525;-0,14;-0,04;-0,18
5,534;-0,20;-0,06;-0,06
5,555;-0,16;-0,09;0,04
5,558;-0,11;-0,10;0,22
5,566;-0,03;-0,08;0,35
5,601;0,03;-0,04;0,41
5,604;0,03;-0,05;0,27
5,605;0,04;-0,03;0,08
5,606;0,03;0,03;-0,04
5,614;0,04;0,07;-0,11
5,631;0,09;0,06;-0,12
5,633;0,13;0,11;-0,10
5,645;0,14;0,16;-0,03
5,653;0,12;0,16;0,01
5,667;0,07;0,09;0,18
5,675;0,00;0,04;0,23
5,683;-0,03;-0,02;0,20
5,693;-0,03;-0,04;0,06
5,703;-0,03;-0,04;-0,05
5,713;-0,05;-0,02;-0,02
5,726;-0,05;-0,04;-0,03
5,734;-0,06;-0,08;-0,05
5,800;-0,09;-0,10;-0,10
5,801;-0,11;-0,10;-0,28
5,801;-0,10;-0,08;-0,37
5,802;-0,07;-0,01;-0,33
5,802;0,01;0,04;-0,20
5,802;0,08;0,05;-0,04
5,805;0,11;0,09;0,12
5,813;0,09;0,07;0,22
5,831;0,03;0,04;0,23
5,833;-0,00;-0,03;0,16
5,867;-0,02;-0,02;0,18
5,869;0,04;0,03;0,18
5,870;0,06;0,10;0,15
5,876;0,07;0,11;0,05
5,884;0,02;0,09;-0,08
5,893;-0,07;0,05;-0,13
5,904;-0,14;-0,01;-0,06
5,914;-0,20;-0,05;0,15
5,944;-0,18;-0,08;0,38
5,947;-0,14;-0,09;0,54
5,949;-0,13;-0,07;0,46
5,954;-0,15;-0,05;0,25
6,004;-0,13;-0,01;0,07
6,006;-0,06;0,04;0,04
6,008;0,05;0,10;0,13
6,009;0,10;0,14;0,23
6,012;0,14;0,16;0,28
6,016;0,18;0,12;0,16
6,027;0,17;0,15;0,06
6,033;0,16;0,15;0,07
6,057;0,14;0,16;0,12
6,060;0,17;0,12;0,07
6,064;0,16;0,10;0,11
6,073;0,12;0,07;0,05
6,084;0,05;0,04;-0,03
6,095;-0,04;0,00;-0,02
6,104;-0,09;-0,03;0,03
6,113;-0,13;-0,06;0,04
6,124;-0,18;-0,09;0,04
6,133;-0,13;-0,08;0,01
6,171;-0,06;-0,07;-0,02
6,173;0,05;-0,02;-0,05
6,174;0,05;0,03;-0,04
6,175;0,03;0,06;0,02
6,185;-0,03;0,00;0,01
6,194;-0,10;-0,02;-0,08
6,204;-0,10;0,01;-0,12
6,213;-0,09;0,03;-0,06
6,225;-0,02;0,07;0,06
6,243;0,03;0,07;0,17
6,246;0,03;0,07;0,17
6,252;0,02;0,08;0,23
6,306;-0,03;0,06;0,07
6,307;-0,04;0,00;-0,04
6,308;-0,03;0,01;-0,03
6,311;0,03;0,02;-0,06
6,313;0,05;0,04;-0,09
6,315;0,06;0,07;-0,15
6,324;0,11;0,08;-0,16
6,336;0,16;0,09;-0,10
6,371;0,14;-0,02;0,06
6,374;0,12;-0,04;0,06
6,376;0,07;-0,03;0,08
6,377;0,06;0,00;0,03
6,386;0,08;0,00;0,01
6,398;0,09;0,05;0,03
6,405;0,11;0,06;0,15
6,414;0,08;0,05;0,28
6,424;0,03;0,04;0,33
6,436;-0,01;0,04;0,24
6,491;-0,08;0,05;0,04
6,493;-0,14;0,05;-0,17
6,494;-0,15;0,13;-0,38
6,495;-0,14;0,15;-0,71
6,496;-0,06;0,18;-0,98
6,497;0,02;0,25;-0,96
6,504;0,04;0,29;-0,61
6,513;0,05;0,28;-0,13
6,525;-0,04;0,14;0,28
6,533;-0,17;0,06;0,31
6,544;-0,41;-0,06;0,24
6,557;-0,58;-0,14;0,11
6,619;-0,63;-0,15;-0,00
6,620;-0,56;-0,07;0,13
6,621;-0,41;-0,01;0,12
6,622;-0,39;0,02;0,07
6,624;-0,44;0,07;0,22
6,628;-0,45;-0,03;0,09
6,630;-0,46;-0,09;0,04
6,633;-0,41;-0,08;0,04
6,646;-0,27;-0,03;0,15
6,658;-0,16;0,05;0,18
6,699;-0,06;0,12;0,04
6,701;0,07;0,11;-0,12
6,702;0,15;0,10;-0,29
6,704;0,20;0,12;-0,30
6,705;0,23;0,11;-0,17
6,714;0,31;0,12;0,23
6,724;0,45;0,14;0,50
6,735;0,49;0,15;0,52
6,745;0,53;0,16;0,35
6,760;0,59;0,23;0,23
6,766;0,63;0,31;0,15
6,774;0,64;0,34;0,17
6,815;0,63;0,36;0,28
6,817;0,69;0,36;0,36
6,818;0,70;0,33;0,28
6,819;0,66;0,35;0,23
6,824;0,54;0,36;0,09
6,834;0,40;0,35;-0,14
6,845;0,30;0,39;-0,35
6,858;0,26;0,39;-0,51
6,893;0,24;0,40;-0,51
6,895;0,24;0,44;-0,38
6,897;0,27;0,47;-0,25
6,898;0,37;0,55;-0,09
6,904;0,47;0,60;0,06
6,913;0,52;0,56;0,17
6,924;0,47;0,43;0,20
6,943;0,29;0,30;0,14
6,945;0,04;0,17;-0,10
6,973;-0,16;0,10;-0,43
6,974;-0,33;0,15;-0,65
6,974;-0,36;0,22;-0,85
6,984;-0,35;0,25;-0,99
6,993;-0,35;0,28;-0,94
7,004;-0,32;0,30;-0,82
7,013;-0,27;0,24;-0,66
7,024;-0,21;0,23;-0,57
7,041;-0,05;0,25;-0,50
7,045;0,07;0,30;-0,48
7,083;0,16;0,38;-0,44
7,085;0,23;0,43;-0,44
7,086;0,24;0,45;-0,46
7,087;0,15;0,44;-0,41
7,093;0,02;0,34;-0,43
7,104;-0,15;0,17;-0,35
7,113;-0,32;0,01;-0,17
7,124;-0,49;-0,12;0,14
7,140;-0,62;-0,15;0,36
7,144;-0,73;-0,12;0,36
7,169;-0,68;0,02;0,25
7,171;-0,57;0,15;0,20
7,174;-0,30;0,37;0,08
7,185;-0,08;0,53;0,03
7,193;0,08;0,59;-0,17
7,204;0,14;0,61;-0,22
7,213;0,17;0,66;-0,10
7,224;0,17;0,66;0,06
7,243;0,15;0,68;0,41
7,247;0,19;0,68;0,60
7,249;0,19;0,68;0,60
7,307;0,18;0,67;0,62
7,309;0,16;0,73;0,59
7,310;0,15;0,74;0,65
7,312;0,12;0,68;0,95
7,313;0,09;0,59;1,43
7,314;0,12;0,50;2,07
7,316;0,12;0,41;2,83
7,324;0,09;0,29;3,36
7,349;-0,00;0,19;3,83
7,352;-0,09;0,09;4,13
7,353;-0,09;0,09;4,13
7,355;-0,16;0,02;3,77
7,363;-0,19;-0,07;2,77
7,373;-0,23;-0,08;1,83
7,384;-0,17;-0,06;1,22
7,393;-0,01;-0,02;1,12
7,403;0,01;0,02;1,36
7,412;-0,05;-0,01;1,56
7,425;-0,15;-0,10;1,53
7,454;-0,31;-0,21;1,44
7,458;-0,31;-0,21;1,44
7,461;-0,39;-0,35;1,30
7,465;-0,30;-0,59;1,38
7,467;-0,07;-0,83;1,79
7,529;0,03;-1,08;2,46
7,531;-0,03;-1,19;2,91
7,533;-0,34;-1,15;2,95
7,534;-0,69;-1,14;2,49
7,535;-0,85;-1,28;1,62
7,537;-0,85;-1,37;0,80
7,538;-0,85;-1,34;0,22
7,544;-0,68;-1,22;0,06
7,559;-0,36;-0,96;0,40
7,564;0,01;-0,70;0,85
7,590;0,39;-0,52;1,10
7,596;0,75;-0,36;1,05
7,597;0,91;-0,22;0,71
7,606;0,95;-0,12;0,16
7,613;0,81;-0,12;-0,42
7,624;0,63;-0,20;-1,26
7,633;0,48;-0,29;-2,07
7,649;0,33;-0,32;-2,76
7,652;0,33;-0,32;-2,76
7,653;0,15;-0,24;-3,16
7,680;-0,04;-0,09;-3,13
7,682;-0,21;0,06;-2,59
7,684;-0,30;0,14;-2,02
7,693;-0,31;0,12;-1,73
7,704;-0,18;0,06;-1,84
7,713;-0,08;0,11;-1,98
7,725;-0,01;0,27;-1,99
7,735;0,05;0,39;-1,95
7,751;0,13;0,39;-1,92
7,754;0,05;0,42;-1,79
7,765;-0,06;0,38;-1,81
7,821;-0,09;0,30;-1,98
7,824;-0,12;0,23;-2,02
7,825;-0,07;0,25;-1,82
7,826;-0,05;0,22;-1,50
7,829;-0,02;0,25;-0,98
7,830;-0,17;0,36;-0,08
7,834;-0,26;0,40;0,98
7,844;-0,25;0,32;1,78
7,873;-0,09;0,13;2,18
7,876;-0,02;-0,15;1,99
7,877;0,03;-0,32;1,64
7,884;0,15;-0,31;1,54
7,909;0,36;-0,29;1,45
7,911;0,51;-0,23;1,30
7,913;0,55;-0,18;1,40
7,925;0,39;-0,10;1,84
7,933;0,12;-0,03;2,25
7,946;-0,04;0,04;2,12
7,983;-0,09;0,09;1,58
7,985;-0,03;0,05;0,83
7,987;0,10;0,01;0,29
7,988;0,44;0,02;-0,01
7,994;0,92;0,02;0,15
8,006;1,19;-0,20;0,95
8,013;1,09;-0,57;2,24
8,025;0,81;-0,86;3,36
8,034;0,24;-1,32;3,77
8,045;-0,07;-1,46;3,58
8,054;-0,62;-1,78;2,66
8,067;-0,94;-1,73;1,45
8,116;-0,82;-1,24;0,08
8,118;-0,82;-1,24;0,08
8,119;-0,82;-1,24;0,08
8,121;0,41;-0,17;-2,40
8,122;1,02;0,40;-2,71
8,125;1,17;1,07;-1,81
8,126;0,87;1,45;-0,38
8,133;0,44;1,39;0,44
8,147;-0,26;0,79;-0,14
8,154;-0,52;0,54;-0,65
8,174;-0,83;0,27;-1,78
8,175;-0,97;0,30;-2,58
8,184;-0,90;0,49;-2,79
8,193;-0,74;0,62;-2,61
8,204;-0,59;0,51;-2,53
8,213;-0,37;0,41;-2,36
8,224;-0,22;0,38;-2,19
8,233;-0,10;0,42;-2,07
8,248;-0,02;0,52;-1,92
8,253;-0,03;0,49;-1,82
8,305;-0,13;0,36;-1,93
8,307;-0,30;0,21;-1,92
8,309;-0,40;0,09;-1,81
8,311;-0,37;0,08;-1,62
8,314;-0,27;0,33;-1,18
8,315;-0,19;0,39;-0,96
8,326;-0,06;0,60;-0,53
8,333;0,18;0,72;-0,18
8,345;0,43;0,78;0,14
8,354;0,63;0,75;0,58
8,366;0,55;0,66;1,22
8,373;0,15;0,45;1,87
8,410;-0,33;0,02;2,41
8,412;-0,58;-0,55;2,83
8,413;-0,62;-0,96;3,54
8,414;-0,56;-0,99;3,85
8,426;-0,53;-0,77;3,04
8,433;-0,63;-0,41;1,72
8,444;-0,71;-0,15;0,77
8,454;-0,77;-0,05;0,32
8,472;-0,68;-0,03;0,50
8,475;-0,36;-0,15;0,99
8,485;0,12;-0,44;1,45
8,532;0,46;-0,80;1,47
8,535;0,65;-1,14;1,37
8,536;0,94;-1,26;1,54
8,537;1,33;-1,06;2,30
8,538;1,63;-0,55;3,24
8,544;1,50;-0,29;3,78
8,553;1,12;-0,15;3,70
8,577;0,54;-0,18;2,92
8,577;-0,17;-0,12;1,52
8,584;-0,90;-0,11;0,01
8,593;-1,40;-0,15;-1,16
8,604;-1,29;-0,23;-2,20
8,613;-0,76;-0,30;-3,12
8,624;-0,23;-0,19;-3,50
8,633;0,08;0,10;-2,78
8,645;0,39;0,54;-1,19
8,654;0,66;0,84;0,02
8,668;0,80;0,81;0,39
8,673;0,66;0,51;-0,10
8,685;0,27;0,13;-1,21
8,694;-0,22;-0,03;-2,00
8,704;-0,51;-0,07;-2,34
8,714;-0,52;-0,12;-2,67
8,724;-0,38;-0,25;-2,89
8,734;-0,23;-0,19;-2,45
8,753;-0,20;-0,20;-2,45
8,755;-0,19;-0,03;-0,85
8,810;-0,28;0,06;-0,33
8,813;-0,46;0,12;0,04
8,814;-0,54;0,09;0,21
8,815;-0,45;-0,02;0,18
8,816;-0,40;-0,13;0,22
8,817;-0,28;-0,04;0,38
8,824;-0,03;0,19;0,63
8,833;0,13;0,36;0,64
8,856;0,10;0,36;0,58
8,858;-0,05;0,26;0,54
8,882;0,02;0,10;0,54
8,883;0,23;-0,12;0,61
8,884;0,55;-0,35;0,84
8,893;0,82;-0,37;1,36
8,904;0,82;-0,17;2,10
8,914;0,60;0,13;2,06
8,924;0,49;0,40;0,86
8,933;0,24;0,54;-0,20
8,953;-0,18;0,65;-0,40
8,955;-0,24;0,51;-0,27
9,008;0,22;0,04;0,04
9,010;1,03;-0,61;0,15
9,011;1,65;-1,11;-0,01
9,013;1,79;-0,96;1,01
9,014;1,65;-0,74;2,68
9,015;1,41;-0,69;3,92
9,024;1,16;-0,88;3,93
9,037;0,90;-0,97;3,07
9,066;0,83;-0,89;3,07
9,068;0,25;-0,45;-0,79
9,070;-0,10;-0,28;-2,48
9,074;-0,28;-0,06;-3,49
9,085;-0,54;0,09;-3,74
9,094;-0,94;0,24;-3,11
9,104;-1,21;0,27;-1,92
9,116;-1,14;0,21;-0,78
9,125;-0,91;0,04;-0,30
9,135;-0,79;-0,01;-0,39
9,145;-0,64;0,20;-0,65
9,163;-0,52;0,46;-0,97
9,166;-0,43;0,56;-1,44
9,224;-0,25;0,44;-1,93
9,226;-0,25;0,44;-1,93
9,227;0,02;0,28;-2,09
9,229;-0,15;0,24;-1,90
9,230;-0,38;0,09;-1,60
9,232;-0,36;-0,02;-0,92
9,236;-0,09;0,04;-0,15
9,244;0,14;0,26;0,59
9,256;0,28;0,51;1,13
9,288;0,45;0,68;1,28
9,290;0,47;0,72;0,96
9,291;0,21;0,66;0,74
9,293;-0,11;0,64;0,63
9,304;-0,29;0,59;0,64
9,313;-0,35;0,43;0,67
9,325;-0,27;0,23;1,09
9,340;-0,12;0,04;1,87
9,344;0,10;-0,17;2,67
9,409;0,17;-0,20;3,39
9,411;-0,03;-0,22;3,63
9,414;-0,29;-0,34;3,21
9,415;-0,35;-0,65;2,34
9,417;-0,34;-0,92;1,66
9,420;-0,36;-1,01;1,43
9,422;-0,22;-1,00;1,52
9,426;-0,02;-1,00;1,55
9,434;0,19;-0,90;1,50
9,444;0,35;-0,79;1,31
9,462;0,50;-0,65;1,19
9,508;0,59;-0,44;1,25
9,510;0,60;-0,22;1,31
9,511;0,48;-0,06;1,27
9,512;0,24;0,02;0,98
9,514;-0,09;-0,06;0,43
9,515;-0,38;-0,08;-0,10
9,524;-0,59;-0,02;-0,70
9,540;-0,54;0,00;-0,71
9,546;-0,53;0,05;-2,06
9,575;-0,19;0,15;-2,72
9,581;0,14;0,31;-3,07
9,582;0,40;0,54;-2,93
9,587;0,63;0,84;-2,28
9,589;0,63;0,84;-2,28
9,593;0,72;0,95;-1,31
9,604;0,65;0,80;-0,60
9,613;0,42;0,53;-0,54
9,624;0,11;0,28;-1,07
9,639;-0,16;0,06;-1,88
9,644;-0,28;-0,01;-2,42
9,689;-0,26;0,05;-2,52
9,691;-0,08;0,16;-2,27
9,692;0,11;0,24;-2,01
9,693;0,14;0,20;-1,96
9,694;0,10;0,17;-1,82
9,704;0,13;0,23;-1,37
9,713;0,16;0,27;-0,71
9,724;0,05;0,24;-0,03
9,741;-0,18;0,15;0,41
9,744;-0,38;0,08;0,57
9,780;-0,50;-0,09;0,57
9,782;-0,31;-0,16;0,78
9,783;-0,25;-0,17;1,01
9,784;-0,15;-0,19;1,48
9,793;0,11;-0,16;2,01
9,805;0,33;-0,23;2,55
9,813;0,44;-0,33;2,98
9,824;0,42;-0,38;3,23
9,833;0,42;-0,21;2,85
9,845;0,47;-0,07;2,19
9,901;0,56;0,12;1,73
9,903;0,54;0,51;1,37
9,904;0,41;0,68;0,99
9,905;0,53;0,58;0,66
9,906;0,81;-0,00;0,85
9,907;0,98;-0,89;1,64
9,913;0,90;-1,43;2,46
9,924;0,47;-1,44;3,33
9,933;-0,20;-1,31;3,67
9,945;-0,44;-1,20;2,76
9,976;-0,34;-1,01;2,07
9,978;-0,10;-0,68;0,20
9,979;0,29;-0,45;-1,86
9,984;0,68;-0,16;-3,57
9,993;0,83;0,41;-4,22
10,004;0,58;1,20;-3,69
10,013;0,02;1,74;-2,14
10,024;-0,46;1,64;-0,88
10,033;-0,84;1,01;-0,59
10,047;-1,24;0,34;-1,20
10,109;-1,47;-0,06;-2,17
10,111;-1,58;-0,17;-2,94
10,112;-1,28;-0,07;-3,26
10,114;-0,70;0,24;-2,82
10,115;0,04;0,39;-2,15
10,116;0,77;0,31;-2,12
10,117;1,19;0,35;-1,76
10,125;0,86;0,40;-0,97
10,133;0,13;0,31;-0,17
10,145;-0,66;0,04;0,34
10,184;-1,18;-0,32;0,62
10,186;-1,52;-0,59;0,86
10,187;-1,73;-0,62;1,24
10,188;-1,53;-0,45;1,48
10,193;-0,97;-0,18;1,27
10,205;-0,25;0,17;0,61
10,213;0,25;0,61;0,30
10,225;0,65;0,96;0,27
10,233;0,85;1,13;0,54
10,245;0,77;1,04;1,13
10,279;0,40;0,63;1,88
10,281;0,03;0,15;2,64
10,282;-0,29;-0,18;3,58
10,284;-0,53;-0,32;4,19
10,292;-0,80;-0,46;3,99
10,306;-1,02;-0,64;3,10
10,313;-1,20;-0,65;2,21
10,324;-1,22;-0,53;1,46
10,333;-1,04;-0,34;0,94
10,354;-0,67;-0,26;0,41
10,356;-0,19;-0,18;0,08
10,381;0,29;-0,30;-0,14
10,381;0,29;-0,30;-0,14
10,381;0,72;-0,65;-0,04
10,383;1,19;-0,87;0,54
10,392;1,54;-0,69;1,26
10,403;1,64;-0,40;1,64
10,418;1,52;-0,17;1,43
10,419;1,52;-0,17;1,43
10,423;1,17;0,01;0,70
10,433;0,59;-0,01;-0,55
10,446;0,05;-0,12;-1,84
10,452;-0,20;-0,24;-2,91
10,482;-0,23;-0,23;-3,63
10,484;-0,31;-0,05;-3,73
10,485;-0,50;0,23;-3,32
10,494;-0,79;0,36;-2,44
10,505;-0,96;0,29;-1,88
10,513;-1,01;0,11;-1,95
10,524;-0,93;0,01;-2,60
10,533;-0,83;0,05;-3,02
10,549;-0,66;0,29;-2,86
10,585;-0,28;0,52;-2,30
10,588;0,14;0,62;-1,76
10,589;0,36;0,53;-1,66
10,591;0,23;0,38;-1,76
10,595;-0,04;0,31;-1,68
10,603;-0,19;0,26;-1,30
10,613;-0,31;0,19;-0,69
10,625;-0,44;0,07;0,01
10,633;-0,45;-0,12;0,49
10,648;-0,41;-0,24;0,78
10,652;-0,34;-0,27;0,84
10,689;-0,14;-0,22;0,66
10,691;-0,02;-0,12;0,88
10,693;0,06;-0,13;1,62
10,694;0,15;-0,27;2,52
10,705;0,52;-0,38;3,13
10,713;0,93;-0,36;3,38
10,725;1,18;-0,18;3,30
10,734;1,01;0,17;2,92
10,744;0,58;0,43;2,08
10,753;0,39;0,56;1,03
10,778;0,21;0,67;0,54
10,779;0,13;0,81;0,51
10,784;0,45;0,74;0,74
10,812;1,00;0,13;1,39
10,814;1,40;-0,69;2,10
10,815;1,29;-1,08;2,92
10,827;0,44;-1,02;3,99
10,833;-0,66;-0,80;4,35
10,844;-1,43;-0,47;3,91
10,853;-1,57;0,06;2,53
10,866;-1,29;0,65;0,48
10,873;-0,53;1,07;-1,73
10,898;0,76;1,17;-4,14
10,899;1,76;1,19;-5,82
10,903;1,79;1,29;-5,41
10,913;1,25;1,24;-3,32
10,924;0,91;0,96;-0,94
10,933;0,34;0,48;0,83
10,948;-0,40;-0,16;1,55
10,953;-1,23;-0,93;1,26
10,999;-1,87;-1,55;0,26
11,001;-2,15;-1,80;-1,05
11,002;-2,06;-1,78;-2,35
11,004;-1,59;-1,46;-3,23
11,005;-0,74;-0,99;-3,56
11,013;0,28;-0,53;-3,33
11,025;1,09;-0,11;-2,60
11,033;1,49;0,23;-1,71
11,059;1,40;0,43;-1,01
11,062;1,19;0,41;-0,49
11,064;1,19;0,41;-0,49
11,066;0,86;0,13;-0,39
11,074;0,34;-0,26;-0,22
11,092;-0,22;-0,59;-0,06
11,095;-0,64;-0,67;0,21
11,104;-0,84;-0,46;0,46
11,113;-0,98;-0,14;0,61
11,124;-0,95;0,09;0,61
11,133;-0,83;0,27;0,87
11,159;-0,39;0,42;1,50
11,161;0,41;0,51;2,48
11,164;0,99;0,48;3,35
11,173;1,28;0,34;3,76
11,196;1,28;-0,02;3,51
11,198;0,97;-0,30;2,89
11,205;0,35;-0,31;2,47
11,214;-0,23;-0,10;2,23
11,224;-0,55;0,18;1,87
11,234;-0,74;0,24;1,10
11,253;-0,89;0,23;0,42
11,255;-0,83;0,34;0,09
11,294;-0,51;0,28;-0,03
11,296;0,10;-0,08;0,30
11,298;0,69;-0,60;1,45
11,299;1,04;-0,72;3,02
11,304;1,26;-0,42;4,33
11,315;1,24;-0,30;4,55
11,324;1,17;-0,20;3,54
11,333;0,77;0,05;1,45
11,353;0,24;0,09;-0,80
11,355;0,24;0,09;-0,80
11,356;0,01;-0,01;-2,85
11,377;-0,02;-0,05;-4,50
11,379;-0,07;0,01;-5,31
11,385;-0,30;0,29;-4,96
11,394;-0,73;0,48;-3,29
11,404;-0,76;0,46;-1,34
11,415;-0,70;0,23;-0,21
11,425;-0,71;-0,12;0,08
11,433;-0,79;-0,31;-0,27
11,444;-0,87;-0,30;-1,06
11,454;-0,81;-0,21;-1,89
11,488;-0,70;-0,16;-2,10
11,490;-0,49;-0,09;-2,31
11,491;-0,20;-0,06;-2,38
11,494;0,09;0,02;-2,48
11,504;0,51;0,21;-2,39
11,513;0,85;0,50;-2,14
11,524;0,80;0,65;-1,84
11,533;0,52;0,56;-1,65
11,544;0,13;0,29;-1,46
11,554;-0,25;-0,11;-1,32
11,596;-0,82;-0,63;-0,60
11,598;-0,96;-0,70;-0,22
11,600;-0,95;-0,72;0,66
11,601;-0,53;-0,64;1,58
11,605;0,04;-0,51;2,36
11,614;0,46;-0,53;3,14
11,624;0,66;-0,55;3,76
11,633;0,61;-0,40;4,01
11,644;0,37;-0,05;3,53
11,656;0,27;0,16;2,39
11,711;0,46;0,31;1,43
11,713;0,46;0,31;1,43
11,715;0,52;0,52;1,22
11,716;0,70;0,53;1,63
11,717;1,01;0,14;2,77
11,719;1,22;-0,28;3,52
11,720;0,88;-0,44;3,78
11,724;0,19;-0,41;3,69
11,733;-0,42;-0,30;3,01
11,745;-0,56;-0,16;1,70
11,756;-0,23;0,02;0,20
11,783;0,43;-0,05;-2,06
11,786;0,63;-0,09;-2,68
11,787;0,97;-0,08;-3,17
11,794;0,82;0,22;-2,25
11,806;0,48;0,46;-0,97
11,815;0,36;0,45;-0,95
11,825;-0,11;0,51;1,13
11,844;-0,15;0,49;1,13
11,847;-0,67;0,04;0,96
11,890;-0,71;0,08;-0,38
11,893;-0,81;0,31;-1,99
11,894;-0,80;0,50;-3,34
11,895;-0,86;0,56;-4,33
11,897;-0,86;0,52;-4,81
11,904;-0,95;0,36;-4,50
11,913;-1,00;0,10;-3,26
11,925;-0,82;-0,16;-2,06
11,942;-0,78;-0,35;-1,45
11,944;-0,78;-0,35;-1,45
11,948;-0,81;-0,38;-1,06
11,994;-0,76;-0,33;-0,80
11,996;-0,42;-0,14;-0,96
11,998;-0,03;0,12;-1,24
11,999;0,32;0,43;-1,54
12,001;0,48;0,59;-1,54
12,006;0,50;0,63;-1,06
12,013;0,39;0,69;-0,15
12,024;0,17;0,71;0,67
12,036;-0,10;0,59;1,03
12,046;-0,21;0,41;1,04
12,063;-0,11;0,14;0,97
12,124;0,06;-0,01;1,12
12,127;0,06;-0,01;1,12
12,128;0,39;0,03;1,61
12,130;0,82;0,18;2,30
12,132;1,11;0,27;2,82
12,134;1,01;0,29;2,99
12,136;0,59;0,31;2,66
12,137;-0,16;0,09;2,19
12,139;-0,96;-0,26;2,21
12,144;-1,48;-0,60;2,44
12,163;-1,47;-0,96;2,43
12,168;-1,16;-1,38;2,01
12,195;-0,51;-1,73;1,65
12,196;0,46;-1,55;2,11
12,196;1,33;-0,87;2,88
12,204;1,93;-0,17;3,20
12,213;2,02;0,29;2,68
12,224;1,55;0,34;1,41
12,235;0,79;-0,06;-0,27
12,245;0,29;-0,72;-2,06
12,253;-0,11;-1,10;-3,36
12,264;-0,58;-1,00;-3,65
12,279;-1,08;-0,63;-2,99
12,342;-1,04;-0,19;-1,59
12,345;-0,64;0,10;-0,35
12,346;-0,24;0,30;0,18
12,347;-0,09;0,43;-0,06
12,348;-0,14;0,45;-1,06
12,349;-0,29;0,26;-2,36
12,351;-0,16;-0,07;-3,39
12,355;0,02;-0,22;-3,97
12,364;0,19;0,01;-3,77
12,376;0,24;0,42;-2,74
12,384;0,29;0,75;-1,52
12,400;0,37;0,79;-0,75
12,404;0,39;0,56;-0,79
12,413;0,28;0,21;-1,26
12,424;0,20;0,04;-1,79
12,433;0,16;0,07;-2,02
12,444;0,03;0,15;-1,81
12,464;0,02;0,21;-1,36
12,466;0,21;0,28;-0,90
12,484;0,23;0,27;-0,36
12,490;0,04;0,12;-0,05
12,493;-0,14;-0,10;0,19
12,507;-0,37;-0,38;0,71
12,508;-0,37;-0,38;0,71
12,517;-0,34;-0,54;1,39
12,525;-0,07;-0,35;2,22
12,534;0,14;-0,18;2,82
12,546;0,36;-0,11;3,09
12,565;0,56;-0,05;3,24
12,568;0,70;0,07;3,31
12,590;0,71;0,33;3,05
12,593;0,57;0,49;2,20
12,594;0,47;0,60;1,21
12,605;0,30;0,76;0,95
12,613;0,01;0,95;1,04
12,624;-0,07;0,99;1,10
12,634;0,01;0,57;1,08
12,647;0,34;-0,28;1,07
12,671;0,77;-1,00;1,38
12,675;0,87;-1,20;2,04
12,677;0,55;-1,08;2,74
12,685;-0,10;-1,03;2,97
12,740;-0,54;-1,06;2,57
12,744;-0,54;-1,09;1,08
12,745;-0,43;-1,04;-0,63
12,746;-0,36;-0,94;-1,82
12,748;-0,20;-0,50;-1,76
12,750;0,14;0,07;-0,65
12,761;0,46;0,51;0,58
12,766;0,47;0,67;1,30
12,783;0,28;0,58;1,38
12,787;-0,00;0,35;0,77
12,810;-0,17;0,29;-0,37
12,812;-0,12;0,49;-1,54
12,813;-0,00;0,55;-2,89
12,828;0,18;0,64;-3,99
12,833;0,30;0,76;-4,51
12,844;0,28;0,97;-4,30
12,853;0,17;1,07;-3,48
12,864;0,20;0,83;-2,59
12,893;0,12;0,45;-2,06
12,894;-0,19;0,23;-1,50
12,895;-0,70;0,14;-0,83
12,904;-1,13;0,07;-0,20
12,913;-1,18;-0,02;0,13
12,923;-0,95;-0,17;0,09
12,933;-0,62;-0,20;-0,27
12,944;-0,33;-0,03;-0,59
12,953;-0,08;0,33;-0,41
12,967;0,09;0,59;0,11
12,975;0,20;0,77;0,69
12,985;0,31;0,71;1,18
13,021;0,43;0,51;1,65
13,023;0,42;0,33;2,58
13,024;0,31;0,08;3,58
13,025;0,21;-0,34;4,22
13,034;-0,00;-0,69;4,41
13,043;-0,37;-0,82;3,88
13,053;-0,82;-0,79;2,70
13,070;-1,15;-0,66;1,77
13,108;-1,12;-0,53;1,48
13,110;-1,12;-0,53;1,48
13,111;-0,82;-0,36;1,78
13,113;-0,41;-0,29;2,34
13,114;-0,03;-0,36;2,96
13,115;0,24;-0,54;3,00
13,124;0,32;-0,56;2,37
13,133;0,35;-0,37;1,49
13,144;0,28;-0,12;0,73
13,153;0,30;-0,07;-0,01
13,166;0,44;-0,25;-0,80
13,221;0,64;-0,37;-1,30
13,222;0,67;-0,31;-1,38
13,224;0,58;-0,12;-1,15
13,225;0,47;0,07;-0,94
13,226;0,26;0,26;-0,63
13,226;0,21;0,27;-0,63
13,234;-0,14;0,14;-0,71
13,247;-0,42;0,01;-1,18
13,253;-0,68;-0,05;-1,67
13,270;-0,87;-0,07;-2,19
13,273;-0,84;-0,07;-2,58
13,284;-0,67;0,00;-2,64
13,293;-0,35;0,26;-2,34
13,304;-0,03;0,50;-1,91
13,315;0,20;0,65;-1,56
13,328;0,29;0,61;-1,68
13,334;0,29;0,40;-2,04
13,346;0,18;0,18;-2,40
13,354;0,11;0,12;-2,66
13,378;0,07;0,15;-2,74
13,381;0,01;0,13;-2,71
13,385;-0,08;0,15;-2,46
13,432;-0,20;0,04;-1,79
13,435;0,02;-0,20;-0,43
13,436;0,04;-0,26;0,03
13,437;-0,03;-0,25;0,83
13,438;-0,25;-0,18;1,35
13,446;-0,24;-0,16;1,34
13,453;-0,76;-0,07;1,08
13,468;-1,20;-0,28;0,88
13,472;-1,19;-0,40;1,05
13,499;-0,67;-0,31;1,34
13,500;0,06;-0,01;1,59
13,504;0,71;0,39;1,86
13,513;1,12;0,70;2,16
13,523;1,24;0,81;2,01
13,533;1,26;0,50;1,30
13,545;1,29;0,08;1,00
13,553;1,41;-0,31;1,32
13,569;1,60;-0,63;2,24
13,573;1,42;-0,94;3,61
13,584;0,95;-1,10;4,95
13,595;0,21;-1,07;5,68
13,604;-0,44;-1,02;5,23
13,615;-0,67;-0,99;3,72
13,625;-0,70;-0,87;1,99
13,634;-0,35;-0,68;0,09
13,657;0,23;-0,60;-1,93
13,661;1,03;-0,40;-3,54
13,713;1,83;-0,07;-4,24
13,715;1,97;0,33;-3,37
13,717;1,61;0,57;-1,54
13,718;1,13;0,64;0,17
13,719;0,53;0,56;1,29
13,720;-0,14;0,33;1,73
13,725;-0,89;0,03;1,32
13,734;-1,52;-0,25;0,11
13,755;-1,80;-0,40;-1,74
13,757;-1,80;-0,40;-1,74
13,758;-1,72;-0,43;-3,51
13,791;-1,51;-0,32;-4,49
13,793;-1,28;-0,09;-4,98
13,795;-0,95;0,18;-4,92
13,796;-0,50;0,43;-4,13
13,804;-0,23;0,48;-3,03
13,813;-0,19;0,41;-2,24
13,824;-0,18;0,38;-1,70
13,833;-0,19;0,39;-1,52
13,854;-0,11;0,52;-1,38
13,856;0,08;0,64;-1,31
13,919;0,28;0,79;-1,06
13,921;0,40;0,91;-0,62
13,922;0,25;0,99;0,13
13,923;-0,06;0,91;1,04
13,924;-0,47;0,72;1,76
13,925;-0,80;0,52;1,92
13,926;-0,92;0,31;1,72
13,933;-0,84;0,27;1,72
13,944;-0,65;0,27;1,40
13,960;-0,46;0,35;1,88
13,964;-0,37;0,29;2,52
13,987;-0,23;0,00;2,86
13,988;-0,03;-0,33;2,90
13,993;0,15;-0,46;2,91
14,004;0,18;-0,39;2,73
14,015;0,06;-0,38;2,66
14,024;-0,11;-0,53;2,74
14,034;-0,20;-0,71;2,83
14,044;-0,23;-0,85;2,70
14,057;-0,10;-0,93;2,21
14,111;0,12;-0,77;1,63
14,114;0,27;-0,53;1,00
14,115;0,36;-0,39;0,30
14,116;0,45;-0,36;-0,24
14,117;0,57;-0,41;-0,66
14,119;0,62;-0,37;-0,70
14,124;0,53;-0,21;-0,53
14,133;0,40;-0,09;-0,29
14,144;0,24;-0,01;-0,14
14,160;0,06;0,02;-0,06
14,180;-0,11;0,10;-0,09
14,181;-0,35;0,13;-0,46
14,184;-0,60;0,17;-0,83
14,193;-0,77;0,16;-1,30
14,204;-0,79;0,05;-1,96
14,212;-0,60;-0,03;-2,58
14,224;-0,28;0,03;-3,05
14,233;-0,07;0,22;-3,03
14,244;-0,01;0,51;-2,38
14,255;0,13;0,69;-1,36
14,277;0,31;0,65;-0,66
14,279;0,29;0,35;-0,61
14,300;0,07;-0,03;-0,96
14,301;-0,10;-0,26;-1,23
14,304;-0,06;-0,26;-1,28
14,313;0,07;-0,13;-1,23
14,324;0,07;-0,03;-1,14
14,334;-0,00;0,01;-1,23
14,344;-0,05;0,01;-1,39
14,358;-0,16;-0,06;-1,24
14,364;-0,23;-0,19;-0,85
14,411;-0,25;-0,46;-0,20
14,413;-0,26;-0,69;0,43
14,414;-0,24;-0,74;1,23
14,416;0,01;-0,56;2,19
14,417;0,42;-0,31;3,03
14,425;0,86;-0,12;3,46
14,435;1,15;-0,12;3,49
14,445;0,99;-0,25;3,48
14,454;0,69;-0,33;3,19
14,465;0,53;-0,09;2,38
14,478;0,59;0,03;1,51
14,520;0,75;0,21;1,01
14,520;1,13;0,20;0,73
14,521;1,64;0,06;0,85
14,521;1,72;-0,18;1,84
14,524;1,16;-0,38;3,25
14,534;0,19;-0,61;3,96
14,544;-0,81;-1,06;3,77
14,553;-1,45;-1,38;3,05
14,564;-1,72;-1,27;2,13
14,575;-1,59;-0,98;0,79
14,626;-1,07;-0,69;-0,88
14,629;-0,24;-0,46;-2,42
14,630;0,67;-0,13;-3,66
14,632;1,34;0,37;-4,31
14,634;1,52;0,96;-3,79
14,636;1,21;1,29;-2,47
14,645;1,00;1,28;-1,02
14,661;0,53;1,09;0,15
14,665;-0,20;0,83;1,01
14,706;-1,03;0,50;1,10
14,708;-1,60;0,08;0,28
14,709;-1,79;-0,22;-1,31
14,710;-1,76;-0,31;-2,83
14,714;-1,48;-0,09;-3,67
14,724;-1,01;0,24;-3,68
14,734;-0,50;0,47;-3,06
14,744;-0,05;0,49;-2,30
14,765;0,35;0,57;-1,61
14,769;0,54;0,81;-1,00
14,774;0,54;0,97;-0,53
14,818;0,59;1,00;0,04
14,820;0,68;0,87;0,40
14,821;0,69;0,62;0,45
14,822;0,57;0,42;0,53
14,824;0,32;0,36;0,70
14,833;0,04;0,35;0,90
14,844;-0,20;0,36;1,02
14,860;-0,28;0,27;0,91
14,869;-0,20;0,15;0,83
14,911;-0,06;0,09;1,05
14,913;0,08;0,12;1,43
14,914;0,15;0,14;1,96
14,915;0,15;0,06;2,56
14,916;-0,11;-0,14;3,08
14,924;-0,67;-0,43;3,11
14,933;-1,16;-0,74;2,66
14,944;-1,45;-0,91;2,05
14,959;-1,45;-0,94;1,56
14,965;-1,17;-0,86;1,36
14,989;-0,81;-0,77;1,30
14,991;0,41;-0,71;1,53
14,993;0,79;-0,63;1,57
15,005;1,18;-0,48;1,59
15,013;1,20;-0,29;1,59
15,024;1,16;-0,07;1,52
15,033;0,98;-0,03;1,28
15,044;0,72;-0,16;0,67
15,069;0,65;-0,13;0,67
15,072;0,12;-0,78;-1,19
15,073;0,12;-0,78;-1,19
15,080;-0,17;-0,79;-1,84
15,084;-0,27;-0,54;-2,14
15,119;-0,18;-0,29;-2,22
15,121;-0,11;-0,10;-1,93
15,122;-0,16;0,13;-1,30
15,124;-0,31;0,31;-0,68
15,133;-0,35;0,38;-0,57
15,144;-0,17;0,38;-1,12
15,169;-0,04;0,32;-1,82
15,171;0,05;0,31;-2,19
15,174;0,10;0,27;-2,06
15,184;0,15;0,25;-1,52
15,199;0,19;0,18;-1,00
15,207;0,08;0,08;-0,73
15,213;-0,09;0,04;-0,86
15,224;-0,20;0,04;-1,30
15,234;-0,20;0,06;-1,78
15,245;-0,06;0,15;-2,04
15,254;0,14;0,27;-1,97
15,269;0,19;0,33;-0,86
15,275;0,08;0,27;-0,48
15,284;-0,21;0,11;-0,07
15,332;-0,43;-0,13;-0,14
15,334;-0,45;-0,36;-0,23
15,335;-0,32;-0,49;0,13
15,336;-0,02;-0,46;1,13
15,338;0,35;-0,26;2,45
15,345;0,70;-0,01;3,27
15,353;0,96;0,08;3,17
15,371;1,04;-0,08;2,64
15,374;0,81;-0,17;2,32
15,384;0,53;-0,12;1,98
15,400;0,25;-0,00;1,30
15,404;-0,04;0,17;0,81
15,413;-0,16;0,40;0,80
15,424;-0,12;0,62;0,74
15,433;0,29;0,76;0,39
15,444;0,79;0,66;0,01
15,453;1,27;0,24;0,31
15,464;1,52;-0,30;1,08
15,518;1,63;-0,53;2,07
15,518;1,20;-0,51;3,16
15,518;0,53;-0,47;4,00
15,519;0,02;-0,45;4,29
15,519;-0,29;-0,47;3,59
15,528;-0,46;-0,35;1,90
15,535;-0,68;-0,24;-0,35
15,544;-0,72;-0,17;-2,43
15,553;-0,49;-0,12;-3,83
15,565;-0,28;0,10;-4,25
15,616;-0,17;0,57;-3,46
15,618;-0,27;0,90;-1,95
15,619;-0,39;0,99;-0,72
15,620;-0,46;1,08;-0,12
15,621;-0,48;0,98;-0,30
15,626;-0,47;0,73;-1,09
15,633;-0,43;0,49;-2,10
15,644;-0,42;0,27;-3,00
15,653;-0,42;0,13;-3,46
15,665;-0,41;-0,03;-3,42
15,673;-0,34;-0,18;-2,91
15,720;-0,26;-0,17;-2,20
15,721;-0,29;0,01;-1,33
15,722;-0,49;0,24;-0,49
15,724;-0,52;0,35;0,13
15,725;-0,29;0,27;0,46
15,733;-0,06;0,21;0,70
15,744;-0,01;0,09;0,56
15,753;0,04;0,02;0,19
15,769;0,14;0,04;-0,21
15,773;0,11;0,16;-0,31
15,804;0,05;0,30;-0,18
15,806;0,05;0,42;0,14
15,807;0,15;0,49;0,61
15,816;0,25;0,42;1,34
15,824;0,27;0,30;2,18
15,833;0,24;0,10;2,71
15,844;0,14;-0,11;2,84
15,854;-0,22;-0,30;2,56
15,880;-0,65;-0,62;1,95
15,883;-0,86;-0,95;1,67
15,886;-0,86;-0,95;1,67
15,888;-0,94;-1,20;2,19
15,920;-0,80;-1,27;2,99
15,920;-0,57;-1,23;3,65
15,921;-0,31;-1,04;3,72
15,924;-0,19;-0,81;3,20
15,933;0,02;-0,55;2,19
15,944;0,25;-0,24;1,33
15,955;0,39;0,02;0,89
15,965;0,50;0,12;0,35
15,973;0,49;0,01;-0,45
15,994;0,39;-0,19;-1,50
15,995;0,26;-0,30;-2,29
16,005;0,19;-0,19;-2,55
16,014;0,12;0,00;-2,29
16,024;0,02;0,24;-1,61
16,032;-0,05;0,38;-1,02
16,045;-0,12;0,47;-0,81
16,053;-0,26;0,43;-1,12
16,064;-0,33;0,25;-1,88
16,074;-0,33;0,07;-2,62
16,105;-0,23;-0,08;-2,82
16,107;-0,22;0,07;-2,13
16,108;-0,22;0,07;-2,13
16,128;-0,31;0,37;-0,31
16,129;-0,30;0,26;-0,30
16,133;-0,26;0,09;-0,79
16,145;-0,34;-0,00;-1,29
16,153;-0,25;0,09;-1,38
16,163;-0,02;0,23;-1,17
16,172;0,34;0,35;-0,81
16,183;0,56;0,42;-0,42
16,193;0,60;0,40;-0,07
16,204;0,45;0,33;0,26
16,217;0,27;0,21;0,54
16,226;0,20;0,08;0,65
16,235;0,17;-0,05;0,75
16,249;0,40;-0,01;1,21
16,252;0,40;-0,01;1,21
16,254;0,55;0,12;1,91
16,274;0,75;0,19;2,34
16,276;0,90;0,14;2,44
16,318;0,98;-0,02;2,18
16,321;0,86;-0,27;1,65
16,322;0,53;-0,42;1,44
16,323;0,07;-0,36;1,06
16,324;-0,21;-0,42;0,43
16,333;-0,22;-0,46;0,11
16,344;0,03;-0,37;0,32
16,353;0,35;-0,18;0,48
16,370;0,59;-0,20;0,50
16,374;0,70;-0,39;0,68
16,443;0,67;-0,71;0,87
16,447;0,50;-0,99;1,12
16,448;0,27;-1,13;1,14
16,450;0,04;-1,04;1,00
16,456;0,01;-0,71;0,72
16,457;0,11;-0,40;0,11
16,459;0,29;-0,30;-0,80
16,460;0,50;-0,33;-1,84
16,465;0,49;-0,31;-2,62
16,474;0,25;-0,09;-2,69
16,489;-0,07;0,20;-1,99
16,493;-0,25;0,45;-0,81
16,519;-0,41;0,48;0,09
16,520;-0,59;0,49;0,66
16,523;-0,68;0,67;1,14
16,533;-0,67;0,81;1,10
16,544;-0,70;0,91;0,00
16,553;-0,85;0,90;-1,57
16,570;-1,02;0,81;-2,81
16,573;-0,90;0,71;-3,77
16,631;-0,70;0,53;-3,93
16,634;-0,63;0,24;-3,19
16,635;-0,51;-0,08;-1,62
16,636;-0,37;-0,03;0,01
16,637;-0,61;-0,06;1,07
16,638;-0,87;-0,24;1,62
16,644;-0,96;-0,43;1,73
16,653;-0,77;-0,60;1,52
16,678;-0,48;-0,48;0,78
16,681;-0,48;-0,48;0,78
16,684;-0,06;-0,08;-0,25
16,685;0,21;0,48;-1,13
16,704;0,30;0,71;-1,35
16,707;0,53;1,04;-1,63
16,713;0,78;1,11;-1,62
16,725;0,81;0,97;-0,89
16,735;0,90;0,78;0,50
16,744;0,85;0,64;1,96
16,753;0,44;0,46;3,49
16,773;-0,24;0,05;5,07
16,776;-0,89;-0,72;6,09
16,827;-1,64;-2,10;4,85
16,829;-1,75;-2,29;4,13
16,830;-1,80;-2,22;3,01
16,832;-1,45;-1,54;2,22
16,833;-0,87;-0,94;1,64
16,835;-0,28;-0,33;1,16
16,844;0,31;0,13;0,75
16,857;0,94;0,44;0,19
16,865;1,44;0,50;-0,28
16,883;1,58;0,47;-0,09
16,886;1,46;0,30;0,60
16,893;1,41;0,12;1,27
16,906;1,10;-0,12;1,10
16,913;0,72;-0,16;0,86
16,924;0,12;-0,24;0,19
16,937;-0,32;-0,33;-0,46
16,946;-0,65;-0,40;-0,98
16,955;-0,83;-0,47;-1,49
16,966;-0,93;-0,49;-2,51
16,981;-0,92;-0,42;-2,81
16,991;-0,85;-0,16;-2,73
16,994;-0,85;-0,16;-2,73
16,995;-0,41;0,33;-2,14
17,033;0,19;0,81;-1,48
17,035;0,67;1,07;-1,15
17,037;0,82;1,03;-1,42
17,038;0,71;0,87;-1,97
17,044;0,46;0,62;-2,40
17,053;0,20;0,39;-2,47
17,064;0,11;0,21;-2,21
17,074;0,21;0,18;-1,90
17,104;0,40;0,22;-1,62
17,107;0,44;0,24;-1,49
17,108;0,41;0,20;-1,31
17,114;0,31;0,08;-0,98
17,125;0,17;0,02;-0,44
17,135;-0,12;-0,08;-0,02
17,146;-0,53;-0,16;0,34
17,165;-0,62;-0,27;0,55
17,168;-0,29;-0,31;0,61
17,217;0,15;-0,37;0,82
17,222;0,51;-0,35;1,30
17,224;0,84;-0,19;2,11
17,226;0,85;-0,11;2,91
17,228;0,64;-0,30;3,37
17,237;0,38;-0,67;3,38
17,238;0,05;-0,82;2,89
17,247;-0,45;-0,72;1,98
17,249;-0,45;-0,72;1,98
17,259;-0,61;-0,64;1,29
17,263;-0,33;-0,35;1,12
17,305;0,16;-0,03;0,90
17,308;0,83;0,20;0,50
17,308;1,42;0,30;0,11
17,308;1,63;0,22;0,22
17,313;1,36;-0,13;0,89
17,324;0,83;-0,57;1,47
17,335;0,27;-0,83;1,44
17,345;-0,34;-0,82;1,31
17,370;-0,45;-0,55;1,02
17,372;-0,13;-0,51;-0,04
17,373;0,29;-0,49;-1,36
17,384;0,50;-0,52;-2,49
17,394;0,55;-0,51;-2,87
17,405;0,40;-0,22;-1,77
17,413;0,03;0,04;-0,14
17,424;-0,38;0,22;1,49
17,433;-0,79;0,28;2,73
17,444;-1,08;0,17;3,29
17,455;-1,39;-0,16;2,58
17,464;-1,49;-0,33;0,60
17,478;-1,50;-0,09;-1,51
17,484;-1,27;0,28;-3,00
17,521;-0,65;0,69;-3,83
17,524;0,07;1,03;-4,05
17,525;0,48;1,38;-3,43
17,526;0,45;1,38;-2,42
17,533;0,36;1,03;-1,66
17,544;0,11;0,70;-1,16
17,553;-0,36;0,51;-0,79
17,564;-0,66;0,44;-0,38
17,585;-0,64;0,38;0,08
17,588;-0,36;0,34;0,33
17,636;-0,08;0,41;0,23
17,638;0,14;0,63;-0,15
17,639;0,22;0,77;-0,67
17,640;0,29;0,88;-1,05
17,641;0,19;0,90;-1,23
17,644;0,10;0,85;-1,27
17,653;-0,07;0,72;-0,85
17,664;-0,22;0,56;0,02
17,687;-0,26;0,35;1,16
17,689;-0,29;0,12;2,11
17,693;-0,42;-0,16;2,79
17,706;-0,41;-0,53;3,20
17,713;-0,44;-0,78;3,16
17,724;-0,57;-0,82;2,38
17,733;-0,72;-0,75;1,56
17,744;-0,65;-0,58;1,32
17,753;-0,42;-0,50;1,46
17,765;-0,19;-0,61;1,82
17,785;0,06;-0,79;2,25
17,788;0,30;-0,97;2,57
17,849;0,52;-0,98;2,53
17,851;0,73;-0,87;2,13
17,852;0,93;-0,66;1,70
17,853;0,87;-0,56;1,69
17,854;1,03;-0,14;1,09
17,855;0,94;-0,15;0,47
17,856;0,69;-0,32;-0,42
17,865;0,38;-0,38;-0,85
17,879;0,03;-0,23;-0,82
17,905;-0,22;0,06;-0,54
17,907;-0,22;0,06;-0,54
17,908;-0,29;0,26;-0,23
17,909;-0,34;0,40;-0,30
17,913;-0,49;0,43;-0,60
17,924;-0,59;0,40;-1,03
17,933;-0,50;0,33;-1,65
17,944;-0,18;0,25;-2,51
17,954;0,09;0,21;-3,24
17,965;0,35;0,30;-3,44
17,985;0,50;0,49;-3,06
17,987;0,55;0,73;-1,83
18,032;0,48;0,75;-0,61
18,034;0,35;0,54;-0,26
18,035;0,06;0,21;-0,57
18,036;-0,17;-0,02;-1,30
18,038;-0,30;-0,08;-2,05
18,045;-0,26;0,03;-2,30
18,054;-0,21;0,15;-2,11
18,064;-0,15;0,19;-1,61
18,076;-0,29;0,07;-1,10
18,087;-0,53;-0,16;-0,73
18,135;-0,68;-0,37;-0,55
18,137;-0,68;-0,48;-0,40
18,138;-0,44;-0,47;0,00
18,140;-0,03;-0,38;0,48
18,141;0,47;-0,30;0,86
18,145;0,93;-0,09;1,61
18,153;1,18;-0,03;2,38
18,166;1,13;-0,15;3,13
18,185;0,98;-0,53;3,74
18,187;0,66;-0,92;3,90
18,221;0,23;-0,99;3,31
18,223;-0,37;-0,78;2,05
18,225;-0,58;-0,47;1,00
18,226;-0,48;-0,16;0,58
18,233;-0,05;0,38;0,25
18,244;0,39;0,55;-0,03
18,253;0,79;0,52;-0,12
18,265;0,80;0,14;0,45
18,273;0,49;-0,35;1,63
18,285;0,01;-0,63;2,11
18,336;-0,60;-0,77;2,08
18,338;-1,07;-0,81;1,66
18,339;-1,25;-0,71;1,02
18,340;-0,86;-0,43;0,17
18,341;0,07;0,05;-0,84
18,347;0,98;0,50;-1,69
18,353;1,43;0,77;-2,06
18,365;1,53;0,91;-1,67
18,373;1,27;0,92;-0,52
18,394;0,97;0,75;0,75
18,396;0,46;0,41;1,55
18,404;-0,33;-0,01;1,63
18,429;-1,15;-0,40;1,08
18,429;-1,67;-0,62;-0,12
18,433;-1,65;-0,52;-1,73
18,444;-1,28;-0,36;-3,10
18,453;-0,64;0,03;-3,87
18,464;0,08;0,53;-3,77
18,473;0,56;0,96;-2,89
18,487;0,74;1,04;-1,87
18,545;0,78;0,86;-1,38
18,547;0,44;0,55;-1,37
18,547;-0,26;0,31;-1,55
18,548;-0,90;0,12;-1,65
18,549;-1,07;0,03;-1,46
18,550;-0,92;0,04;-1,08
18,554;-0,63;0,15;-0,70
18,564;-0,28;0,41;-0,48
18,573;-0,03;0,74;-0,04
18,587;0,03;0,99;0,37
18,593;-0,01;0,98;0,52
18,640;-0,19;0,85;0,64
18,641;-0,43;0,58;0,77
18,643;-0,53;0,35;0,86
18,644;-0,62;0,01;0,99
18,649;-0,51;-0,37;1,31
18,652;-0,51;-0,37;1,31
18,653;-0,20;-0,59;2,04
18,664;0,12;-0,59;2,90
18,673;0,36;-0,38;3,35
18,686;0,32;-0,19;3,04
18,693;0,08;-0,20;2,59
18,743;-0,08;-0,38;2,24
18,745;-0,10;-0,39;1,95
18,746;-0,20;-0,35;1,63
18,748;-0,35;-0,51;1,18
18,749;-0,38;-0,61;0,55
18,750;-0,38;-0,61;0,55
18,754;-0,17;-0,77;-0,17
18,766;0,73;-0,93;-0,37
18,773;1,07;-0,84;0,06
18,789;1,60;-0,46;1,51
18,793;1,99;-0,02;2,87
18,817;2,00;0,18;3,44
18,819;1,54;-0,00;3,28
18,825;0,77;-0,31;2,64
18,835;0,02;-0,39;1,74
18,845;-0,59;-0,27;0,51
18,855;-1,19;-0,07;-1,08
18,877;-1,22;-0,04;-1,45
18,880;-1,22;-0,04;-1,45
18,881;-0,94;0,01;-2,24
18,944;-0,49;0,12;-2,92
18,947;-0,25;0,36;-3,14
18,949;-0,28;0,72;-2,76
18,950;-0,41;0,90;-2,21
18,953;-0,41;0,79;-1,91
18,954;-0,38;0,48;-2,15
18,956;-0,39;0,15;-2,71
18,957;-0,39;0,00;-3,23
18,970;-0,22;0,00;-3,38
18,974;0,23;0,15;-3,06
18,985;0,51;0,29;-2,39
18,994;0,51;0,25;-1,97
19,008;0,29;0,07;-1,63
19,014;-0,13;-0,13;-1,14
19,069;-0,61;-0,28;-0,68
19,072;-1,07;-0,39;-0,23
19,074;-1,34;-0,59;-0,01
19,076;-1,30;-0,81;-0,09
19,079;-0,98;-0,91;-0,26
19,081;-0,40;-0,88;-0,32
19,086;0,20;-0,73;-0,02
19,094;0,76;-0,49;1,10
19,112;1,29;-0,28;2,46
19,115;1,47;-0,32;3,50
19,158;1,16;-0,67;4,17
19,160;0,66;-1,04;4,69
19,161;0,21;-1,09;5,00
19,163;-0,09;-0,68;4,42
19,165;-0,45;-0,24;3,08
19,173;-0,49;-0,05;1,67
19,197;-0,23;0,31;0,36
19,198;0,24;0,72;-0,60
19,204;1,01;0,88;-0,92
19,213;1,97;0,78;-0,53
19,224;2,53;0,29;0,57
19,233;2,40;-0,24;1,60
19,244;1,77;-0,49;2,30
19,254;0,69;-0,68;2,64
19,265;-0,35;-0,89;2,69
19,273;-0,86;-1,16;2,37
19,339;-0,89;-1,18;1,73
19,340;-0,81;-0,79;0,75
19,340;-0,68;-0,27;-0,86
19,341;-0,48;-0,03;-2,68
19,341;-0,18;0,01;-3,94
19,341;0,08;0,08;-4,19
19,345;0,22;0,38;-3,10
19,356;0,19;0,73;-1,48
19,365;-0,11;0,97;-0,12
19,373;-0,42;1,02;0,72
19,397;-0,81;0,80;0,71
19,401;-1,20;0,49;-0,29
19,456;-1,39;0,14;-1,75
19,459;-1,39;0,14;-1,75
19,460;-1,30;0,05;-2,73
19,461;-0,98;0,15;-3,06
19,462;-0,56;0,33;-2,79
19,463;-0,07;0,54;-2,23
19,465;0,18;0,69;-1,44
19,467;0,16;0,72;-0,72
19,473;0,04;0,68;-0,26
19,495;-0,09;0,70;0,23
19,498;-0,09;0,70;0,23
19,499;-0,31;0,56;0,47
19,524;-0,54;0,28;0,52
19,527;-0,68;0,07;0,75
19,528;-0,67;0,07;1,16
19,537;-0,60;0,19;1,37
19,544;-0,44;0,39;1,33
19,556;-0,35;0,59;1,02
19,566;-0,34;0,69;0,71
19,574;-0,22;0,71;0,47
19,597;0,02;0,63;0,52
19,601;0,18;0,47;1,03
19,649;0,30;0,22;1,74
19,651;0,41;-0,06;2,38
19,653;0,30;-0,33;2,63
19,654;-0,03;-0,54;2,32
19,656;-0,42;-0,65;1,76
19,657;-0,61;-0,71;1,46
19,665;-0,53;-0,81;1,37
19,674;-0,28;-0,90;1,54
19,684;0,01;-1,00;1,72
19,700;0,37;-1,02;1,76
19,704;0,64;-0,96;1,66
19,714;0,89;-0,78;1,44
19,725;1,10;-0,52;1,27
19,735;1,26;-0,29;0,99
19,744;1,29;-0,19;0,52
19,754;1,06;-0,19;0,03
19,763;0,60;-0,22;-0,48
19,774;0,13;-0,24;-0,84
19,784;-0,26;-0,23;-1,12
19,795;-0,48;-0,18;-1,28
19,860;-0,56;-0,17;-1,38
19,861;-0,56;-0,17;-1,38
19,862;-0,52;-0,16;-1,38
19,863;-0,37;-0,10;-1,36
19,865;-0,12;0,04;-1,38
19,865;0,11;0,22;-1,42
19,866;0,25;0,44;-1,35
19,867;0,32;0,60;-1,31
19,873;0,48;0,71;-1,33
19,884;0,63;0,73;-1,48
19,893;0,51;0,61;-1,86
19,918;0,30;0,48;-2,13
19,920;0,11;0,39;-2,08
19,924;-0,10;0,29;-1,85
19,933;-0,35;0,16;-1,48
19,944;-0,51;0,04;-1,20
19,955;-0,49;-0,04;-1,09
19,964;-0,46;-0,05;-0,81
19,974;-0,40;-0,04;-0,65
19,985;-0,34;-0,04;-0,43
19,995;-0,35;-0,08;-0,33
20,025;-0,49;-0,15;-0,32
20,028;-0,63;-0,29;-0,32
20,030;-0,58;-0,39;-0,24
20,035;-0,35;-0,31;0,11
20,061;-0,08;-0,16;0,62
20,063;0,25;-0,05;1,24
20,065;0,53;0,01;1,76
20,073;0,83;0,06;2,20
20,084;1,09;-0,00;2,69
20,096;1,05;-0,15;3,21
20,104;0,74;-0,24;3,42
20,154;0,23;-0,29;3,01
20,156;-0,19;-0,55;2,19
20,157;-0,52;-0,74;1,45
20,158;-0,55;-0,59;1,14
20,159;-0,56;-0,16;0,75
20,164;-0,55;0,23;-0,34
20,177;-0,18;0,70;-1,67
20,184;0,62;0,97;-2,78
20,206;1,60;1,05;-2,94
20,208;2,06;1,02;-1,79
20,214;1,59;0,62;0,11
20,254;0,97;-0,07;1,20
20,257;0,32;-0,66;1,56
20,258;-0,47;-1,18;1,37
20,259;-1,22;-1,61;0,64
20,264;-1,57;-1,67;-0,19
20,274;-1,41;-1,22;0,01
20,284;-1,04;-0,65;0,66
20,296;-0,55;-0,28;1,17
20,304;-0,20;0,14;1,83
20,328;-0,04;0,55;2,43
20,342;0,03;0,73;2,57
20,345;0,22;0,77;1,94
20,346;0,34;0,78;0,42
20,354;0,24;0,83;-1,51
20,367;-0,08;0,84;-3,06
20,385;-0,16;0,85;-3,88
20,388;-0,07;0,97;-3,89
20,415;0,08;1,04;-3,18
20,417;0,15;0,89;-2,44
20,418;0,23;0,67;-2,17
20,434;0,13;0,39;-2,35
20,436;-0,10;0,29;-2,21
20,444;-0,25;0,26;-1,76
20,453;-0,16;0,29;-1,31
20,464;0,04;0,35;-0,81
20,473;0,16;0,36;-0,18
20,485;0,16;0,33;0,45
20,545;0,15;0,28;1,02
20,546;0,05;0,26;1,33
20,547;-0,16;0,18;1,20
20,548;-0,33;0,15;0,75
20,549;-0,43;0,14;0,40
20,550;-0,61;0,07;0,53
20,553;-0,78;-0,14;1,26
20,565;-0,70;-0,30;2,26
20,573;-0,46;-0,32;2,97
20,587;-0,28;-0,28;3,04
20,637;-0,24;-0,30;2,14
20,638;-0,25;-0,43;1,03
20,639;-0,20;-0,60;0,58
20,640;0,07;-0,88;0,75
20,641;0,24;-0,99;1,03
20,646;0,58;-1,17;2,07
20,653;0,84;-1,12;3,45
20,664;0,92;-0,91;4,16
20,673;0,53;-0,79;3,89
20,684;-0,02;-0,86;2,83
20,735;-0,33;-0,97;1,54
20,737;-0,56;-1,12;0,32
20,738;-0,76;-1,24;-0,93
20,739;-0,67;-1,15;-1,83
20,741;-0,20;-0,77;-2,13
20,745;0,74;0,07;-1,58
20,753;0,95;0,39;-1,20
20,765;1,24;0,87;-0,39
20,773;1,35;1,08;0,16
20,788;1,27;1,04;0,37
20,818;0,88;0,87;0,47
20,821;0,88;0,87;0,47
20,822;0,28;0,58;0,12
20,824;-0,26;0,26;-0,74
20,827;-0,63;0,06;-1,86
20,847;-0,84;-0,13;-2,79
20,850;-0,80;-0,31;-3,58
20,854;-0,55;-0,28;-4,09
20,865;-0,17;0,06;-3,83
20,873;0,02;0,65;-2,64
20,885;0,18;1,01;-1,30
20,893;0,16;0,85;-1,19
20,933;0,03;0,46;-1,30
20,935;-0,18;0,13;-1,38
20,936;-0,47;-0,09;-0,73
20,937;-0,57;-0,18;-0,43
20,945;-0,75;-0,28;-0,06
20,953;-0,91;-0,35;0,22
20,964;-0,87;-0,35;0,49
20,973;-0,51;-0,27;0,68
20,990;-0,03;-0,18;0,90
21,038;0,57;-0,04;1,25
21,040;0,90;0,07;1,76
21,041;1,00;0,07;2,18
21,042;0,88;-0,08;2,42
21,043;0,63;-0,31;2,32
21,045;0,36;-0,51;2,07
21,053;0,13;-0,49;1,88
21,065;-0,01;-0,26;1,49
21,072;0,10;-0,20;1,07
21,086;0,43;-0,26;1,12
21,093;0,92;-0,19;1,65
21,126;1,35;0,02;2,26
21,128;1,18;0,21;2,94
21,129;0,48;0,15;3,53
21,135;-0,31;-0,15;3,57
21,144;-0,90;-0,63;2,93
21,153;-1,12;-0,90;2,01
21,164;-0,99;-0,80;1,19
21,174;-0,59;-0,66;0,18
21,185;-0,01;-0,56;-0,65
21,193;0,58;-0,39;-1,31
21,215;1,11;-0,18;-1,93
21,219;1,11;-0,18;-1,93
21,223;1,28;0,01;-2,19
21,284;0,99;0,17;-1,66
21,286;0,99;0,17;-1,66
21,287;0,49;0,24;-0,75
21,288;-0,05;0,19;-0,14
21,289;-0,78;-0,01;0,06
21,290;-1,37;-0,18;0,01
21,291;-1,64;-0,26;-0,48
21,293;-1,60;-0,16;-1,12
21,299;-1,35;0,12;-1,80
21,304;-1,05;0,44;-2,24
21,324;-0,76;0,77;-2,50
21,327;-0,50;0,99;-2,42
21,356;-0,27;1,10;-2,20
21,357;-0,25;1,11;-1,94
21,358;-0,40;0,97;-1,73
21,367;-0,62;0,70;-1,77
21,374;-0,75;0,46;-1,77
21,393;-0,77;0,39;-1,54
21,397;-0,63;0,48;-1,23
21,425;-0,37;0,55;-0,89
21,428;-0,17;0,59;-0,48
21,430;0,11;0,62;-0,06
21,436;0,35;0,68;0,48
21,445;0,65;0,79;1,26
21,455;0,84;0,84;2,02
21,467;0,96;0,60;2,20
21,474;0,97;0,21;1,99
21,494;0,96;-0,10;1,57
21,497;0,87;-0,16;1,37
21,522;0,70;-0,23;1,39
21,525;0,50;-0,33;1,62
21,526;0,35;-0,35;2,07
21,536;0,27;-0,24;2,34
21,544;0,06;-0,18;2,09
21,553;-0,17;-0,30;1,60
21,566;-0,14;-0,55;1,34
21,573;0,37;-0,64;1,36
21,584;1,00;-0,70;1,38
21,594;1,46;-0,84;1,12
21,610;1,63;-1,04;1,07
21,614;1,67;-1,08;1,45
21,667;1,59;-0,91;1,73
21,669;1,35;-0,85;1,65
21,671;0,89;-0,87;1,43
21,672;0,31;-0,95;1,08
21,673;-0,24;-0,93;0,58
21,675;-0,68;-0,82;-0,06
21,685;-1,04;-0,54;-0,58
21,693;-1,16;-0,15;-0,98
21,710;-1,00;0,13;-1,43
21,714;-0,77;0,34;-1,96
21,740;-0,72;0,43;-2,45
21,743;-0,69;0,49;-2,98
21,745;-0,80;0,48;-3,25
21,754;-1,00;0,50;-2,76
21,765;-1,09;0,56;-1,60
21,773;-1,08;0,50;-0,61
21,792;-1,19;0,29;-0,33
21,848;-1,25;0,10;-0,63
21,850;-1,25;0,10;-0,63
21,851;-0,84;-0,02;-2,02
21,852;-0,52;-0,04;-2,33
21,853;-0,12;0,13;-1,94
21,854;0,19;0,47;-1,10
21,855;0,47;0,64;-0,46
21,864;0,61;0,59;-0,32
21,873;0,68;0,49;-0,24
21,899;0,75;0,44;0,05
21,901;0,79;0,34;0,50
21,904;0,73;0,18;0,92
21,913;0,57;-0,12;1,03
21,924;0,37;-0,39;0,70
21,933;0,30;-0,52;-0,08
21,945;0,25;-0,44;-0,58
21,953;0,43;-0,13;-0,52
21,964;0,73;0,16;0,29
21,973;0,80;0,09;1,51
21,995;0,88;-0,18;2,76
21,997;0,92;-0,43;3,69
22,057;0,40;-0,53;4,43
22,058;-0,12;-0,52;4,26
22,059;-0,47;-0,46;2,79
22,060;-0,75;-0,28;1,61
22,061;-0,75;0,05;0,89
22,062;-0,34;0,31;-0,05
22,064;0,81;0,46;-0,90
22,073;2,19;0,56;-1,55
22,084;2,59;0,65;-1,28
22,093;1,66;0,43;0,27
22,120;0,82;0,10;1,65
22,122;0,13;-0,15;2,63
22,124;-0,43;-0,49;2,85
22,133;-0,79;-0,68;2,18
22,144;-0,75;-0,53;0,85
22,155;-0,37;-0,05;-0,49
22,164;-0,07;0,37;-1,30
22,173;0,04;0,64;-1,00
22,186;0,03;0,66;0,08
22,210;-0,28;0,47;0,68
22,213;-0,73;0,09;1,11
22,215;-0,73;0,09;1,11
22,219;-1,25;-0,29;1,37
22,275;-1,67;-0,79;1,34
22,277;-1,78;-1,22;0,65
22,277;-1,39;-1,22;-0,84
22,278;-0,96;-0,81;-2,40
22,279;-0,52;-0,29;-3,43
22,281;-0,04;0,27;-3,74
22,287;0,61;0,69;-3,61
22,293;1,06;0,98;-3,11
22,315;1,11;0,97;-2,37
22,317;0,94;0,74;-1,71
22,345;0,82;0,61;-1,48
22,347;0,75;0,55;-1,63
22,349;0,55;0,60;-1,69
22,356;0,44;0,63;-1,66
22,365;0,38;0,69;-1,33
22,375;0,40;0,77;-0,58
22,385;0,28;0,80;0,24
22,399;0,07;0,69;0,92
22,429;-0,16;0,41;1,44
22,432;-0,49;0,10;1,82
22,433;-0,74;-0,17;2,13
22,434;-0,73;-0,36;2,18
22,447;-0,56;-0,52;2,26
22,456;-0,34;-0,66;2,30
22,464;-0,27;-0,71;2,40
22,479;-0,32;-0,45;2,47
22,483;-0,39;-0,20;1,92
22,506;-0,61;-0,07;1,31
22,508;-0,90;-0,10;0,99
22,512;-1,00;-0,24;0,72
22,525;-0,70;-0,34;0,61
22,533;-0,21;-0,49;0,63
22,545;0,42;-0,67;0,67
22,554;1,09;-0,73;0,67
22,565;1,31;-0,65;0,76
22,586;1,58;-0,33;1,65
22,592;1,41;-0,17;2,05
22,600;1,19;-0,06;2,42
22,605;0,73;-0,15;2,12
22,648;0,06;-0,33;1,05
22,650;-0,66;-0,65;-0,34
22,651;-0,94;-0,86;-1,76
22,652;-0,71;-1,04;-3,08
22,654;-0,31;-1,01;-4,07
22,664;-0,16;-0,45;-3,67
22,684;-0,24;0,39;-1,76
22,686;-0,13;0,88;0,34
22,715;-0,07;0,82;1,40
22,718;-0,33;0,52;1,53
22,719;-0,79;0,23;0,85
22,727;-0,97;0,24;-1,03
22,730;-0,97;0,24;-1,03
22,734;-0,90;0,32;-1,53
22,746;-0,68;0,47;-2,31
22,754;-0,26;0,42;-2,90
22,765;0,41;0,34;-3,43
22,785;0,91;0,38;-3,68
22,788;1,06;0,60;-3,26
22,813;0,89;0,75;-2,12
22,815;0,68;0,54;-1,21
22,816;0,47;0,17;-0,68
22,844;0,22;-0,15;-0,44
22,846;-0,09;-0,27;-0,35
22,847;-0,28;-0,25;-0,44
22,853;-0,21;-0,25;-0,47
22,864;0,06;-0,19;-0,49
22,875;0,21;-0,09;-0,38
22,887;0,27;0,04;0,01
22,952;0,46;0,15;0,72
22,954;0,60;0,27;1,65
22,955;0,65;0,22;2,55
22,956;0,75;0,01;3,43
22,958;0,61;-0,45;3,94
22,959;0,28;-0,64;4,21
22,960;-0,14;-0,40;3,81
22,964;-0,57;-0,16;2,79
22,974;-0,85;-0,13;1,62
22,990;-0,60;-0,01;1,02
22,993;0,00;0,27;0,60
23,004;0,71;0,52;0,08
23,043;1,52;0,61;-0,59
23,045;2,05;0,47;-0,83
23,046;1,80;0,06;-0,09
23,047;1,03;-0,39;1,20
23,053;0,10;-0,52;2,24
23,064;-0,86;-0,67;3,22
23,073;-1,50;-0,95;3,58
23,084;-1,94;-1,19;2,83
23,138;-1,85;-1,11;1,51
23,140;-1,48;-0,81;0,41
23,141;-1,06;-0,41;-0,54
23,143;-0,51;0,06;-0,71
23,144;0,06;0,45;-0,26
23,146;0,38;0,58;0,62
23,154;0,40;0,43;1,35
23,164;0,36;0,44;1,56
23,173;0,08;0,50;0,70
23,190;-0,15;0,55;-0,89
23,239;-0,42;0,48;-2,19
23,241;-0,45;0,38;-3,22
23,243;-0,33;0,40;-3,83
23,244;-0,12;0,57;-3,92
23,245;-0,01;0,76;-3,39
23,246;0,03;0,82;-2,33
23,253;-0,01;0,65;-1,43
23,265;-0,09;0,37;-1,22
23,273;-0,18;0,07;-1,51
23,285;-0,42;-0,03;-1,82
23,328;-0,67;-0,02;-2,03
23,331;-0,63;0,03;-2,11
23,333;-0,39;0,20;-2,06
23,334;-0,23;0,32;-1,94
23,335;-0,12;0,45;-1,52
23,346;0,11;0,48;-1,06
23,354;0,39;0,53;-0,55
23,365;0,39;0,63;0,14
23,374;0,32;0,60;0,89
23,393;0,28;0,41;1,46
23,396;0,21;0,11;1,76
23,405;0,02;-0,15;1,76
23,459;-0,06;-0,31;1,36
23,461;-0,02;-0,36;0,94
23,462;-0,18;-0,25;1,00
23,463;-0,46;-0,08;1,34
23,465;-0,75;-0,11;1,39
23,466;-1,02;-0,23;1,13
23,473;-1,12;-0,46;0,75
23,484;-0,72;-0,74;0,81
23,493;0,04;-1,18;1,51
23,510;1,01;-1,42;2,74
23,514;1,01;-1,42;2,74
23,515;1,84;-1,30;4,19
23,524;1,98;-0,93;5,22
23,558;1,83;-0,69;5,75
23,561;1,36;-0,70;4,85
23,562;0,87;-0,69;2,70
23,568;0,15;-0,54;0,76
23,574;-0,39;-0,49;-0,80
23,586;-0,54;-0,38;-2,01
23,593;-0,51;-0,10;-2,74
23,617;-0,33;0,34;-2,62
23,619;-0,19;0,73;-1,72
23,625;-0,08;0,74;-0,64
23,635;0,02;0,57;0,00
23,645;-0,14;0,38;0,37
23,654;-0,44;0,19;0,29
23,666;-0,64;0,04;-0,24
23,674;-0,66;0,09;-1,13
23,686;-0,65;0,32;-1,63
23,694;-0,57;0,50;-1,90
23,711;-0,31;0,37;-2,42
23,720;0,04;0,22;-3,06
23,725;0,14;0,19;-3,35
23,780;0,11;0,19;-3,66
23,782;0,10;0,09;-3,74
23,784;0,03;0,03;-2,55
23,785;-0,06;-0,00;-0,84
23,786;-0,11;-0,06;0,28
23,788;-0,16;-0,08;0,29
23,793;0,10;-0,08;1,65
23,805;0,41;-0,10;1,76
23,829;0,60;-0,14;0,83
23,831;0,33;-0,10;-0,52
23,833;0,00;-0,01;-1,32
23,844;-0,22;0,01;-1,67
23,860;-0,35;-0,13;-1,83
23,870;-0,55;-0,43;-1,59
23,873;-0,43;-0,73;-0,68
23,895;-0,01;-0,84;0,62
23,897;0,58;-0,72;2,08
23,925;0,90;-0,48;3,28
23,927;0,95;-0,29;4,16
23,928;1,01;-0,35;4,16
23,934;0,86;-0,79;2,85
23,944;0,56;-1,15;1,61
23,953;0,39;-1,28;0,85
23,967;0,73;-1,48;0,46
23,973;1,38;-1,71;0,50
23,985;1,79;-1,77;2,17
23,993;1,92;-1,35;4,90
24,007;1,38;-1,01;6,88
24,013;0,38;-1,17;7,72
24,073;-0,47;-1,58;7,64
24,074;-0,79;-1,83;6,51
24,075;-0,67;-1,72;4,25
24,076;-0,42;-1,54;1,95
24,077;0,36;-1,30;-0,50
24,078;1,25;-0,86;-2,67
24,084;1,68;-0,13;-3,55
24,093;1,30;0,58;-2,50
24,105;0,91;0,86;-0,32
24,113;0,50;0,86;1,41
24,144;-0,18;0,65;1,87
24,146;-1,04;0,32;1,07
24,147;-1,51;0,12;-0,64
24,154;-1,61;0,14;-2,47
24,164;-1,48;0,21;-3,74
24,173;-1,06;0,49;-4,22
24,189;-0,47;0,95;-3,60
24,193;0,10;1,15;-2,44
24,220;0,70;1,11;-1,57
24,221;0,98;0,96;-1,31
24,224;0,72;0,87;-1,00
24,234;0,25;0,75;-0,55
24,244;-0,21;0,44;-0,19
24,253;-0,55;0,01;-0,18
24,266;-0,92;-0,35;-0,76
24,274;-1,25;-0,47;-1,30
24,293;-1,27;-0,29;-1,26
24,295;-0,84;0,15;-0,67
24,347;-0,38;0,56;-0,15
24,349;-0,15;0,80;-0,22
24,350;-0,03;0,89;-0,72
24,351;-0,03;0,90;-1,32
24,352;-0,19;0,80;-1,77
24,353;-0,39;0,60;-1,72
24,364;-0,55;0,36;-1,28
24,374;-0,60;0,11;-0,61
24,407;-0,48;0,02;0,03
24,410;-0,45;0,07;0,39
24,411;-0,41;0,12;0,66
24,413;-0,32;0,23;0,94
24,424;-0,17;0,35;1,14
24,433;0,01;0,33;1,15
24,444;0,04;0,21;0,80
24,454;0,02;0,14;0,29
24,464;-0,02;0,10;-0,01
24,473;-0,01;0,02;-0,53
24,491;0,07;-0,04;-0,58
24,493;0,18;-0,11;-0,27
24,532;0,35;-0,15;0,17
24,534;0,69;0,13;1,16
24,535;0,72;0,38;1,78
24,536;0,63;0,44;1,90
24,544;0,41;0,48;1,71
24,553;0,02;0,27;1,03
24,564;-0,29;0,02;0,22
24,573;-0,41;-0,10;-0,46
24,584;-0,33;-0,05;-0,76
24,601;-0,24;0,06;-0,64
24,610;-0,10;0,12;-0,30
24,612;-0,10;0,12;-0,30
24,675;0,04;-0,03;0,33
24,676;-0,02;-0,17;0,32
24,677;-0,13;-0,21;0,38
24,679;-0,30;-0,23;0,45
24,680;-0,38;-0,24;0,43
24,681;-0,32;-0,20;0,26
24,684;-0,20;-0,09;-0,05
24,693;-0,12;0,05;-0,35
24,713;-0,08;0,26;-0,64
24,714;-0,07;0,28;-0,65
24,777;-0,09;0,29;-0,64
24,778;-0,18;0,18;-0,65
24,779;-0,28;0,02;-0,60
24,780;-0,36;-0,12;-0,49
24,781;-0,39;-0,22;-0,33
24,782;-0,37;-0,22;-0,15
24,784;-0,27;-0,19;0,08
24,792;-0,06;-0,11;0,35
24,814;-0,05;-0,09;0,34
24,816;0,18;0,01;0,72
24,875;0,07;0,01;0,85
24,877;0,01;0,01;0,78
24,877;-0,13;-0,06;0,57
24,878;-0,19;-0,07;0,34
24,879;-0,18;-0,08;-0,03
24,881;-0,09;-0,04;-0,26
24,884;0,04;0,05;-0,28
24,893;0,19;0,16;-0,11
24,920;0,32;0,22;0,09
24,927;0,43;0,24;0,21
24,928;0,44;0,26;0,35
24,933;0,45;0,26;0,28
24,968;0,38;0,22;-0,03
24,970;0,29;0,16;-0,25
24,971;0,28;0,16;-0,28
24,978;0,24;0,16;-0,13
24,984;0,20;0,14;0,11
24,994;0,18;0,09;0,34
25,026;0,13;0,07;0,59
25,028;0,09;0,02;0,78
25,030;0,11;-0,05;0,83
25,033;0,12;-0,10;0,98
25,044;0,10;-0,13;1,09
25,054;0,04;-0,17;1,18
25,065;0,01;-0,14;1,09
25,084;0,06;-0,11;0,87
25,087;0,22;0,01;0,41
25,156;0,22;0,14;-0,03
25,157;0,18;0,21;-0,33
25,158;0,15;0,23;-0,49
25,159;0,10;0,17;-0,50
25,160;-0,00;0,09;-0,55
25,161;-0,08;0,05;-0,60
25,162;-0,10;0,06;-0,50
25,164;-0,04;0,09;-0,29
25,173;0,14;0,12;-0,14
25,184;0,35;0,13;-0,00
25,193;0,47;0,20;0,17
25,204;0,42;0,18;0,37
25,215;0,34;0,12;0,49
25,292;0,25;0,09;0,52
25,294;0,10;0,04;0,44
25,295;-0,07;-0,00;0,33
25,296;-0,14;-0,02;0,29
25,302;-0,16;-0,01;0,23
25,303;-0,11;-0,00;0,30
25,304;-0,03;0,10;0,42
25,307;-0,02;0,10;0,42
25,308;-0,08;0,09;0,38
25,314;-0,10;0,07;0,08
25,331;-0,09;0,11;-0,11
25,333;-0,09;0,15;-0,20
25,379;-0,09;0,13;-0,28
25,380;-0,13;0,11;-0,21
25,381;-0,21;0,09;-0,07
25,382;-0,27;0,03;0,07
25,384;-0,24;0,01;0,06
25,393;-0,21;-0,02;-0,01
25,404;-0,18;0,04;-0,13
25,420;-0,07;0,10;-0,14
25,447;0,02;0,14;-0,18
25,449;0,02;0,14;-0,18
25,450;0,10;0,16;0,01
25,451;0,17;0,17;0,20
25,453;0,20;0,15;0,45
25,464;0,17;0,15;0,67
25,473;0,12;0,15;0,69
25,490;0,00;0,15;0,48
25,493;-0,17;0,05;0,24
25,504;-0,35;-0,06;0,06
25,517;-0,42;-0,13;-0,13
25,524;-0,36;-0,14;-0,21
25,533;-0,28;-0,09;-0,27
25,545;-0,21;-0,01;-0,23
25,554;-0,11;0,00;-0,16
25,565;0,00;0,02;-0,14
25,575;0,18;0,10;0,08
25,585;0,31;0,22;0,27
25,610;0,31;0,27;0,30
25,612;0,20;0,20;0,02
25,615;-0,02;0,03;-0,33
25,623;-0,19;-0,08;-0,48
25,676;-0,26;-0,11;-0,47
25,678;-0,27;-0,11;-0,43
25,679;-0,25;-0,07;-0,31
25,680;-0,20;-0,05;-0,08
25,681;-0,12;0,00;0,14
25,684;0,02;0,03;0,33
25,695;-0,00;0,02;0,32
25,704;-0,14;-0,01;0,29
25,719;-0,19;-0,04;0,33
25,724;-0,22;-0,06;0,44
25,748;-0,19;-0,08;0,39
25,750;-0,12;-0,02;0,20
25,753;-0,05;0,06;-0,02
25,764;0,01;0,10;-0,13
25,773;0,10;0,14;-0,12
25,785;0,19;0,12;-0,07
25,803;0,16;0,14;0,04
25,805;0,12;0,16;0,08
25,867;0,10;0,15;0,02
25,869;0,14;0,14;-0,02
25,870;0,10;0,13;-0,00
25,871;0,03;0,10;0,06
25,872;0,05;0,06;0,19
25,873;0,03;-0,01;0,34
25,874;-0,02;-0,03;0,46
25,883;-0,05;-0,02;0,53
25,893;-0,06;-0,01;0,42
25,912;-0,08;-0,02;0,22
25,914;-0,12;-0,02;-0,05
25,924;-0,13;-0,05;-0,25
25,958;-0,14;-0,08;-0,37
25,959;-0,02;-0,04;-0,60
25,960;0,07;0,04;-0,56
25,967;0,17;0,12;-0,16
25,973;0,26;0,16;0,33
25,984;0,22;0,06;0,56
25,993;0,05;-0,03;0,66
26,004;-0,09;-0,09;0,59
26,047;-0,10;-0,09;0,42
26,049;-0,09;-0,10;0,24
26,050;-0,03;-0,10;0,13
26,051;-0,01;-0,07;0,05
26,053;0,05;-0,01;-0,00
26,064;0,08;0,04;-0,06
26,073;0,06;0,08;-0,21
26,084;0,07;0,14;-0,36
26,094;0,07;0,15;-0,41
26,108;0,08;0,11;-0,40
26,162;0,04;0,09;-0,25
26,164;0,03;0,09;0,02
26,165;0,06;0,10;0,26
26,166;0,05;0,08;0,31
26,166;0,01;0,02;0,30
26,167;-0,02;-0,01;0,29
26,173;-0,08;-0,05;0,34
26,183;-0,13;-0,04;0,28
26,193;-0,13;-0,04;0,15
26,205;-0,12;-0,04;0,15
26,266;-0,05;-0,01;-0,20
26,268;0,03;0,04;-0,15
26,269;0,11;0,12;-0,00
26,270;0,03;0,10;0,16
26,278;-0,05;0,02;0,25
26,279;-0,10;0,00;0,17
26,281;-0,07;-0,03;0,11
26,284;-0,07;-0,03;0,11
26,293;0,05;0,10;0,08
26,306;0,08;0,12;0,17
26,313;0,07;0,12;0,26
26,358;0,01;0,06;0,13
26,359;-0,04;0,04;0,10
26,360;-0,07;0,06;0,03
26,361;-0,11;0,07;-0,02
26,367;-0,08;0,08;-0,05
26,374;-0,07;0,11;-0,06
26,384;-0,09;0,08;-0,04
26,393;-0,11;0,03;0,02
26,404;-0,14;-0,04;0,09
26,412;-0,15;-0,11;0,07
26,457;-0,06;-0,09;0,12
26,459;0,06;-0,06;0,38
26,460;0,12;-0,05;0,55
26,461;0,10;-0,05;0,61
26,466;0,06;-0,09;0,51
26,473;0,02;-0,11;0,29
26,484;-0,11;-0,11;0,10
26,493;-0,16;-0,10;-0,02
26,510;-0,09;0,01;-0,20
26,514;-0,08;0,05;-0,28
26,567;-0,06;0,09;-0,54
26,568;-0,01;0,12;-0,75
26,569;0,12;0,17;-0,75
26,570;0,31;0,25;-0,41
26,572;0,40;0,27;0,24
26,573;0,35;0,20;0,79
26,584;0,20;0,01;1,05
26,593;-0,01;-0,13;1,06
26,605;-0,16;-0,22;0,82
26,613;-0,11;-0,15;0,67
26,657;-0,07;-0,02;0,47
26,659;-0,08;-0,01;0,34
26,660;-0,15;-0,04;0,13
26,661;-0,20;-0,04;-0,13
26,664;-0,19;-0,01;-0,29
26,673;-0,14;0,01;-0,38
26,688;-0,00;0,04;-0,36
26,693;0,06;0,09;-0,31
26,737;0,08;0,06;-0,27
26,738;0,09;0,02;-0,21
26,739;0,03;-0,05;-0,10
26,740;-0,02;-0,10;-0,02
26,744;-0,05;-0,17;0,03
26,753;-0,03;-0,17;0,08
26,764;0,02;-0,12;0,15
26,773;0,10;-0,07;0,02
26,791;0,07;-0,04;-0,22
26,794;0,02;-0,01;-0,32
26,847;-0,01;-0,03;-0,31
26,848;-0,09;-0,03;-0,25
26,849;-0,18;-0,06;-0,15
26,851;-0,18;-0,07;-0,16
26,851;-0,11;-0,06;-0,13
26,857;-0,06;0,01;-0,11
26,865;-0,03;0,05;-0,00
26,873;-0,00;0,03;0,06
26,891;0,04;-0,00;0,13
26,893;0,03;0,02;0,29
26,924;-0,00;-0,01;0,60
26,926;0,03;-0,03;0,63
26,927;-0,05;-0,03;0,29
26,944;-0,11;0,01;-0,02
26,945;-0,12;0,05;-0,35
26,953;-0,05;0,11;-0,53
26,964;0,08;0,15;-0,59
26,973;0,21;0,17;-0,49
26,994;0,27;0,15;-0,04
26,996;0,26;0,10;0,38
27,056;0,31;0,01;0,72
27,058;0,26;-0,00;1,00
27,059;0,11;0,01;1,05
27,060;-0,07;-0,01;0,82
27,061;-0,22;-0,07;0,33
27,062;-0,22;-0,09;-0,22
27,064;-0,23;-0,03;-0,64
27,073;-0,21;0,11;-0,84
27,084;-0,10;0,21;-0,78
27,100;0,07;0,21;-0,54
27,157;0,20;0,22;-0,27
27,159;0,28;0,25;-0,00
27,160;0,27;0,22;0,35
27,161;0,13;0,17;0,56
27,162;0,00;0,04;0,59
27,163;-0,08;-0,06;0,41
27,164;-0,12;-0,11;0,25
27,173;-0,16;-0,11;0,15
27,184;-0,12;-0,06;0,18
27,194;-0,05;-0,00;0,27
27,248;0,01;-0,00;0,20
27,250;-0,02;-0,03;0,02
27,251;-0,07;-0,09;-0,13
27,252;-0,09;-0,08;-0,22
27,253;-0,06;-0,07;-0,13
27,258;-0,09;-0,06;0,10
27,264;-0,11;-0,08;0,18
27,273;-0,13;-0,13;0,17
27,283;-0,13;-0,15;0,03
27,293;-0,12;-0,11;-0,07
27,328;-0,00;-0,05;-0,08
27,329;0,08;-0,01;0,07
27,330;0,10;-0,01;0,21
27,333;0,15;-0,01;0,27
27,344;0,10;-0,03;0,29
27,353;0,07;-0,06;0,28
27,364;0,03;-0,09;0,11
27,373;0,03;-0,10;-0,06
27,385;0,02;-0,02;-0,12
27,397;-0,00;0,02;-0,14
27,464;0,04;0,03;-0,38
27,466;0,07;0,05;-0,45
27,466;0,03;0,09;-0,41
27,467;0,08;0,09;-0,28
27,468;0,12;0,13;0,03
27,469;0,13;0,03;0,26
27,470;0,02;-0,01;0,55
27,473;-0,12;-0,05;0,73
27,484;-0,19;-0,12;0,63
27,496;-0,20;-0,13;0,36
27,504;-0,26;-0,09;0,04
27,527;-0,20;-0,05;-0,24
27,529;-0,09;0,02;-0,29
27,533;0,04;0,11;-0,16
27,544;0,11;0,16;0,05
27,554;0,07;0,18;0,26
27,565;0,06;0,15;0,21
27,575;-0,02;0,08;0,07
27,586;-0,08;0,01;-0,07
27,594;-0,04;0,03;0,02
27,605;0,07;0,07;0,21
27,628;0,10;0,11;0,41
27,630;0,06;0,05;0,40
27,688;-0,01;0,01;0,26
27,690;-0,01;0,01;0,26
27,691;-0,08;-0,02;0,19
27,693;-0,11;-0,01;0,09
27,694;-0,10;0,02;0,08
27,695;-0,05;0,05;0,05
27,695;-0,00;0,10;-0,05
27,697;0,03;0,11;-0,17
27,704;0,05;0,07;-0,22
27,713;0,05;0,04;-0,14
27,729;0,06;0,05;-0,01
27,732;0,05;0,02;0,12
27,767;0,05;-0,01;0,14
27,769;-0,01;-0,02;0,20
27,771;0,00;-0,05;0,24
27,777;0,03;-0,03;0,28
27,784;0,01;-0,05;0,25
27,793;0,01;-0,04;0,22
27,804;-0,03;-0,10;0,14
27,816;-0,03;-0,09;0,08
27,869;-0,03;-0,05;0,17
27,871;0,01;0,01;0,10
27,872;0,02;0,01;-0,15
27,873;-0,03;-0,03;-0,41
27,874;-0,06;-0,03;-0,53
27,875;-0,01;0,01;-0,41
27,884;0,06;0,01;-0,10
27,897;0,09;0,02;0,31
27,904;0,13;-0,00;0,51
27,930;0,13;-0,03;0,55
27,932;0,02;-0,08;0,53
27,933;-0,09;-0,12;0,41
27,945;-0,17;-0,10;0,29
27,954;-0,22;-0,11;0,08
27,965;-0,19;-0,06;-0,06
27,974;-0,12;0,00;-0,31
27,985;0,01;0,09;-0,53
28,012;0,07;0,11;-0,47
28,015;0,13;0,12;-0,27
28,017;0,14;0,09;0,04
28,024;0,12;0,03;0,17
28,083;0,13;0,01;0,24
28,085;0,11;-0,00;0,31
28,086;0,08;-0,05;0,35
28,087;0,08;-0,06;0,40
28,087;0,08;-0,04;0,36
28,088;0,05;-0,02;0,30
28,093;0,03;0,03;0,19
28,104;-0,05;0,03;0,11
28,116;-0,12;0,02;-0,11
28,125;-0,07;0,05;-0,38
28,145;-0,06;0,07;-0,43
28,147;0,01;0,12;-0,38
28,153;0,07;0,10;-0,21
28,164;0,08;0,08;0,04
28,173;0,03;0,02;0,29
28,184;-0,07;-0,05;0,49
28,202;-0,13;-0,13;0,51
28,205;-0,18;-0,17;0,42
28,259;-0,19;-0,17;0,32
28,260;-0,14;-0,08;0,15
28,262;-0,09;-0,06;-0,05
28,267;-0,05;-0,04;-0,15
28,268;-0,05;0,01;-0,20
28,271;0,03;0,03;-0,08
28,272;0,03;0,03;-0,08
28,284;0,13;0,04;-0,02
28,293;0,18;0,06;0,00
28,305;0,19;-0,01;-0,05
28,334;0,17;0,00;-0,01
28,336;0,07;-0,03;0,39
28,337;0,04;-0,05;0,48
28,345;-0,04;-0,08;0,43
28,354;-0,13;-0,08;0,23
28,366;-0,19;-0,04;0,08
28,374;-0,11;0,01;-0,10
28,385;0,05;0,09;-0,26
28,394;0,17;0,16;-0,36
28,416;0,22;0,24;-0,38
28,420;0,25;0,21;-0,25
28,424;0,23;0,19;0,05
28,488;0,17;0,09;0,30
28,490;0,07;0,02;0,42
28,491;-0,00;-0,06;0,37
28,492;-0,05;-0,05;0,19
28,494;-0,11;-0,03;0,15
28,495;-0,11;-0,01;0,09
28,497;-0,03;0,04;0,04
28,504;-0,01;0,06;0,01
28,521;-0,02;0,06;0,07
28,524;-0,02;0,06;0,07
28,526;-0,01;0,07;0,07
28,555;-0,04;0,04;0,03
28,557;-0,04;-0,01;0,03
28,558;-0,02;0,02;0,08
28,566;0,09;0,04;0,15
28,573;0,12;0,05;0,28
28,584;-0,03;-0,01;0,27
28,594;-0,07;-0,03;0,21
28,614;-0,11;-0,08;0,11
28,615;-0,18;-0,11;0,08
28,625;-0,21;-0,11;0,11
28,644;-0,16;-0,06;0,10
28,646;-0,09;-0,02;0,07
28,656;-0,02;-0,01;-0,01
28,667;0,00;-0,00;-0,12
28,674;0,01;-0,01;-0,14
28,686;0,01;-0,07;-0,09
28,694;-0,01;-0,10;0,04
28,705;-0,01;-0,10;0,19
28,726;-0,03;-0,10;0,27
28,730;-0,02;-0,08;0,29
28,738;-0,02;-0,05;0,20
28,740;-0,02;-0,05;0,20
28,744;0,02;0,02;0,15
28,796;0,05;0,02;0,08
28,798;-0,04;0,01;0,18
28,800;0,03;0,02;0,13
28,801;-0,02;0,03;0,01
28,802;-0,08;0,03;-0,03
28,805;-0,07;0,03;-0,03
28,813;-0,00;0,01;-0,07
28,824;0,02;0,03;-0,09
28,847;0,03;0,05;0,01
28,850;0,07;0,08;0,03
28,853;0,07;0,06;-0,05
28,878;0,13;0,08;-0,08
28,881;0,12;0,07;0,02
28,888;0,11;0,07;0,11
28,893;0,07;0,03;0,08
28,910;-0,02;0,02;0,05
28,914;-0,03;0,02;0,02
28,938;-0,01;0,04;-0,02
28,941;0,03;0,09;0,04
28,944;0,05;0,11;0,17
28,953;0,07;0,08;0,22
28,964;0,04;0,05;0,27
28,974;-0,04;0,00;0,27
28,991;-0,15;-0,07;0,23
28,993;-0,12;-0,04;0,26
29,020;-0,01;0,04;0,25
29,022;0,04;0,09;0,15
29,025;0,02;0,08;0,06
29,053;-0,03;0,06;0,07
29,055;-0,09;-0,01;0,17
29,056;-0,15;-0,05;0,27
29,064;-0,19;-0,09;0,30
29,073;-0,19;-0,09;0,31
29,092;-0,18;-0,11;0,28
29,095;-0,15;-0,09;0,25
29,150;-0,12;-0,04;0,30
29,152;-0,12;-0,05;0,26
29,153;-0,01;-0,00;0,35
29,154;-0,05;-0,07;0,37
29,155;-0,07;-0,04;0,23
29,156;-0,00;-0,01;-0,04
29,164;0,06;0,05;-0,15
29,173;0,13;0,11;-0,20
29,192;0,14;0,16;-0,30
29,193;0,07;0,18;-0,39
29,220;0,02;0,17;-0,40
29,222;-0,02;0,20;-0,34
29,226;0,00;0,19;-0,15
29,233;0,02;0,10;-0,11
29,244;-0,02;0,05;-0,14
29,253;-0,08;0,03;-0,10
29,264;-0,08;0,03;0,07
29,273;-0,04;0,06;0,32
29,292;0,05;0,05;0,44
29,295;0,07;0,00;0,36
29,341;0,06;-0,02;0,32
29,344;0,01;-0,05;0,27
29,345;0,01;-0,03;0,15
29,346;-0,02;-0,01;0,07
29,347;-0,03;0,02;-0,03
29,354;-0,03;0,02;-0,03
29,364;-0,06;0,04;-0,45
29,375;-0,04;0,02;-0,43
29,400;-0,05;0,02;-0,22
29,404;0,01;0,07;0,07
29,406;0,08;0,09;0,28
29,414;0,02;0,06;0,38
29,458;-0,02;0,01;0,39
29,460;-0,11;-0,05;0,27
29,461;-0,12;-0,07;0,23
29,462;-0,15;-0,07;0,18
29,464;-0,19;-0,06;0,09
29,473;-0,18;-0,08;-0,08
29,484;-0,15;-0,07;-0,27
29,494;-0,14;-0,00;-0,24
29,546;-0,05;0,03;-0,10
29,547;0,08;0,09;0,12
29,548;0,12;0,11;0,41
29,549;0,04;-0,00;0,55
29,551;0,05;-0,10;0,81
29,556;0,02;-0,17;0,65
29,565;-0,06;-0,19;0,53
29,573;-0,12;-0,15;0,39
29,585;-0,07;-0,04;0,21
29,600;-0,07;0,04;0,04
29,639;-0,10;0,08;-0,21
29,641;-0,08;0,07;-0,56
29,642;0,01;0,12;-0,77
29,643;0,06;0,17;-0,76
29,645;0,19;0,22;-0,49
29,656;0,24;0,24;-0,06
29,666;0,22;0,16;0,45
29,675;0,09;-0,01;0,69
29,685;-0,04;-0,13;0,68
29,705;-0,14;-0,25;0,56
29,709;-0,18;-0,23;0,32
29,714;-0,13;-0,14;0,11
29,776;-0,06;-0,02;-0,00
29,779;0,04;0,08;-0,10
29,780;0,12;0,14;-0,19
29,782;0,14;0,17;-0,29
29,784;0,20;0,18;-0,40
29,786;0,19;0,15;-0,36
29,788;0,16;0,13;-0,22
29,794;0,14;0,10;0,01
29,818;0,10;0,08;0,32
29,821;0,09;0,08;0,41
29,878;0,06;0,05;0,42
29,881;0,06;0,05;0,42
29,883;0,01;0,08;0,27
29,885;-0,03;0,05;-0,09
29,886;-0,06;0,07;-0,24
29,887;-0,08;0,09;-0,31
29,890;-0,10;0,09;-0,20
29,894;-0,07;0,08;-0,01
29,907;-0,08;0,04;0,16
29,918;-0,09;0,00;0,23
29,959;-0,10;-0,05;0,33
29,959;-0,12;-0,07;0,36
29,960;-0,16;-0,10;0,42
29,960;-0,26;-0,13;0,40
29,963;-0,30;-0,16;0,29
29,973;-0,22;-0,17;0,10
29,984;-0,16;-0,13;-0,10
29,993;-0,03;-0,00;-0,25
30,004;0,11;0,03;-0,35
30,020;0,16;0,05;-0,10
30,094;0,22;0,04;0,21
30,096;0,10;0,02;0,46
30,098;-0,03;-0,08;0,48
30,101;-0,18;-0,09;0,37
30,102;-0,16;-0,09;0,09
30,104;-0,03;0,02;-0,05
30,106;0,09;0,08;-0,09
30,109;0,16;0,11;-0,05
30,111;0,13;0,12;-0,02
30,115;0,09;0,09;-0,03
30,131;-0,01;0,01;0,06
30,133;-0,10;-0,11;0,22
30,169;-0,13;-0,15;0,25
30,170;-0,05;-0,15;0,06
30,170;0,00;-0,12;-0,61
30,176;-0,09;-0,01;-0,86
30,183;0,02;0,16;-0,57
30,192;0,20;0,20;-0,13
30,203;0,31;0,14;0,25
30,219;0,23;0,09;0,36
30,236;0,11;0,07;0,49
30,237;-0,02;0,03;0,54
30,244;-0,09;-0,10;0,50
30,252;-0,16;-0,12;0,51
30,263;-0,19;-0,08;0,37
30,438;-0,14;-0,13;0,02
30,443;-0,17;-0,16;-0,42
30,447;-0,17;-0,16;-0,42
30,449;-0,36;-0,28;-1,01
30,451;-0,25;-0,24;-1,16
30,453;-0,09;-0,02;-0,65
30,454;0,00;0,08;-0,09
30,456;0,13;0,16;0,52
30,457;0,45;0,33;1,08
30,458;0,59;0,33;1,06
30,460;0,35;0,24;0,58
30,461;-0,06;0,05;0,02
30,463;-0,31;-0,12;-0,34
30,465;-0,44;-0,19;-0,32
30,466;-0,39;-0,14;0,03
30,468;-0,22;-0,06;0,34
30,469;-0,20;-0,05;0,33
30,471;0,10;0,16;0,59
30,472;0,05;0,15;0,39
30,473;0,05;0,15;0,39
30,475;-0,06;0,11;0,31
30,476;-0,09;0,12;0,24
30,477;-0,09;0,12;0,24
30,484;-0,18;0,14;-0,05
30,493;-0,13;0,17;-0,13
30,504;-0,07;0,16;-0,08
30,513;0,01;0,18;0,15
30,524;0,01;0,21;0,37
30,533;-0,00;0,18;0,40
30,544;-0,05;0,13;0,32
30,553;-0,17;0,09;0,07
30,564;-0,22;0,04;-0,12
30,573;-0,18;0,02;-0,31
30,584;-0,13;0,07;-0,39
30,594;-0,11;0,14;-0,22
30,606;0,04;0,17;0,00
30,613;0,05;0,09;0,07
30,625;0,02;0,02;0,07
30,634;0,14;-0,02;0,08
30,645;0,27;-0,03;0,12
30,653;0,30;-0,08;0,10
30,665;0,29;-0,12;0,02
30,674;0,20;-0,13;-0,08
30,684;0,05;-0,17;-0,08
30,693;0,07;-0,20;0,07
30,704;0,24;-0,13;0,01
30,713;0,20;-0,07;-0,15
30,724;0,07;0,02;-0,15
30,733;0,09;-0,03;0,03
30,744;0,27;-0,09;0,18
30,753;0,22;-0,15;0,07
30,765;0,12;-0,10;-0,05
30,774;0,03;-0,04;-0,26
30,784;-0,03;-0,00;-0,34
30,795;-0,14;-0,04;-0,48
30,804;-0,25;-0,08;-0,55
30,814;-0,25;-0,13;-0,46
30,825;-0,13;-0,11;-0,34
30,833;-0,09;-0,12;-0,12
30,844;-0,17;-0,07;0,34
30,853;-0,18;-0,06;0,61
30,864;-0,25;-0,13;0,46
30,873;-0,36;-0,21;0,29
30,883;-0,35;-0,20;0,09
30,893;-0,30;-0,16;-0,03
30,904;-0,17;-0,13;0,01
30,914;-0,01;-0,06;0,07
30,925;0,11;-0,00;0,16
30,934;0,18;0,00;0,29
30,945;0,23;0,03;0,47
30,954;0,25;0,01;0,64
30,966;0,22;0,01;0,71
30,975;0,12;-0,08;0,67
30,984;0,08;-0,10;0,54
30,993;0,91;-0,72;1,83
31,005;0,37;-0,51;0,34
31,014;0,97;0,65;1,27
31,025;0,19;0,51;0,77
31,035;-0,47;-0,20;0,28
31,045;-0,80;-0,53;-0,19
31,053;-1,07;-0,46;-0,84
31,064;-1,20;-0,26;-1,16
31,074;-0,94;-0,46;-1,01
31,084;-0,61;-0,77;-0,73
31,093;-0,08;-0,41;-0,34
31,104;0,36;0,05;-0,11
31,114;0,47;0,22;-0,54
31,125;0,26;0,11;-0,98
31,134;0,09;0,07;-0,82
31,145;0,12;0,02;-0,28
31,154;0,23;-0,07;0,25
31,165;0,35;0,02;0,81
31,175;0,40;0,20;1,03
31,186;0,34;0,26;0,91
31,195;0,22;0,23;0,61
31,207;0,19;0,11;0,21
31,215;-0,12;0,09;2,66
31,227;0,08;0,12;0,07
31,233;0,87;0,39;-1,47
31,244;1,38;0,89;-1,78
31,254;1,53;0,94;-1,76
31,266;1,93;0,85;-0,76
31,274;1,36;0,33;0,61
31,285;0,58;0,35;1,10
31,296;0,13;0,55;0,66
31,306;0,05;0,46;0,17
31,316;0,20;0,28;0,09
31,327;0,02;0,13;0,13
31,336;-0,49;-0,02;0,16
31,346;-0,61;-0,25;0,13
31,356;-0,59;-0,32;0,04
31,367;-0,85;-0,35;-0,11
31,376;-0,88;-0,29;-0,12
31,386;-0,32;0,10;0,48
31,392;-0,05;0,29;0,80
31,426;-0,10;0,11;1,03
31,426;-0,12;-0,07;1,07
31,427;-0,33;0,01;0,53
31,434;-0,85;0,04;0,25
31,443;-0,80;-0,11;-0,11
31,459;-0,55;-0,28;-0,28
31,543;0,10;0,06;-0,12
31,553;-0,30;-0,27;-0,33
31,668;0,07;-0,13;0,04
31,669;0,45;0,67;0,37
31,669;0,42;-0,01;0,22
31,670;0,01;-0,83;0,12
31,670;0,01;-0,83;0,12
31,671;-0,22;-0,74;0,54
31,671;-0,15;-0,24;0,87
31,671;-0,02;0,02;0,64
31,672;0,20;0,16;0,42
31,672;0,23;0,14;0,12
31,673;0,16;0,08;-0,02
31,673;0,07;0,06;-0,14
31,674;0,07;0,06;-0,14
31,684;-0,06;0,07;-0,16
31,693;-0,14;0,02;-0,15
31,706;-0,20;-0,01;-0,06
31,715;-0,19;-0,04;0,12
31,735;-0,13;-0,06;0,08
31,735;-0,05;-0,05;-0,01
31,742;0,01;-0,00;-0,09
31,753;0,10;-0,00;-0,10
31,762;0,13;-0,03;-0,13
31,773;0,09;-0,03;-0,16
31,782;0,02;-0,01;-0,08
31,793;-0,06;-0,01;-0,05
31,814;-0,10;-0,01;-0,07
31,815;-0,14;-0,02;-0,05
31,823;-0,04;-0,01;-0,08
31,835;0,03;0,02;0,05
31,842;0,10;0,07;0,20
31,853;0,10;0,06;0,32
31,862;0,03;0,06;0,36
31,873;0,03;0,01;0,28
31,882;-0,01;-0,02;0,15
31,895;-0,03;0,00;-0,01
31,915;0,00;0,03;0,01
31,916;0,05;0,05;0,17
31,924;0,10;0,09;0,18
31,935;0,11;0,08;0,10
31,942;0,11;0,08;0,03
31,953;0,01;-0,02;-0,07
31,962;-0,11;-0,05;-0,14
31,973;-0,15;0,08;-0,23
31,982;-0,20;0,13;-0,18
31,993;-0,15;0,10;0,09
32,014;-0,14;0,01;0,32
32,015;-0,21;-0,25;0,68
32,023;-0,22;-0,34;1,11
32,033;-0,23;-0,38;1,13
32,042;-0,18;-0,27;0,58
32,053;-0,13;-0,03;-0,14
32,062;0,05;0,24;-0,88
32,074;0,27;0,47;-1,34
32,082;0,36;0,65;-1,45
32,094;0,42;0,74;-1,43
32,115;0,15;0,73;-1,14
32,116;0,20;0,66;0,05
32,124;0,22;0,39;0,76
32,133;0,14;0,12;0,85
32,142;0,07;-0,01;0,44
32,153;-0,14;-0,06;-0,18
32,162;-0,42;-0,03;-0,66
32,173;-0,52;-0,05;-0,85
32,182;-0,26;-0,12;-0,80
32,193;0,08;-0,08;-0,49
32,215;0,34;-0,09;0,15
32,216;0,56;-0,11;0,83
