0,007;0,03;-0,13;0,90
0,029;0,23;0,02;1,14
0,030;0,37;0,06;1,13
0,045;0,32;0,03;0,83
0,047;0,17;0,02;0,51
0,062;0,13;0,03;0,40
0,064;0,25;0,06;0,48
0,079;0,38;0,09;0,35
0,103;0,29;0,12;0,17
0,105;0,05;0,08;0,06
0,106;-0,07;0,07;-0,06
0,143;-0,10;-0,03;-0,20
0,145;-0,12;-0,10;-0,29
0,146;-0,03;-0,15;-0,20
0,148;0,09;-0,11;-0,11
0,153;0,16;-0,02;-0,19
0,171;0,10;0,05;-0,07
0,173;0,16;0,11;0,13
0,203;0,14;0,11;0,24
0,204;-0,01;0,11;0,24
0,206;-0,15;0,02;0,30
0,215;-0,08;-0,08;0,13
0,232;0,03;-0,09;0,05
0,234;0,09;-0,06;-0,03
0,248;0,19;0,01;-0,09
0,265;0,28;0,10;-0,09
0,267;0,23;0,10;0,02
0,281;0,06;0,03;0,17
0,284;0,02;-0,05;0,29
0,298;-0,05;-0,09;0,39
0,333;-0,07;-0,09;0,46
0,335;-0,03;-0,02;0,50
0,336;0,11;0,06;0,34
0,337;0,26;0,13;0,12
0,342;0,28;0,15;-0,17
0,353;0,13;0,09;-0,39
0,362;-0,02;-0,01;-0,36
0,382;-0,10;-0,09;-0,21
0,383;-0,14;-0,12;-0,06
0,393;-0,21;-0,14;-0,05
0,414;-0,27;-0,11;-0,14
0,416;-0,24;-0,08;-0,22
0,422;-0,12;-0,01;-0,13
0,433;-0,03;0,04;0,08
0,442;0,07;0,08;0,28
0,453;0,13;0,07;0,36
0,462;0,03;0,04;0,18
0,484;-0,05;0,02;0,01
0,486;-0,03;0,03;-0,05
0,493;0,11;0,04;-0,12
0,534;0,19;0,13;-0,17
0,536;0,24;0,17;-0,18
0,538;0,14;0,14;-0,14
0,539;0,00;0,04;-0,11
0,542;-0,08;-0,04;-0,08
0,554;-0,04;-0,08;0,12
0,563;0,11;-0,03;0,32
0,584;0,22;0,02;0,42
0,587;0,19;0,08;0,31
0,594;0,12;0,10;0,16
0,630;0,02;0,09;0,08
0,632;-0,09;0,03;0,01
0,633;-0,15;-0,05;-0,01
0,634;-0,19;-0,07;0,01
0,642;-0,21;-0,07;0,12
0,653;-0,19;-0,05;0,15
0,662;-0,21;-0,06;0,17
0,673;-0,17;-0,08;0,11
0,682;-0,12;-0,06;0,02
0,711;-0,10;0,00;0,04
0,713;-0,07;0,07;0,04
0,715;0,02;0,10;0,01
0,724;0,10;0,12;-0,08
0,737;0,18;0,18;-0,22
0,742;0,21;0,20;-0,29
0,754;0,24;0,20;-0,27
0,763;0,23;0,19;-0,24
0,780;0,17;0,14;-0,09
0,841;0,08;0,07;0,09
0,843;0,08;0,07;0,09
0,844;-0,10;-0,04;0,29
0,845;-0,17;-0,05;0,23
0,846;-0,17;-0,11;0,22
0,847;-0,11;-0,12;0,22
0,848;-0,01;-0,09;0,12
0,849;0,05;-0,08;0,00
0,853;0,03;-0,05;-0,03
0,862;0,05;-0,06;-0,06
0,876;0,04;-0,08;0,08
0,882;-0,02;-0,07;0,27
0,906;-0,08;-0,08;0,32
0,907;-0,09;-0,14;0,31
0,913;-0,11;-0,16;0,13
0,923;-0,08;-0,15;-0,02
0,934;0,03;-0,08;-0,11
0,943;0,12;0,02;-0,15
0,955;0,17;0,07;-0,05
0,963;0,15;0,09;0,13
0,975;0,01;0,03;0,46
0,983;-0,06;-0,02;0,51
1,008;-0,13;-0,06;0,45
1,012;-0,14;-0,08;0,32
1,016;-0,12;-0,06;0,11
1,070;-0,03;-0,00;-0,09
1,072;0,05;0,10;-0,29
1,073;0,16;0,16;-0,31
1,074;0,19;0,20;-0,27
1,076;0,12;0,11;-0,16
1,077;0,06;0,02;-0,04
1,082;0,00;-0,01;0,11
1,093;0,02;-0,02;0,21
1,114;0,02;-0,02;0,21
1,115;0,09;-0,03;0,35
1,140;0,14;-0,02;0,28
1,141;0,13;-0,02;0,13
1,142;0,09;-0,01;-0,06
1,154;-0,02;-0,03;-0,07
1,162;-0,14;-0,04;0,04
1,174;-0,20;-0,09;0,15
1,182;-0,15;-0,11;0,19
1,200;-0,09;-0,05;0,09
1,202;0,02;0,02;0,05
1,213;0,08;0,10;0,09
1,222;0,08;0,10;0,08
1,233;0,01;0,04;0,03
1,242;-0,07;-0,00;-0,02
1,255;-0,12;-0,03;0,02
1,262;-0,11;-0,07;0,05
1,273;-0,07;-0,06;0,03
1,282;0,03;-0,06;0,02
1,306;0,14;0,01;0,03
1,308;0,21;0,04;-0,08
1,315;0,20;0,06;-0,24
1,361;0,19;0,04;-0,39
1,364;0,16;0,03;-0,45
1,365;0,20;0,05;-0,46
1,366;0,18;0,06;-0,36
1,367;0,10;0,01;-0,16
1,374;0,04;-0,05;-0,07
1,382;0,02;-0,08;-0,00
1,396;-0,07;-0,07;-0,00
1,402;-0,17;-0,10;-0,23
1,427;-0,20;-0,05;-0,46
1,428;-0,22;0,01;-0,52
1,433;-0,25;0,04;-0,19
1,442;-0,24;0,05;0,39
1,453;-0,25;0,03;0,91
1,462;-0,28;-0,03;1,30
1,480;-0,26;-0,16;1,26
1,482;-0,32;-0,28;0,68
1,509;-0,36;-0,24;-0,00
1,510;-0,38;-0,10;-0,54
1,514;-0,31;0,03;-0,45
1,524;-0,19;0,11;0,21
1,533;-0,13;0,04;1,10
1,542;-0,12;-0,12;1,67
1,553;-0,40;-0,27;1,84
1,562;-0,54;-0,43;1,77
1,581;-0,32;-0,44;1,39
1,648;0,19;-0,12;0,62
1,650;0,19;-0,12;0,62
1,651;0,94;0,70;-0,87
1,652;1,16;0,92;-1,49
1,653;1,21;1,02;-1,92
1,655;1,03;0,98;-1,86
1,657;0,68;0,71;-1,26
1,658;0,38;0,29;-0,42
1,662;0,14;-0,04;0,14
1,681;0,08;-0,07;0,15
1,684;-0,16;-0,37;0,63
1,722;-0,42;-0,57;0,90
1,725;-0,44;-0,54;0,59
1,726;-0,38;-0,42;0,14
1,728;-0,20;-0,33;-0,23
1,734;-0,02;-0,20;-0,23
1,743;0,08;-0,15;0,16
1,753;-0,03;-0,22;0,63
1,762;-0,25;-0,35;0,95
1,785;-0,44;-0,42;0,94
1,788;-0,56;-0,53;0,73
1,838;-0,61;-0,53;0,45
1,841;-0,49;-0,42;0,19
1,842;-0,22;-0,18;-0,00
1,843;0,07;0,04;-0,08
1,845;0,28;0,20;-0,15
1,846;0,34;0,23;-0,16
1,853;0,19;0,17;-0,16
1,863;0,02;0,03;-0,12
1,890;-0,09;-0,07;0,02
1,892;-0,11;-0,08;0,15
1,894;-0,06;-0,04;0,18
1,914;0,08;0,05;0,05
1,915;0,19;0,15;-0,12
1,926;0,26;0,19;-0,48
1,942;0,23;0,19;-0,70
1,943;0,20;0,20;-0,77
1,959;0,17;0,22;-0,55
1,979;0,18;0,27;-0,03
1,982;0,13;0,25;0,42
1,983;0,05;0,15;0,66
2,002;-0,05;0,04;0,59
2,004;-0,14;-0,05;0,41
2,056;-0,12;-0,06;0,09
2,057;-0,04;0,01;-0,21
2,059;0,01;0,14;-0,39
2,060;0,10;0,20;-0,47
2,061;0,06;0,16;-0,44
2,062;-0,06;0,10;-0,30
2,073;-0,19;-0,00;-0,23
2,090;-0,22;-0,06;-0,16
2,110;-0,21;-0,06;-0,16
2,111;-0,16;-0,13;0,09
2,127;-0,12;-0,13;0,19
2,127;-0,09;-0,10;0,26
2,143;-0,09;-0,09;0,21
2,143;-0,16;-0,11;0,10
2,153;-0,22;-0,11;-0,08
2,162;-0,23;-0,10;-0,14
2,174;-0,20;-0,10;-0,12
2,192;-0,11;-0,07;-0,01
2,197;0,03;-0,04;0,07
2,199;0,03;-0,04;0,07
2,202;0,11;0,03;0,14
2,246;0,08;0,08;0,23
2,248;-0,06;0,05;0,34
2,249;-0,22;-0,02;0,61
2,250;-0,26;-0,07;0,75
2,253;-0,23;-0,08;0,77
2,262;-0,08;-0,01;0,66
2,274;0,09;0,13;0,41
2,282;0,31;0,28;0,04
2,294;0,46;0,43;-0,24
2,305;0,53;0,49;-0,27
2,364;0,46;0,44;0,03
2,366;0,31;0,27;0,39
2,367;0,14;0,09;0,54
2,368;0,01;-0,01;0,54
2,369;-0,03;-0,07;0,37
2,371;-0,07;-0,07;0,14
2,373;-0,05;-0,05;0,02
2,382;-0,04;-0,04;-0,10
2,394;-0,06;-0,07;-0,05
2,410;-0,09;-0,09;0,13
2,414;-0,13;-0,12;0,38
2,422;-0,12;-0,17;0,40
2,433;-0,08;-0,16;0,17
2,442;-0,04;-0,10;-0,11
2,453;0,04;0,03;-0,25
2,463;0,11;0,09;-0,23
2,473;0,15;0,12;-0,09
2,482;0,14;0,07;0,13
2,493;0,08;0,04;0,33
2,505;0,05;-0,03;0,46
2,558;0,06;-0,06;0,44
2,560;0,08;-0,11;0,18
2,561;0,06;-0,08;-0,20
2,563;0,02;-0,01;-0,51
2,565;0,08;0,04;-0,50
2,566;0,18;0,13;-0,28
2,573;0,20;0,13;-0,05
2,593;0,07;0,05;0,09
2,596;-0,13;-0,11;0,03
2,609;-0,17;-0,14;0,06
2,618;-0,09;-0,14;0,18
2,622;-0,05;-0,08;0,25
2,633;0,05;0,05;0,33
2,642;0,06;0,12;0,33
2,653;0,04;0,07;0,14
2,662;-0,01;0,06;-0,01
2,673;-0,00;0,06;-0,07
2,684;0,02;0,08;-0,05
2,694;0,08;0,10;0,01
2,748;0,09;0,12;0,08
2,748;0,02;0,11;0,04
2,749;-0,02;0,06;-0,04
2,749;-0,03;0,06;-0,02
2,749;-0,06;0,04;-0,03
2,753;0,02;0,04;-0,08
2,762;0,04;0,02;-0,07
2,774;-0,04;-0,02;0,01
2,797;-0,11;-0,09;0,10
2,799;-0,11;-0,13;0,18
2,803;-0,20;-0,11;0,16
2,814;-0,23;-0,10;0,09
2,827;-0,20;-0,10;-0,06
2,834;-0,05;-0,05;-0,19
2,842;0,02;0,04;-0,07
2,853;0,01;0,08;0,16
2,862;0,01;0,03;0,31
2,874;0,05;-0,02;0,36
2,894;0,06;-0,02;0,38
2,898;0,06;0,01;0,28
2,952;0,10;0,07;0,13
2,955;0,14;0,10;-0,12
2,956;0,15;0,14;-0,25
2,957;0,13;0,15;-0,25
2,959;0,14;0,16;-0,17
2,960;0,15;0,15;-0,02
2,963;0,08;0,12;0,25
2,973;0,02;0,09;0,34
2,984;-0,00;0,02;0,31
2,998;-0,01;0,00;0,29
3,010;-0,02;0,00;0,21
3,012;-0,02;0,00;0,21
3,013;0,01;0,01;0,16
3,033;0,02;-0,02;0,12
3,035;-0,02;-0,06;0,06
3,042;-0,10;-0,15;-0,03
3,053;-0,14;-0,21;-0,12
3,062;-0,20;-0,21;-0,13
3,073;-0,22;-0,22;-0,10
3,093;-0,24;-0,20;-0,13
3,130;-0,21;-0,16;-0,19
3,133;-0,21;-0,16;-0,19
3,135;-0,11;-0,06;-0,14
3,136;0,04;0,03;0,13
3,138;0,11;0,09;0,45
3,139;0,10;0,05;0,57
3,142;0,06;0,01;0,53
3,154;0,02;-0,03;0,28
3,162;0,02;-0,01;0,08
3,174;0,05;0,03;-0,08
3,183;0,14;0,10;-0,03
3,197;0,18;0,14;-0,03
3,203;0,22;0,19;-0,03
3,213;0,12;0,14;-0,01
3,245;0,02;0,04;0,11
3,247;-0,07;-0,00;0,25
3,248;-0,11;-0,05;0,41
3,258;-0,12;-0,10;0,41
3,262;-0,08;-0,08;0,30
3,273;-0,05;-0,05;0,07
3,282;-0,01;-0,01;-0,08
3,293;0,06;0,06;-0,09
3,314;0,13;0,10;0,14
3,317;0,23;0,14;0,39
3,322;0,24;0,12;0,48
3,333;0,15;0,07;0,34
3,342;0,06;0,00;0,18
3,354;-0,03;-0,01;0,09
3,362;-0,07;-0,05;0,05
3,374;-0,03;-0,04;-0,06
3,382;-0,02;-0,01;-0,29
3,395;-0,05;-0,02;-0,52
3,444;-0,10;-0,04;-0,64
3,447;-0,07;-0,05;-0,64
3,448;-0,05;-0,02;-0,35
3,450;-0,02;-0,01;0,07
3,452;0,03;-0,03;0,34
3,454;0,03;-0,03;0,46
3,462;0,00;-0,08;0,43
3,483;-0,05;-0,07;0,34
3,487;-0,11;-0,09;0,24
3,494;-0,05;-0,03;0,15
3,511;-0,02;0,02;0,05
3,513;-0,00;0,07;0,03
3,522;0,05;0,11;-0,09
3,533;0,09;0,11;-0,18
3,542;0,09;0,12;-0,27
3,553;0,07;0,10;-0,16
3,562;0,04;0,08;-0,02
3,573;0,02;0,04;0,08
3,582;-0,07;-0,03;0,09
3,597;-0,17;-0,09;0,04
3,602;-0,21;-0,14;-0,02
3,654;-0,14;-0,09;0,05
3,657;-0,06;-0,04;0,26
3,658;-0,06;-0,03;0,43
3,660;-0,18;-0,07;0,51
3,662;-0,22;-0,14;0,52
3,663;-0,21;-0,14;0,33
3,675;-0,15;-0,10;0,21
3,683;0,05;0,05;0,09
3,696;0,25;0,17;-0,01
3,702;0,29;0,22;-0,08
3,732;0,24;0,18;-0,05
3,734;0,15;0,06;0,16
3,735;0,03;-0,02;0,34
3,742;-0,02;-0,05;0,41
3,754;-0,02;-0,03;0,30
3,762;-0,03;-0,01;0,10
3,787;-0,02;0,03;0,01
3,789;0,02;0,06;-0,07
3,793;0,11;0,12;-0,08
3,802;0,11;0,13;-0,10
3,813;0,02;0,06;-0,11
3,822;-0,06;-0,05;-0,10
3,833;-0,11;-0,11;-0,08
3,842;-0,14;-0,12;-0,10
3,853;-0,11;-0,08;-0,11
3,862;-0,00;-0,02;-0,10
3,879;0,07;0,03;-0,02
3,882;0,12;0,06;0,09
3,921;0,11;0,08;0,09
3,924;0,02;0,04;0,15
3,925;-0,03;0,01;0,36
3,927;-0,03;-0,01;0,51
3,933;-0,02;-0,01;0,52
3,943;0,05;0,03;0,37
3,953;0,14;0,09;0,25
3,962;0,17;0,15;0,15
3,981;0,20;0,15;0,00
3,984;0,20;0,13;-0,15
4,020;0,17;0,13;-0,28
4,022;0,11;0,12;-0,29
4,024;0,05;0,10;-0,21
4,025;0,01;0,07;-0,05
4,034;-0,07;0,01;0,23
4,043;-0,09;-0,02;0,42
4,054;-0,08;-0,03;0,42
4,063;-0,06;-0,06;0,30
4,084;-0,03;-0,05;0,10
4,087;0,02;-0,04;-0,08
4,111;0,04;-0,00;-0,05
4,115;0,06;0,03;-0,06
4,116;0,04;0,00;0,05
4,122;-0,03;-0,05;-0,04
4,133;-0,07;-0,10;-0,20
4,142;-0,08;-0,11;-0,26
4,153;-0,06;-0,08;-0,21
4,162;0,03;-0,05;-0,12
4,183;0,07;-0,02;0,01
4,185;0,07;-0,02;0,01
4,186;0,01;-0,08;0,06
4,235;-0,12;-0,10;0,19
4,237;-0,12;-0,10;0,19
4,239;-0,15;-0,13;0,27
4,241;-0,26;-0,18;0,34
4,243;-0,25;-0,17;0,29
4,244;-0,24;-0,13;0,10
4,246;-0,15;-0,04;-0,04
4,254;-0,02;0,07;-0,08
4,263;0,10;0,13;-0,11
4,290;0,16;0,18;-0,08
4,296;0,19;0,22;-0,02
4,297;0,13;0,17;0,06
4,308;0,03;0,09;0,17
4,328;-0,03;0,03;0,13
4,330;0,00;0,02;0,08
4,333;0,01;0,08;-0,03
4,343;0,06;0,09;-0,07
4,353;0,02;0,09;-0,02
4,362;-0,07;0,02;0,05
4,375;-0,11;-0,04;-0,01
4,390;-0,12;-0,07;0,03
4,396;-0,12;-0,01;0,30
4,403;-0,07;-0,01;0,35
4,439;0,01;0,04;0,37
4,442;0,07;0,06;0,24
4,443;0,01;0,07;0,05
4,444;-0,00;0,02;0,06
4,453;0,04;0,02;0,32
4,462;0,13;0,01;0,45
4,473;0,14;0,02;0,47
4,487;0,08;-0,02;0,29
4,503;0,07;-0,03;0,21
4,504;0,06;-0,00;-0,03
4,513;0,03;0,02;-0,08
4,522;-0,04;0,00;-0,02
4,533;-0,09;-0,04;0,18
4,541;-0,09;-0,04;0,18
4,553;-0,17;-0,13;0,20
4,562;-0,12;-0,11;0,07
4,574;-0,00;-0,04;-0,10
4,587;0,10;0,03;-0,17
4,632;0,18;0,10;-0,07
4,635;0,22;0,15;-0,02
4,636;0,18;0,11;-0,02
4,638;0,05;0,04;-0,14
4,639;-0,07;-0,05;-0,23
4,642;-0,13;-0,10;-0,21
4,653;-0,08;-0,11;-0,15
4,662;0,03;-0,04;-0,07
4,674;0,04;-0,02;0,01
4,685;-0,05;-0,05;0,07
4,712;-0,09;-0,11;0,20
4,714;-0,09;-0,15;0,19
4,716;-0,09;-0,12;0,30
4,723;-0,08;-0,08;0,32
4,734;0,04;-0,02;0,19
4,743;0,15;0,03;-0,01
4,755;0,19;0,07;-0,08
4,765;0,15;0,08;-0,17
4,774;0,09;0,12;-0,10
4,783;0,04;0,07;-0,03
4,795;-0,02;0,03;-0,06
4,810;-0,06;0,02;-0,10
4,825;-0,06;0,05;-0,04
4,826;-0,06;0,05;-0,04
4,857;0,14;0,15;0,51
4,860;0,24;0,17;0,70
4,862;0,23;0,13;0,67
4,868;0,16;0,09;0,35
4,873;0,11;0,04;0,01
4,882;0,07;0,02;-0,30
4,893;0,08;0,06;-0,46
4,907;0,08;0,08;-0,49
4,940;0,00;0,06;-0,33
4,942;-0,13;-0,01;-0,10
4,943;-0,28;-0,16;0,11
4,949;-0,40;-0,26;0,21
4,955;-0,49;-0,30;0,39
4,965;-0,51;-0,29;0,33
4,973;-0,41;-0,24;0,27
4,989;-0,28;-0,16;0,11
4,993;-0,17;-0,08;0,07
5,009;-0,08;0,02;0,08
5,017;0,02;0,09;0,26
5,022;0,12;0,15;0,44
5,033;0,23;0,16;0,51
5,042;0,31;0,19;0,37
5,053;0,34;0,19;0,09
5,062;0,33;0,17;-0,10
5,073;0,26;0,19;-0,12
5,089;0,24;0,17;-0,06
5,093;0,15;0,11;0,05
5,134;-0,01;0,04;0,08
5,137;-0,14;-0,05;-0,12
5,138;-0,17;-0,10;-0,26
5,139;-0,11;-0,10;-0,26
5,142;0,01;-0,04;-0,06
5,154;0,06;0,01;0,13
5,163;-0,00;-0,05;0,28
5,173;-0,08;-0,08;0,43
5,195;-0,15;-0,13;0,50
5,200;-0,13;-0,16;0,53
5,205;-0,05;-0,14;0,40
5,236;0,05;-0,05;0,27
5,239;0,09;-0,03;0,03
5,240;0,16;0,02;-0,16
5,243;0,14;0,07;-0,27
5,253;0,13;0,08;-0,26
5,263;0,13;0,10;-0,13
5,274;0,14;0,07;-0,03
5,294;0,12;0,04;0,07
5,339;0,09;0,06;0,09
5,341;0,09;0,06;0,09
5,342;0,07;0,04;0,14
5,343;0,08;0,05;0,17
5,345;0,07;0,04;0,22
5,346;0,01;-0,02;0,26
5,347;-0,04;-0,01;0,15
5,353;-0,07;-0,01;-0,04
5,362;-0,08;0,02;-0,16
5,373;-0,04;0,04;-0,18
5,394;0,03;0,07;-0,09
5,396;0,07;0,09;0,06
5,407;0,01;0,07;0,31
5,413;-0,02;0,04;0,39
5,422;0,01;0,02;0,30
5,433;0,02;0,01;0,11
5,442;0,01;0,07;-0,07
5,453;-0,02;0,05;-0,16
5,462;-0,03;0,04;-0,07
5,474;-0,06;0,02;0,09
5,500;-0,09;0,00;0,27
5,504;-0,09;0,00;0,39
5,516;-0,08;-0,02;0,38
5,518;-0,08;-0,02;0,38
5,550;0,00;0,01;0,03
5,553;0,09;0,05;-0,15
5,554;0,10;0,09;-0,18
5,556;0,11;0,10;-0,15
5,562;0,07;0,05;-0,02
5,574;0,09;-0,01;-0,02
5,583;0,02;-0,07;-0,18
5,599;-0,08;-0,09;-0,19
5,604;-0,15;-0,12;-0,11
5,614;-0,17;-0,16;0,01
5,646;-0,20;-0,19;0,13
5,650;-0,19;-0,19;0,17
5,652;-0,13;-0,13;0,17
5,658;-0,07;-0,06;0,14
5,663;0,03;0,02;0,13
5,674;0,05;0,04;0,05
5,682;0,05;0,02;0,02
5,695;0,03;0,01;0,03
5,728;0,07;0,04;0,03
5,730;0,14;0,04;0,09
5,731;0,18;0,12;0,13
5,734;0,17;0,12;0,07
5,742;0,16;0,06;-0,00
5,754;0,09;0,01;-0,01
5,762;0,03;-0,02;0,06
5,773;-0,03;-0,04;0,02
5,783;-0,06;-0,06;-0,27
5,796;-0,13;-0,04;-0,43
5,845;-0,19;-0,02;-0,46
5,848;-0,16;-0,03;-0,29
5,851;-0,07;-0,05;0,03
5,854;-0,00;-0,04;0,39
5,856;-0,02;-0,07;0,54
5,858;-0,02;-0,05;0,44
5,863;0,03;-0,06;0,26
5,875;0,12;0,02;0,04
5,883;0,16;0,09;-0,10
5,899;0,19;0,16;-0,04
5,939;0,19;0,17;0,06
5,941;0,19;0,16;0,13
5,942;0,13;0,12;0,29
5,947;0,01;0,03;0,52
5,949;-0,02;-0,03;0,61
5,956;-0,04;-0,05;0,55
5,962;-0,04;-0,01;0,31
5,973;-0,04;0,02;0,12
5,982;-0,03;0,05;-0,00
5,997;-0,04;0,10;-0,01
6,003;-0,06;0,12;0,11
6,026;-0,16;0,01;0,16
6,026;-0,19;-0,02;0,15
6,033;-0,21;-0,08;0,04
6,042;-0,14;-0,06;-0,04
6,054;-0,08;0,02;-0,09
6,062;0,03;0,11;-0,00
6,074;0,13;0,20;0,11
6,083;0,13;0,17;0,16
6,093;0,06;0,08;0,24
6,102;0,02;-0,02;0,13
6,115;0,02;-0,06;-0,07
6,123;0,00;-0,06;-0,14
6,133;0,03;-0,04;-0,12
6,142;0,05;-0,04;-0,02
6,153;-0,00;-0,08;-0,04
6,162;-0,13;-0,16;-0,05
6,173;-0,22;-0,23;-0,13
6,182;-0,27;-0,28;-0,11
6,198;-0,28;-0,25;-0,01
6,202;-0,27;-0,24;0,05
6,244;-0,27;-0,22;0,20
6,247;-0,17;-0,15;0,29
6,248;-0,05;-0,08;0,36
6,249;0,11;0,00;0,31
6,254;0,22;0,10;0,25
6,262;0,28;0,15;0,02
6,274;0,33;0,19;-0,11
6,282;0,36;0,24;-0,14
6,294;0,37;0,27;-0,01
6,303;0,35;0,31;0,11
6,326;0,28;0,24;0,27
6,329;0,16;0,17;0,28
6,334;0,02;0,09;0,18
6,366;-0,07;0,00;-0,00
6,369;-0,10;-0,02;-0,05
6,370;-0,04;0,03;-0,01
6,376;0,01;0,07;0,10
6,382;-0,06;0,05;0,19
6,397;-0,19;-0,03;0,26
6,403;-0,29;-0,12;0,23
6,422;-0,35;-0,16;0,29
6,424;-0,33;-0,16;0,26
6,433;-0,22;-0,09;0,17
6,442;-0,08;-0,03;-0,01
6,454;0,04;0,06;-0,23
6,463;0,15;0,10;-0,35
6,478;0,23;0,13;-0,34
6,483;0,21;0,17;-0,17
6,494;0,14;0,15;0,15
6,503;-0,01;0,05;0,36
6,519;-0,11;-0,07;0,42
6,565;-0,17;-0,10;0,24
6,569;-0,18;-0,05;-0,09
6,570;-0,16;0,02;-0,31
6,575;-0,02;0,12;-0,38
6,577;-0,02;0,12;-0,38
6,579;0,16;0,18;-0,31
6,581;0,24;0,23;-0,17
6,585;0,15;0,22;0,01
6,598;0,02;0,15;0,18
6,603;-0,07;0,03;0,18
6,626;-0,13;0,02;0,03
6,627;-0,16;0,04;-0,15
6,633;-0,14;0,10;-0,25
6,642;-0,12;0,12;-0,25
6,653;-0,02;0,15;-0,17
6,662;0,11;0,20;-0,10
6,674;0,07;0,14;-0,18
6,684;0,00;0,05;-0,35
6,705;0,00;0,04;-0,31
6,708;0,02;0,02;-0,28
6,752;-0,03;0,02;-0,26
6,754;-0,07;0,04;-0,11
6,755;-0,11;0,05;0,03
6,756;-0,11;0,00;0,09
6,757;-0,07;0,01;-0,00
6,763;-0,05;0,04;-0,10
6,773;-0,04;0,02;-0,20
6,782;0,03;-0,02;-0,24
6,801;0,07;-0,04;-0,19
6,806;0,12;-0,01;-0,18
6,831;0,13;0,04;-0,24
6,833;0,12;0,10;-0,18
6,834;0,10;0,14;-0,18
6,846;0,02;0,14;-0,10
6,853;-0,02;0,15;-0,04
6,862;-0,05;0,18;-0,08
6,874;0,01;0,22;-0,25
6,882;0,14;0,26;-0,43
6,896;0,23;0,27;-0,44
6,902;0,34;0,30;-0,28
6,924;0,33;0,27;0,03
6,927;0,28;0,21;0,18
6,933;0,18;0,15;0,26
6,943;0,11;0,14;0,26
6,953;0,10;0,20;0,25
6,962;0,19;0,29;0,20
6,973;0,28;0,41;0,16
6,982;0,30;0,44;0,08
7,001;0,26;0,37;-0,11
7,003;0,16;0,34;-0,39
7,016;0,07;0,36;-0,54
7,022;-0,05;0,39;-0,57
7,033;-0,09;0,39;-0,43
7,044;-0,07;0,34;-0,35
7,054;-0,04;0,31;-0,18
7,065;-0,03;0,28;-0,12
7,074;-0,06;0,27;-0,00
7,083;-0,11;0,31;0,06
7,108;-0,21;0,33;0,07
7,111;-0,21;0,33;0,07
7,113;-0,36;0,34;-0,09
7,117;-0,57;0,30;-0,29
7,119;-0,57;0,30;-0,29
7,123;-0,73;0,24;-0,32
7,146;-0,74;0,19;-0,30
7,148;-0,62;0,17;-0,24
7,153;-0,44;0,22;-0,09
7,163;-0,23;0,37;-0,07
7,173;0,09;0,54;-0,22
7,182;0,39;0,71;-0,25
7,195;0,75;0,89;-0,07
7,212;0,94;0,97;0,06
7,216;0,90;0,97;0,17
7,223;0,65;0,79;0,30
7,261;0,35;0,48;0,36
7,264;0,07;0,17;0,20
7,266;-0,21;-0,01;-0,00
7,267;-0,46;-0,09;-0,26
7,274;-0,64;-0,11;-0,22
7,283;-0,66;-0,08;-0,07
7,293;-0,46;0,04;-0,03
7,303;-0,26;0,21;0,06
7,329;-0,10;0,34;0,14
7,331;-0,02;0,31;0,12
7,333;0,01;0,22;0,12
7,342;0,03;0,15;-0,04
7,353;0,08;0,16;-0,44
7,366;0,17;0,22;-0,78
7,375;0,27;0,28;-0,92
7,387;0,22;0,13;-0,98
7,394;0,11;0,03;-0,54
7,403;-0,14;-0,00;0,38
7,427;-0,38;-0,06;1,32
7,431;-0,54;-0,09;1,62
7,473;-0,57;0,12;1,77
7,476;-0,32;0,13;1,86
7,477;0,29;0,35;1,38
7,478;0,70;0,71;0,76
7,480;0,88;0,99;0,31
7,482;0,98;1,01;0,46
7,493;1,00;0,90;1,30
7,505;0,87;0,68;2,28
7,513;0,57;0,49;2,94
7,529;0,26;0,16;3,36
7,533;-0,10;-0,20;3,68
7,542;-0,33;-0,39;3,84
7,553;-0,51;-0,50;3,31
7,562;-0,45;-0,33;2,15
7,573;-0,35;-0,19;1,14
7,595;-0,07;-0,20;0,36
7,597;0,31;-0,44;0,09
7,612;0,41;-0,91;0,82
7,615;0,41;-1,49;2,36
7,624;0,34;-1,57;3,17
7,636;-0,29;-2,15;5,28
7,643;-0,53;-2,18;5,54
7,654;-0,99;-2,37;5,33
7,663;-1,38;-2,47;4,34
7,674;-1,50;-2,43;2,62
7,694;-1,32;-1,90;1,00
7,698;-0,77;-1,26;-0,58
7,744;0,04;-0,72;-1,92
7,746;0,74;-0,19;-2,65
7,748;0,91;0,28;-2,46
7,749;0,67;0,36;-1,02
7,751;0,61;0,39;-1,02
7,754;0,06;-0,50;2,07
7,762;-0,44;-0,95;2,65
7,773;-0,91;-1,18;2,42
7,791;-1,07;-1,15;1,20
7,794;-0,86;-0,79;-0,31
7,821;-0,27;-0,36;-1,54
7,823;0,74;0,23;-2,94
7,824;0,90;0,43;-3,24
7,834;0,91;0,81;-3,36
7,842;0,53;0,91;-2,57
7,853;0,14;0,59;-1,23
7,862;-0,19;0,17;-0,25
7,874;-0,63;-0,13;0,18
7,896;-0,84;-0,20;0,28
7,899;-0,65;-0,00;-0,07
7,907;-0,17;0,43;-0,66
7,942;0,35;0,98;-1,59
7,944;0,42;0,98;-1,83
7,946;0,45;0,91;-2,40
7,947;0,44;0,88;-2,93
7,954;0,26;0,93;-2,81
7,962;-0,03;0,80;-1,93
7,973;-0,24;0,47;-0,80
7,982;-0,34;0,16;0,03
8,000;-0,34;0,02;0,69
8,006;-0,20;0,01;1,05
8,013;-0,05;0,17;1,19
8,042;0,14;0,39;1,22
8,044;0,27;0,59;1,24
8,045;0,35;0,55;1,10
8,054;0,36;0,44;0,65
8,062;0,30;0,32;0,21
8,073;0,34;0,26;0,08
8,082;0,52;0,30;0,40
8,099;0,82;0,49;1,19
8,108;0,99;0,60;1,86
8,109;0,99;0,60;1,86
8,114;0,89;0,49;1,86
8,144;0,67;0,32;1,45
8,146;0,47;0,28;1,22
8,147;0,23;0,27;1,24
8,154;0,04;0,14;1,19
8,162;-0,09;-0,13;1,00
8,174;-0,20;-0,51;1,18
8,182;-0,24;-1,01;1,76
8,203;-0,16;-1,33;2,39
8,205;-0,18;-1,38;2,78
8,214;-0,39;-1,33;2,94
8,222;-0,39;-1,19;2,74
8,233;-0,17;-0,93;1,67
8,242;0,07;-0,49;0,04
8,254;0,44;-0,01;-1,17
8,262;1,05;0,43;-2,27
8,274;1,39;0,66;-3,42
8,282;1,16;0,64;-4,23
8,296;0,46;0,53;-4,48
8,336;-0,37;0,22;-3,78
8,339;-0,84;-0,13;-2,53
8,340;-0,93;-0,26;-1,06
8,341;-0,79;-0,18;0,10
8,343;-0,55;-0,07;0,54
8,355;-0,15;0,01;0,04
8,362;0,23;0,24;-1,14
8,373;0,38;0,42;-2,34
8,382;0,49;0,60;-3,19
8,401;0,52;0,67;-3,43
8,405;0,31;0,63;-3,10
8,414;0,02;0,41;-2,44
8,422;-0,21;0,15;-1,93
8,433;-0,35;0,18;-1,47
8,442;-0,43;0,31;-1,20
8,453;-0,29;0,43;-1,12
8,462;-0,09;0,47;-0,96
8,473;-0,19;0,39;-0,43
8,482;-0,31;0,34;0,18
8,502;-0,36;0,27;0,96
8,505;-0,38;0,28;1,61
8,560;-0,33;0,24;1,94
8,563;-0,33;0,15;1,94
8,564;-0,29;0,11;1,74
8,566;-0,21;0,17;1,55
8,567;-0,06;0,23;1,60
8,569;-0,00;0,23;1,96
8,575;-0,05;0,12;2,43
8,582;-0,27;0,01;2,80
8,604;-0,63;-0,05;2,76
8,607;-0,94;-0,21;2,12
8,614;-1,09;-0,40;1,45
8,643;-1,04;-0,44;1,25
8,645;-0,82;-0,30;1,35
8,646;-0,44;-0,16;1,43
8,655;-0,16;-0,17;1,51
8,662;0,09;-0,24;1,54
8,674;0,37;-0,41;1,42
8,682;0,59;-0,78;1,00
8,693;0,73;-1,03;1,11
8,703;0,83;-0,95;1,92
8,715;0,94;-0,74;2,65
8,762;0,94;-0,61;2,63
8,765;0,61;-0,54;1,84
8,766;0,08;-0,48;0,77
8,767;-0,37;-0,54;-0,47
8,768;-0,55;-0,64;-1,85
8,775;-0,55;-0,55;-3,10
8,782;-0,55;-0,22;-3,70
8,794;-0,32;0,36;-3,32
8,802;0,02;0,89;-2,24
8,819;0,48;1,07;-1,01
8,828;0,56;0,90;-0,32
8,868;0,15;0,49;-0,34
8,870;-0,38;0,07;-0,85
8,871;-0,64;-0,18;-1,35
8,872;-0,62;-0,24;-1,65
8,876;-0,43;-0,14;-1,87
8,882;-0,31;-0,03;-1,88
8,896;-0,24;0,09;-1,72
8,902;-0,19;0,08;-1,65
8,916;-0,15;0,10;-1,60
8,922;-0,18;0,12;-1,57
8,933;-0,24;0,08;-1,45
8,942;-0,25;0,08;-0,94
8,953;-0,10;0,20;-0,24
8,962;0,12;0,38;0,54
8,978;0,11;0,41;0,98
8,982;0,11;0,41;0,98
8,984;-0,12;0,27;1,05
8,996;-0,34;0,08;0,74
9,003;-0,42;0,05;0,28
9,021;-0,24;0,23;-0,11
9,034;0,00;0,44;-0,26
9,036;0,32;0,59;-0,08
9,071;0,57;0,53;0,41
9,073;0,80;0,35;1,31
9,075;0,82;-0,03;2,08
9,076;0,63;-0,23;2,50
9,083;0,38;-0,36;2,66
9,100;0,44;-0,58;2,30
9,122;0,66;-0,58;1,31
9,124;0,66;-0,58;1,31
9,125;0,70;-0,18;0,75
9,126;0,91;0,27;0,49
9,133;1,38;0,30;0,14
9,145;1,75;0,07;0,10
9,154;1,77;-0,27;0,63
9,162;1,33;-0,46;1,31
9,173;0,52;-0,58;1,66
9,182;-0,39;-0,69;1,38
9,200;-1,17;-0,77;1,14
9,204;-1,43;-0,87;0,68
9,241;-1,33;-0,92;0,05
9,243;-1,16;-0,97;-0,55
9,245;-1,14;-0,92;-1,23
9,246;-0,87;-0,70;-1,30
9,254;-0,45;-0,37;-0,77
9,263;0,05;-0,01;-0,18
9,274;0,35;0,17;0,04
9,282;0,82;0,48;0,10
9,304;0,85;0,86;-0,25
9,306;0,44;0,88;-0,94
9,329;0,10;0,75;-1,85
9,330;-0,14;0,67;-2,51
9,333;-0,27;0,62;-2,55
9,342;-0,26;0,60;-1,93
9,353;-0,05;0,58;-1,03
9,362;-0,02;0,45;-0,21
9,373;-0,32;0,19;0,07
9,382;-0,63;-0,05;-0,04
9,401;-0,85;-0,25;-0,27
9,403;-0,95;-0,46;-0,67
9,439;-0,98;-0,50;-1,11
9,441;-0,79;-0,31;-1,19
9,442;-0,11;0,19;-0,18
9,444;0,22;0,33;0,23
9,455;0,53;0,61;1,04
9,463;0,49;0,56;1,14
9,474;0,45;0,46;1,40
9,482;0,34;0,36;1,65
9,495;0,31;0,29;1,69
9,516;0,32;0,23;1,86
9,519;0,40;0,27;1,96
9,521;0,40;0,27;1,96
9,523;0,57;0,27;1,88
9,562;0,64;0,27;2,09
9,564;0,54;0,27;2,37
9,565;0,28;0,20;2,15
9,566;0,06;-0,02;1,52
9,573;-0,26;-0,25;1,19
9,582;-0,44;-0,32;1,25
9,593;-0,42;-0,38;1,36
9,602;-0,44;-0,52;1,51
9,622;-0,45;-0,73;1,82
9,624;-0,37;-0,90;1,99
9,633;-0,06;-0,92;1,72
9,642;0,29;-0,74;1,06
9,654;0,57;-0,50;0,30
9,665;0,88;-0,27;-0,15
9,673;1,16;-0,15;-0,78
9,682;1,10;-0,11;-1,40
9,693;0,62;-0,09;-1,64
9,705;0,01;-0,16;-1,47
9,761;-0,47;-0,28;-0,74
9,763;-0,79;-0,35;0,15
9,764;-0,99;-0,34;0,46
9,765;-1,13;-0,34;0,19
9,766;-0,99;-0,21;-0,63
9,768;-0,49;0,07;-1,78
9,774;0,15;0,31;-2,78
9,783;0,69;0,63;-3,33
9,795;0,79;1,08;-3,12
9,807;0,44;1,24;-2,26
9,825;-0,01;0,85;-1,02
9,827;-0,01;0,85;-1,02
9,828;-0,45;0,07;-0,45
9,834;-0,85;-0,47;-0,30
9,842;-1,06;-0,71;-0,62
9,853;-0,93;-0,52;-1,15
9,862;-0,51;-0,04;-1,26
9,873;-0,01;0,44;-1,06
9,883;0,33;0,70;-0,67
9,893;0,30;0,65;-0,08
9,902;-0,07;0,45;0,48
9,914;-0,41;0,25;0,85
9,929;-0,56;0,15;1,00
9,936;-0,29;0,12;0,83
9,943;0,13;0,27;0,51
9,987;0,51;0,47;0,21
9,989;0,51;0,47;0,21
9,990;0,80;0,49;-0,01
9,992;0,88;0,50;0,14
9,993;0,80;0,56;0,46
9,995;0,57;0,33;1,12
10,002;0,50;0,30;1,13
10,014;0,15;-0,35;2,13
10,025;0,08;-0,39;1,59
10,044;0,15;-0,40;0,60
10,046;0,60;-0,28;0,29
10,054;1,34;0,14;0,50
10,062;1,78;0,39;0,47
10,073;1,67;0,41;0,23
10,084;1,25;0,21;0,32
10,093;0,77;-0,24;0,58
10,102;0,28;-0,73;0,89
10,113;-0,15;-1,04;0,92
10,131;-0,48;-1,09;0,88
10,137;-0,67;-0,86;0,66
10,139;-0,67;-0,86;0,66
10,143;-0,65;-0,57;0,40
10,189;-0,69;-0,39;0,65
10,192;-0,85;-0,31;1,14
10,193;-1,00;-0,35;1,34
10,195;-1,08;-0,51;1,32
10,196;-1,02;-0,53;0,82
10,202;-0,79;-0,37;0,01
10,213;-0,31;-0,00;-0,80
10,228;0,46;0,51;-1,36
10,254;1,06;0,99;-1,57
10,256;1,32;1,36;-1,85
10,258;1,23;1,44;-2,12
10,262;0,86;1,18;-2,30
10,273;0,25;0,61;-2,30
10,282;-0,25;0,00;-2,11
10,293;-0,57;-0,36;-1,67
10,314;-0,69;-0,45;-1,42
10,318;-0,58;-0,34;-1,04
10,362;-0,46;-0,14;-0,28
10,364;-0,30;-0,02;0,27
10,365;0,03;0,09;0,30
10,366;0,14;0,20;-0,05
10,367;-0,02;0,18;-0,49
10,373;-0,37;0,03;-0,53
10,382;-0,66;-0,11;0,03
10,393;-0,74;-0,18;0,46
10,413;-0,70;-0,18;0,45
10,415;-0,35;0,03;1,59
10,430;0,19;0,20;1,90
10,434;0,66;0,33;2,02
10,442;0,88;0,34;1,91
10,453;0,83;0,20;1,82
10,462;0,55;0,04;1,94
10,474;0,16;-0,09;1,74
10,482;-0,27;-0,23;1,50
10,493;-0,64;-0,38;1,49
10,512;-0,72;-0,60;1,46
10,520;-0,57;-0,74;1,63
10,522;-0,57;-0,74;1,63
10,523;-0,39;-0,77;1,95
10,534;-0,25;-0,70;2,11
10,551;-0,15;-0,59;2,15
10,554;0,04;-0,42;1,62
10,562;0,31;-0,25;0,55
10,574;0,62;-0,09;-0,27
10,582;0,93;0,06;-0,53
10,594;1,23;0,26;-0,37
10,610;1,04;0,38;0,31
10,613;0,39;0,24;1,14
10,633;-0,09;-0,09;1,58
10,635;-0,56;-0,40;1,36
10,642;-0,95;-0,48;0,59
10,655;-1,17;-0,40;-0,50
10,662;-1,08;-0,25;-1,46
10,675;-0,72;-0,07;-2,16
10,682;-0,18;0,26;-2,58
10,694;0,45;0,63;-2,88
10,703;0,77;0,97;-2,80
10,714;0,76;1,17;-2,44
10,771;0,48;0,96;-1,91
10,774;0,05;0,39;-1,44
10,775;-0,34;-0,17;-1,20
10,776;-0,51;-0,50;-1,40
10,777;-0,46;-0,57;-1,63
10,779;-0,29;-0,35;-1,63
10,783;-0,12;-0,05;-1,37
10,793;-0,13;0,08;-1,17
10,802;-0,36;0,09;-0,79
10,814;-0,57;0,03;-0,56
10,822;-0,71;-0,12;-0,65
10,834;-0,67;-0,12;-0,92
10,842;-0,67;0,03;-0,95
10,853;-0,68;0,15;-1,02
10,862;-0,63;0,18;-1,04
10,874;-0,52;0,18;-0,82
10,882;-0,33;0,16;-0,71
10,893;0,11;0,22;-0,31
10,902;0,62;0,47;0,46
10,915;1,06;0,69;1,13
10,930;1,30;0,64;1,48
10,973;1,17;0,39;1,54
10,976;0,53;0,10;1,05
10,978;-0,18;-0,21;0,16
10,979;-0,39;-0,62;-0,58
10,981;-0,39;-0,60;-0,59
10,983;0,28;-0,93;0,04
10,994;0,93;-0,79;1,23
11,002;1,19;-0,71;2,33
11,024;0,81;-0,69;3,46
11,026;0,16;-0,72;4,41
11,033;-0,59;-0,95;4,54
11,042;-1,12;-0,93;3,33
11,054;-0,92;-0,42;1,06
11,062;-0,60;-0,21;0,41
11,073;0,15;0,11;-0,86
11,082;0,85;0,46;-1,90
11,093;1,25;0,84;-2,17
11,102;1,09;1,06;-1,36
11,117;0,59;0,68;0,10
11,122;0,17;0,09;0,88
11,174;-0,23;-0,41;1,28
11,176;-0,53;-0,50;1,33
11,177;-0,74;-0,56;1,03
11,178;-0,56;-0,30;-0,05
11,179;-0,27;0,20;-1,07
11,183;0,15;0,75;-1,84
11,193;0,28;0,84;-1,95
11,202;0,43;0,89;-2,08
11,217;0,39;0,73;-2,15
11,222;0,16;0,56;-1,99
11,272;-0,24;0,26;-1,52
11,275;-0,52;-0,06;-1,16
11,277;-0,60;-0,25;-0,97
11,278;-0,51;-0,18;-0,63
11,281;-0,43;-0,02;-0,29
11,283;-0,37;0,09;0,11
11,297;-0,26;0,12;0,36
11,302;-0,14;0,14;0,69
11,322;-0,11;0,16;1,10
11,325;-0,20;0,17;1,29
11,333;-0,21;0,10;1,08
11,344;-0,12;0,09;0,72
11,353;-0,02;0,18;0,56
11,362;0,06;0,31;0,70
11,373;0,18;0,32;0,88
11,382;0,23;0,18;1,01
11,402;0,02;-0,04;1,35
11,404;-0,17;-0,39;1,56
11,452;-0,39;-0,61;1,70
11,454;-0,55;-0,54;1,51
11,455;-0,69;-0,35;0,88
11,457;-0,69;-0,30;0,34
11,458;-0,51;-0,14;0,34
11,460;-0,51;-0,14;0,34
11,463;-0,31;0,06;0,52
11,473;-0,18;0,18;0,71
11,482;-0,04;0,06;0,77
11,502;0,17;-0,20;0,60
11,504;0,40;-0,37;0,38
11,528;0,57;-0,47;0,11
11,530;0,74;-0,46;0,08
11,533;1,02;-0,29;0,59
11,544;1,27;-0,14;1,40
11,553;1,20;-0,14;1,82
11,562;0,67;-0,26;1,66
11,574;0,07;-0,31;1,23
11,582;-0,48;-0,22;0,46
11,602;-0,68;-0,20;-0,68
11,604;-0,52;-0,22;-1,85
11,657;-0,18;-0,03;-2,55
11,659;0,04;0,39;-2,61
11,661;0,13;0,80;-1,95
11,662;0,23;0,91;-0,74
11,664;0,16;0,64;0,00
11,665;-0,06;0,19;-0,08
11,673;-0,34;-0,13;-0,69
11,682;-0,47;-0,24;-1,35
11,710;-0,46;-0,13;-1,70
11,712;-0,46;-0,13;-1,70
11,714;-0,22;0,05;-1,66
11,715;0,25;0,31;-1,44
11,722;0,50;0,54;-0,97
11,733;0,30;0,52;-0,69
11,742;-0,02;0,33;-0,64
11,753;-0,39;0,09;-0,51
11,763;-0,66;-0,07;-0,40
11,774;-0,83;-0,10;-0,29
11,782;-0,81;-0,02;-0,28
11,794;-0,52;0,07;-0,66
11,803;-0,18;0,25;-0,88
11,858;-0,02;0,35;-0,77
11,859;0,11;0,28;-0,41
11,859;0,19;0,17;0,32
11,859;0,05;0,03;1,22
11,860;-0,15;-0,17;1,73
11,869;-0,30;-0,48;1,93
11,874;-0,38;-0,73;1,95
11,882;-0,32;-0,70;1,68
11,893;-0,10;-0,54;0,96
11,907;0,42;-0,42;0,17
11,935;1,12;-0,32;-0,11
11,937;1,48;-0,15;0,48
11,938;1,21;-0,03;1,64
11,942;0,42;-0,11;2,83
11,954;-0,39;-0,34;3,52
11,964;-0,95;-0,69;3,84
11,973;-1,04;-0,89;3,24
11,982;-0,75;-0,77;1,78
11,994;-0,19;-0,50;0,06
12,009;0,44;-0,22;-1,09
12,053;1,13;0,21;-1,52
12,055;1,57;0,63;-1,64
12,056;1,40;0,72;-1,00
12,057;0,84;0,47;0,32
12,058;0,22;-0,04;0,97
12,062;-0,34;-0,53;1,19
12,073;-0,68;-0,93;0,97
12,082;-0,67;-0,89;0,97
12,093;-1,18;-0,81;0,75
12,107;-0,99;-0,45;0,45
12,134;-0,51;0,00;-0,32
12,137;-0,13;0,42;-1,39
12,138;0,15;0,70;-2,18
12,142;0,49;0,83;-3,06
12,153;0,59;0,88;-3,61
12,162;0,52;0,95;-3,75
12,173;0,25;0,94;-3,37
12,182;-0,24;0,68;-2,43
12,193;-0,50;0,27;-1,53
12,203;-0,59;-0,10;-1,00
12,215;-0,64;-0,23;-0,75
12,231;-0,53;-0,26;-0,57
12,237;-0,21;-0,12;-0,53
12,243;0,24;0,17;-0,22
12,296;0,50;0,45;0,28
12,298;0,29;0,50;0,83
12,300;0,01;0,32;1,00
12,301;-0,20;0,02;0,93
12,303;-0,35;-0,17;0,87
12,305;-0,42;-0,27;0,78
12,318;-0,33;-0,28;0,64
12,323;0,07;-0,05;0,71
12,344;0,50;0,28;1,27
12,346;0,72;0,41;1,95
12,366;0,57;0,27;2,53
12,368;0,03;0,01;2,62
12,373;-0,53;-0,32;1,94
12,385;-0,79;-0,61;1,45
12,393;-0,84;-0,74;1,70
12,406;-0,70;-0,77;2,14
12,414;-0,57;-0,74;2,34
12,456;-0,46;-0,68;2,39
12,458;-0,23;-0,64;2,03
12,459;0,02;-0,45;1,22
12,460;0,14;-0,23;0,36
12,462;0,25;-0,14;-0,04
12,473;0,55;-0,08;-0,55
12,484;1,12;0,12;-0,86
12,494;1,43;0,38;-0,80
12,502;1,25;0,39;-0,55
12,514;0,87;0,29;0,45
12,528;0,46;0,03;1,40
12,590;0,04;-0,23;1,56
12,594;0,04;-0,23;1,56
12,595;-0,91;-0,26;0,37
12,597;-0,93;-0,16;-0,88
12,598;-0,69;-0,08;-1,97
12,602;-0,33;0,07;-2,82
12,604;-0,16;0,46;-3,17
12,605;0,01;0,90;-2,96
12,613;0,21;1,18;-2,22
12,632;0,56;1,18;-1,24
12,634;0,59;0,83;-0,77
12,641;0,29;0,37;-0,88
12,653;-0,08;0,04;-1,13
12,662;-0,32;-0,12;-1,17
12,682;-0,47;-0,11;-0,97
12,682;-0,47;-0,11;-0,97
12,692;-0,32;-0,06;-0,95
12,703;-0,09;0,05;-1,10
12,713;0,06;0,20;-0,99
12,742;-0,07;0,33;-0,57
12,744;-0,22;0,37;-0,25
12,745;-0,30;0,33;-0,25
12,753;-0,43;0,27;-0,52
12,762;-0,61;0,19;-0,66
12,773;-0,61;0,09;-0,61
12,782;-0,15;0,10;-0,46
12,793;0,38;0,15;0,02
12,804;0,70;0,22;0,67
12,818;0,87;0,06;0,91
12,832;0,74;-0,25;1,38
12,835;0,74;-0,25;1,38
12,863;0,01;-0,54;2,61
12,865;-0,36;-0,40;2,73
12,866;-0,38;-0,29;2,04
12,873;-0,30;-0,27;1,40
12,882;-0,02;-0,29;1,17
12,893;0,34;-0,34;0,91
12,912;0,54;-0,33;0,77
12,914;0,57;-0,32;0,90
12,938;0,57;-0,40;1,22
12,940;0,41;-0,48;1,38
12,942;-0,12;-0,65;0,94
12,954;-0,11;-0,57;0,94
12,962;-0,70;-0,84;-0,28
12,973;-0,66;-0,72;-0,08
12,982;-0,37;-0,57;0,60
12,994;-0,05;-0,45;1,20
13,002;0,03;-0,37;1,64
13,015;-0,13;-0,51;1,66
13,068;-0,28;-0,73;1,60
13,071;-0,41;-0,73;1,18
13,072;-0,41;-0,73;1,18
13,073;-0,53;-0,53;0,10
13,076;-0,59;-0,25;-0,97
13,077;-0,64;-0,04;-1,66
13,078;-0,39;0,21;-2,39
13,080;-0,39;0,21;-2,39
13,083;-0,14;0,56;-2,73
13,093;0,03;0,95;-2,47
13,102;0,21;1,12;-1,91
13,113;0,30;0,93;-1,48
13,133;0,23;0,55;-1,43
13,135;0,00;0,24;-1,83
13,142;-0,26;0,10;-2,01
13,154;-0,20;0,18;-1,66
13,162;0,08;0,42;-0,99
13,173;0,50;0,67;-0,55
13,182;0,86;0,96;-0,47
13,193;0,98;1,14;-0,53
13,202;0,95;1,13;-0,73
13,215;0,74;0,99;-0,60
13,270;0,50;0,78;-0,12
13,272;0,23;0,58;0,45
13,274;-0,01;0,43;0,85
13,275;-0,10;0,34;0,74
13,276;-0,21;0,27;0,62
13,278;-0,34;0,18;0,39
13,282;-0,37;0,05;0,16
13,294;-0,27;-0,10;0,16
13,302;0,05;-0,27;0,44
13,313;0,26;-0,33;1,07
13,332;0,29;-0,15;1,65
13,333;0,06;-0,01;1,68
13,342;-0,25;-0,18;1,21
13,353;-0,51;-0,54;0,92
13,362;-0,79;-0,77;1,35
13,374;-0,85;-0,85;1,91
13,382;-0,71;-0,90;2,77
13,394;-0,32;-0,95;3,45
13,402;0,03;-0,92;3,76
13,417;0,32;-0,78;3,11
13,422;0,31;-0,44;1,76
13,479;0,27;-0,12;0,71
13,482;0,74;-0,01;-0,34
13,484;1,15;0,09;-1,42
13,485;1,23;0,23;-2,36
13,487;1,03;0,36;-2,97
13,489;0,60;0,33;-3,08
13,495;0,03;0,20;-1,78
13,502;-0,31;0,03;0,04
13,523;-0,68;-0,09;1,65
13,526;-1,02;-0,41;2,54
13,533;-1,28;-0,74;2,50
13,545;-1,37;-0,76;1,62
13,553;-1,11;-0,32;0,29
13,562;-0,56;-0,11;-1,21
13,576;0,01;0,02;-2,67
13,582;0,28;0,32;-3,48
13,593;0,37;0,80;-3,40
13,602;0,34;1,09;-2,39
13,617;0,41;0,93;-1,28
13,622;0,46;0,54;-0,72
13,671;0,22;0,12;-0,59
13,673;-0,02;-0,03;-0,26
13,675;-0,17;-0,05;0,12
13,676;-0,18;-0,09;0,22
13,677;-0,26;-0,00;-0,19
13,682;-0,40;0,04;-0,83
13,694;-0,49;0,07;-1,13
13,703;-0,40;0,13;-1,11
13,713;-0,17;0,24;-0,80
13,723;0,05;0,32;-0,17
13,738;0,25;0,43;0,46
13,792;0,35;0,41;1,06
13,795;0,40;0,17;1,46
13,797;0,42;-0,17;1,62
13,798;0,43;-0,32;1,79
13,803;0,37;-0,20;1,79
13,805;0,28;0,04;1,21
13,806;0,33;-0,03;0,37
13,814;0,65;-0,37;-0,21
13,822;1,03;-0,60;-0,44
13,834;1,19;-0,55;0,06
13,866;0,88;-0,51;1,14
13,867;0,53;-0,52;2,35
13,868;0,19;-0,53;3,27
13,873;-0,03;-0,77;3,75
13,882;-0,09;-0,90;3,22
13,894;0,13;-0,74;1,88
13,902;0,36;-0,45;0,16
13,914;0,63;-0,24;-1,41
13,922;0,74;-0,20;-2,82
13,937;0,38;-0,11;-3,33
13,943;-0,31;-0,05;-2,55
13,994;-0,69;-0,18;-0,98
13,996;-1,03;-0,35;0,12
13,997;-1,26;-0,62;0,79
13,998;-1,06;-0,60;1,13
14,000;-0,52;-0,30;1,24
14,002;0,17;0,19;0,11
14,016;0,72;0,85;-1,13
14,023;1,25;1,32;-1,65
14,042;1,39;1,66;-1,69
14,046;0,99;1,60;-1,31
14,053;0,35;1,06;-1,01
14,076;-0,23;0,35;-1,03
14,078;-0,74;-0,21;-1,12
14,082;-1,08;-0,32;-0,65
14,096;-1,11;-0,19;-0,23
14,099;-1,11;-0,19;-0,23
14,102;-0,94;-0,11;-0,28
14,114;-0,35;0,20;-0,68
14,123;-0,12;0,30;-0,87
14,144;0,18;0,41;-1,00
14,148;0,28;0,55;-0,68
14,149;0,28;0,55;-0,68
14,154;0,39;0,66;-0,12
14,201;0,53;0,70;0,37
14,203;0,43;0,66;0,84
14,204;0,07;0,52;1,12
14,205;-0,42;0,19;1,34
14,206;-0,57;-0,14;1,23
14,214;-0,35;-0,27;0,86
14,222;-0,10;-0,11;0,67
14,237;0,15;0,01;0,71
14,242;0,55;0,09;1,10
14,262;0,79;0,22;1,84
14,266;0,61;0,30;2,28
14,274;0,02;0,21;2,12
14,284;-0,61;-0,16;1,90
14,295;-1,20;-0,89;2,14
14,302;-1,20;-1,03;2,30
14,329;-1,12;-1,24;2,67
14,332;-0,88;-1,39;2,55
14,335;-0,78;-1,26;2,54
14,343;-0,18;-0,75;0,99
14,365;0,30;-0,32;0,35
14,367;0,94;-0,02;-0,53
14,373;1,57;0,37;-1,29
14,382;1,79;0,81;-1,32
14,393;1,41;1,15;-0,43
14,402;0,76;1,01;0,91
14,423;0,20;0,48;1,64
14,425;-0,38;-0,17;1,99
14,474;-0,77;-0,58;2,05
14,476;-1,13;-0,65;1,60
14,477;-1,12;-0,39;0,55
14,478;-0,75;-0,12;-0,58
14,479;-0,13;0,02;-1,65
14,484;0,53;0,31;-2,80
14,493;0,78;0,75;-3,37
14,502;0,58;1,15;-3,46
14,514;0,23;1,36;-2,92
14,526;-0,14;0,97;-2,00
14,570;-0,45;0,17;-1,43
14,572;-0,78;-0,52;-1,55
14,573;-1,01;-0,88;-2,13
14,574;-0,89;-0,84;-2,50
14,575;-0,36;-0,40;-2,27
14,583;0,35;0,17;-1,73
14,593;0,83;0,58;-1,19
14,602;0,81;0,60;-0,97
14,614;0,47;0,39;-0,66
14,625;0,05;0,20;-0,46
14,676;-0,33;-0,02;-0,29
14,678;-0,65;-0,21;-0,01
14,679;-0,92;-0,43;0,02
14,680;-1,02;-0,53;-0,05
14,681;-0,85;-0,45;0,01
14,683;-0,23;-0,24;0,44
14,693;0,57;-0,01;1,13
14,707;1,03;0,18;1,46
14,714;1,07;0,14;1,57
14,730;0,73;-0,09;1,73
14,734;0,32;-0,41;1,97
14,744;-0,22;-0,65;1,91
14,753;-0,50;-0,78;0,86
14,763;-0,52;-0,79;0,07
14,773;-0,16;-0,74;-0,17
14,782;0,34;-0,65;-0,12
14,793;0,78;-0,57;0,25
14,808;0,97;-0,49;1,06
14,850;1,07;-0,43;2,02
14,851;1,07;-0,43;2,02
14,851;1,09;-0,35;2,40
14,851;0,77;-0,38;2,12
14,852;0,39;-0,40;1,24
14,853;0,24;-0,21;0,22
14,862;0,39;0,09;-0,68
14,873;0,55;0,22;-1,30
14,882;0,43;0,21;-1,52
14,896;-0,08;0,20;-0,77
14,915;-0,60;0,12;0,40
14,919;-0,93;0,03;1,01
14,923;-1,17;-0,15;1,13
14,975;-1,10;-0,36;0,87
14,977;-1,10;-0,36;0,87
14,979;-0,83;-0,44;0,25
14,980;-0,48;-0,17;-0,99
14,981;0,22;0,49;-2,04
14,984;0,94;1,24;-2,01
14,986;1,10;1,72;-1,66
14,994;0,70;1,60;-1,56
15,011;0,09;0,97;-1,32
15,015;-0,35;0,22;-1,06
15,045;-0,77;-0,29;-0,72
15,047;-0,93;-0,49;-0,60
15,048;-0,77;-0,45;-0,59
15,057;-0,39;-0,18;-0,53
15,062;-0,02;0,19;-0,39
15,075;0,47;0,60;-0,28
15,084;0,70;0,98;-0,01
15,094;0,65;1,08;0,30
15,115;0,35;0,93;0,60
15,118;-0,00;0,65;0,79
15,173;-0,36;0,41;0,97
15,176;-0,62;0,25;1,11
15,177;-0,70;0,21;1,14
15,178;-0,49;0,24;1,18
15,180;-0,16;0,31;1,06
15,181;-0,12;0,28;1,06
15,183;0,19;0,22;1,68
15,194;0,20;-0,04;2,29
15,216;0,09;-0,29;2,57
15,218;-0,30;-0,55;2,58
15,241;-0,90;-0,82;2,29
15,243;-1,53;-1,14;1,99
15,244;-1,83;-1,30;2,00
15,255;-1,71;-1,10;2,02
15,262;-1,23;-0,69;1,84
15,274;-0,71;-0,28;1,74
15,282;-0,38;-0,10;1,12
15,294;0,26;-0,06;0,27
15,303;1,01;0,04;-0,21
15,313;1,65;0,09;-0,32
15,355;2,09;0,06;0,17
15,357;2,13;0,12;1,14
15,358;1,79;0,18;2,13
15,359;1,08;-0,03;2,21
15,362;0,09;-0,36;1,59
15,374;-0,64;-0,53;0,63
15,383;-0,94;-0,40;-0,46
15,393;-0,94;-0,25;-1,53
15,402;-0,69;-0,06;-2,65
15,415;-0,19;0,26;-3,46
15,476;0,48;0,63;-3,64
15,479;0,99;1,19;-3,10
15,480;1,08;1,54;-2,09
15,482;0,87;1,26;-1,18
15,484;0,50;0,60;-0,89
15,486;-0,12;-0,04;-1,11
15,488;-0,73;-0,54;-1,73
15,494;-1,19;-0,78;-2,23
15,503;-1,24;-0,77;-2,40
15,518;-0,95;-0,54;-2,29
15,544;-0,56;-0,30;-1,79
15,546;-0,19;-0,02;-1,12
15,547;0,06;0,15;-0,66
15,554;0,11;0,19;-0,41
15,562;0,10;0,06;-0,37
15,573;-0,02;-0,23;-0,73
15,582;-0,20;-0,45;-1,13
15,595;-0,44;-0,48;-1,48
15,603;-0,58;-0,37;-1,72
15,619;-0,47;-0,23;-1,75
15,626;-0,30;-0,24;-1,40
15,635;-0,35;-0,42;-0,47
15,677;-0,17;-0,42;0,67
15,679;0,05;-0,42;1,63
15,680;0,27;-0,44;2,25
15,681;0,29;-0,59;2,73
15,683;-0,04;-0,80;2,92
15,693;-0,52;-0,79;2,71
15,702;-0,69;-0,63;1,94
15,714;-0,46;-0,49;1,28
15,737;-0,29;-0,39;1,09
15,739;0,41;-0,10;0,62
15,743;0,72;0,00;0,50
15,753;1,27;0,09;0,64
15,762;1,67;0,04;1,12
15,774;1,73;-0,21;1,85
15,782;1,47;-0,37;2,42
15,793;0,95;-0,42;2,53
15,802;0,45;-0,44;2,48
15,816;0,19;-0,36;2,17
15,823;0,37;-0,07;1,70
15,874;0,77;0,31;0,68
15,877;1,01;0,68;-0,76
15,878;1,05;0,89;-1,95
15,879;0,86;0,91;-2,70
15,880;0,32;0,99;-2,20
15,882;-0,46;0,72;-0,76
15,893;-0,99;0,15;0,24
15,902;-1,32;-0,29;0,69
15,917;-1,54;-0,66;0,61
15,924;-1,39;-0,67;0,26
15,942;-0,97;-0,39;-0,68
15,943;-0,43;0,21;-1,55
15,954;0,04;0,83;-2,10
15,965;0,43;1,15;-2,53
15,973;0,62;1,21;-2,84
15,982;0,51;1,07;-2,92
15,993;0,00;0,80;-2,64
16,003;-0,69;0,25;-1,68
16,016;-0,80;0,03;-1,32
16,022;-0,68;-0,03;-0,78
16,074;-0,48;0,07;-0,44
16,076;-0,18;0,35;-0,23
16,078;0,18;0,64;-0,34
16,079;0,18;0,76;-0,35
16,080;-0,12;0,67;0,15
16,082;-0,52;0,49;0,87
16,094;-0,72;0,38;1,33
16,102;-0,79;0,20;1,71
16,124;-0,77;0,01;1,78
16,128;-0,85;-0,09;1,46
16,134;-0,84;-0,12;1,35
16,149;-0,75;-0,16;1,86
16,153;-0,50;-0,14;2,77
16,162;-0,48;-0,25;3,49
16,173;-0,54;-0,67;3,49
16,182;-0,54;-1,15;2,92
16,194;-0,46;-1,43;2,60
16,202;-0,17;-1,65;2,56
16,219;0,40;-1,71;2,75
16,222;1,00;-1,37;3,59
16,283;1,35;-0,92;4,50
16,285;1,58;-0,60;4,59
16,286;1,56;-0,42;3,81
16,287;1,32;-0,56;2,48
16,288;0,90;-0,61;1,01
16,289;0,39;-0,46;-0,06
16,295;-0,05;-0,23;-0,64
16,302;-0,38;0,13;-0,67
16,313;-0,54;0,48;-0,49
16,322;-0,57;0,67;-0,43
16,335;-0,53;0,69;-0,87
16,342;-0,49;0,67;-1,47
16,365;-0,37;0,61;-2,19
16,367;-0,13;0,58;-2,95
16,373;0,12;0,57;-3,60
16,382;0,35;0,61;-4,18
16,396;0,44;0,75;-4,45
16,403;0,28;0,82;-4,22
16,426;0,05;0,57;-3,43
16,430;-0,19;0,18;-2,26
16,434;-0,29;-0,04;-1,52
16,443;-0,36;-0,16;-1,11
16,486;-0,27;-0,26;-1,00
16,488;-0,05;-0,27;-1,03
16,489;0,25;-0,15;-1,55
16,490;0,49;-0,04;-2,30
16,494;0,55;0,09;-2,69
16,502;0,51;0,17;-2,70
16,525;0,37;0,16;-2,29
16,528;0,19;0,05;-1,78
16,546;-0,07;-0,23;-1,23
16,547;-0,47;-0,48;-0,72
16,553;-0,91;-0,58;0,34
16,562;-0,99;-0,69;1,79
16,573;-0,64;-0,91;2,90
16,582;-0,08;-0,93;3,01
16,593;0,35;-0,63;2,36
16,603;0,56;-0,37;2,06
16,631;0,82;-0,17;1,90
16,635;0,82;-0,02;2,17
16,651;0,62;0,03;2,67
16,653;0,62;0,03;2,67
16,656;0,62;-0,20;2,74
16,657;0,94;-0,55;2,54
16,694;1,14;-0,62;2,77
16,696;1,15;-0,44;2,91
16,698;1,05;-0,33;2,86
16,699;0,69;-0,58;3,14
16,703;0,12;-1,01;3,50
16,715;-0,43;-1,44;3,60
16,722;-0,80;-1,61;3,45
16,742;-0,85;-1,53;2,88
16,745;-0,41;-1,07;1,59
16,765;0,25;-0,23;-0,11
16,766;0,75;0,56;-1,49
16,773;1,06;1,14;-2,67
16,788;1,08;1,52;-3,41
16,793;0,66;1,71;-3,15
16,802;-0,04;1,34;-1,80
16,822;-0,53;0,66;-0,96
16,825;-1,04;-0,03;-0,33
16,875;-1,52;-0,44;0,00
16,877;-1,75;-0,64;-0,03
16,878;-1,60;-0,62;-0,04
16,880;-0,92;-0,17;-2,02
16,881;-0,36;0,59;-2,82
16,883;0,12;1,18;-3,09
16,893;0,40;1,41;-3,34
16,903;0,08;1,21;-3,21
16,914;-0,43;0,64;-2,69
16,926;-0,73;0,12;-2,22
16,950;-0,71;-0,04;-1,73
16,952;-0,53;-0,00;-0,98
16,953;-0,20;0,12;-0,43
16,962;0,12;0,31;-0,15
16,973;0,37;0,53;-0,25
16,983;0,46;0,72;-0,62
16,994;0,35;0,80;-0,60
17,002;-0,05;0,70;-0,02
17,013;-0,39;0,45;0,69
17,026;-0,51;0,23;1,22
17,087;-0,47;0,13;1,66
17,089;-0,20;0,15;1,90
17,090;0,21;0,17;1,94
17,092;0,49;0,17;1,97
17,093;0,47;0,02;2,10
17,095;0,24;-0,26;2,19
17,096;-0,02;-0,62;2,05
17,102;-0,21;-0,95;2,06
17,113;-0,14;-1,05;2,37
17,131;-0,03;-1,09;2,47
17,134;0,12;-1,01;2,41
17,142;0,31;-0,84;2,33
17,153;0,58;-0,73;2,18
17,162;0,88;-0,60;1,94
17,173;0,97;-0,38;1,71
17,181;0,90;-0,29;1,37
17,193;0,78;-0,25;0,87
17,203;0,63;-0,28;0,49
17,214;0,33;-0,42;0,17
17,236;0,03;-0,55;0,21
17,240;-0,24;-0,54;0,66
17,244;-0,42;-0,41;1,19
17,307;-0,42;-0,32;1,25
17,309;-0,35;-0,22;0,71
17,310;-0,30;-0,09;-0,22
17,311;-0,17;0,14;-1,16
17,312;-0,08;0,35;-1,85
17,314;0,07;0,41;-2,53
17,315;0,19;0,45;-3,19
17,323;0,17;0,56;-3,52
17,346;0,16;0,51;-3,51
17,348;-0,07;0,54;-3,47
17,382;-0,28;0,33;-2,63
17,384;-0,39;0,07;-1,91
17,385;-0,44;-0,05;-1,61
17,386;-0,52;-0,13;-1,28
17,393;-0,47;-0,09;-1,12
17,402;-0,13;0,02;-1,42
17,414;0,20;0,17;-2,01
17,422;0,34;0,29;-2,44
17,434;0,25;0,38;-2,36
17,443;0,16;0,37;-2,06
17,481;0,18;0,31;-1,67
17,484;0,01;0,09;-1,23
17,486;-0,45;-0,10;-0,83
17,487;-0,83;-0,30;-0,50
17,493;-1,02;-0,45;-0,28
17,504;-1,03;-0,51;0,13
17,514;-0,71;-0,58;0,80
17,528;-0,07;-0,61;1,52
17,538;1,02;-0,32;2,25
17,578;1,23;-0,16;2,26
17,580;1,32;-0,03;2,00
17,581;1,14;-0,05;2,20
17,582;0,80;0,03;2,62
17,584;0,63;0,14;2,61
17,593;0,72;0,09;2,21
17,604;0,76;-0,06;1,97
17,613;0,76;-0,21;1,79
17,622;0,67;-0,34;1,53
17,633;0,25;-0,48;1,61
17,645;-0,48;-0,83;1,90
17,699;-1,09;-1,24;2,09
17,701;-1,37;-1,44;2,14
17,702;-1,18;-1,30;2,07
17,704;-0,51;-0,83;1,78
17,705;0,38;-0,16;1,16
17,706;1,14;0,45;0,25
17,714;1,44;0,72;-0,70
17,728;1,34;0,83;-1,38
17,734;0,78;0,86;-0,89
17,752;0,09;0,63;0,23
17,753;-0,40;0,21;0,95
17,761;-0,74;-0,14;1,31
17,773;-0,94;-0,37;1,04
17,782;-1,00;-0,34;-0,01
17,793;-0,82;0,12;-1,35
17,802;-0,57;0,73;-2,27
17,813;-0,10;1,20;-2,45
17,841;0,30;1,52;-2,53
17,844;0,39;1,54;-2,61
17,845;0,07;1,27;-2,40
17,876;-0,53;0,72;-1,83
17,878;-1,01;0,14;-1,39
17,878;-1,09;-0,13;-1,20
17,882;-0,99;-0,03;-0,85
17,894;-0,80;0,14;-0,50
17,902;-0,29;0,38;-0,34
17,913;0,34;0,58;-0,22
17,931;0,76;0,81;-0,14
17,934;0,78;0,97;0,22
18,000;0,55;0,95;0,62
18,002;0,21;0,72;0,83
18,005;-0,10;0,54;1,01
18,008;-0,38;0,36;1,01
18,010;-0,51;0,24;0,83
18,011;-0,51;0,12;0,65
18,013;-0,46;0,10;1,02
18,015;-0,26;0,04;1,78
18,031;0,11;-0,03;2,88
18,033;0,35;-0,24;3,78
18,065;0,21;-0,32;4,05
18,067;-0,22;-0,36;3,49
18,068;-0,74;-0,50;2,71
18,075;-1,35;-0,71;2,14
18,082;-1,72;-0,92;1,71
18,093;-1,66;-1,10;1,49
18,102;-1,10;-1,24;1,21
18,113;-0,19;-1,24;0,96
18,133;0,81;-1,27;0,89
18,135;1,73;-1,14;0,85
18,195;2,31;-0,73;1,07
18,196;2,46;-0,36;1,48
18,197;2,20;-0,25;1,39
18,198;1,55;-0,32;0,69
18,199;0,91;-0,32;-0,36
18,200;0,21;-0,26;-1,34
18,202;-0,33;-0,32;-2,33
18,214;-0,57;-0,28;-3,01
18,222;-0,54;-0,16;-3,17
18,233;-0,36;-0,02;-2,46
18,263;0,08;0,22;-1,08
18,265;0,46;0,44;-0,04
18,266;0,70;0,64;0,65
18,274;0,71;0,70;0,89
18,282;0,55;0,56;0,57
18,293;0,19;0,26;-0,51
18,302;-0,10;0,10;-1,75
18,313;-0,28;0,14;-2,53
18,322;-0,29;0,30;-2,63
18,334;-0,15;0,43;-2,41
18,395;-0,03;0,51;-2,28
18,397;-0,00;0,47;-2,22
18,398;-0,05;0,35;-2,00
18,399;-0,04;0,19;-1,59
18,400;0,01;0,12;-1,17
18,402;-0,04;0,13;-1,00
18,404;-0,07;0,13;-1,15
18,413;-0,17;0,18;-1,55
18,422;-0,36;0,11;-1,93
18,434;-0,61;-0,01;-1,75
18,457;-0,68;-0,14;-0,85
18,459;-0,60;-0,18;0,68
18,462;-0,37;-0,19;2,31
18,474;-0,06;-0,40;3,61
18,482;0,20;-0,78;3,84
18,493;0,28;-1,00;3,14
18,502;-0,14;-0,85;2,21
18,515;-0,61;-0,53;1,03
18,522;-0,70;-0,44;-0,05
18,541;-0,29;-0,51;-0,74
18,544;0,41;-0,51;-1,09
18,554;0,93;-0,31;-1,24
18,584;0,97;-0,16;-1,28
18,586;0,89;-0,19;-0,44
18,587;0,80;-0,28;1,04
18,594;0,59;-0,32;2,29
18,602;-0,00;-0,60;3,11
18,614;-0,57;-0,88;3,30
18,622;-0,71;-1,08;2,77
18,633;-0,41;-0,85;1,48
18,697;0,26;-0,17;0,20
18,699;0,76;0,45;-0,57
18,700;1,19;0,92;-1,18
18,702;1,13;1,41;-0,84
18,703;0,60;1,45;0,14
18,705;-0,13;0,90;1,05
18,707;-0,66;0,38;1,39
18,716;-1,09;0,00;1,22
18,722;-1,39;-0,29;0,42
18,746;-1,42;-0,35;-1,00
18,748;-1,32;-0,12;-2,30
18,753;-0,86;0,38;-2,96
18,781;-0,13;0,93;-2,85
18,783;0,36;1,34;-2,40
18,784;0,40;1,36;-1,77
18,796;0,15;1,11;-1,25
18,802;-0,12;0,78;-0,79
18,814;-0,39;0,53;-0,73
18,822;-0,60;0,33;-0,87
18,835;-0,61;0,32;-1,03
18,842;-0,47;0,42;-1,04
18,886;-0,17;0,58;-0,89
18,888;0,28;0,88;-0,49
18,889;0,45;1,12;0,21
18,890;0,50;1,21;0,91
18,893;0,47;1,12;1,43
18,902;0,34;0,86;1,60
18,918;-0,02;0,52;1,34
18,922;-0,51;0,02;0,88
18,958;-0,78;-0,52;0,76
18,960;-0,65;-0,93;1,24
18,961;-0,23;-1,03;2,06
18,962;0,08;-0,99;3,06
18,974;0,28;-0,90;3,56
18,984;0,22;-0,83;3,74
18,993;0,01;-0,83;3,36
19,002;-0,28;-0,73;2,11
19,024;-0,67;-0,63;1,18
19,028;-1,15;-0,42;0,36
19,035;-1,47;-0,26;-0,51
19,043;-1,70;-0,37;-1,38
19,078;-1,57;-0,51;-1,55
19,080;-0,88;-0,89;-0,52
19,081;0,35;-1,36;1,07
19,082;1,47;-1,37;1,95
19,093;1,78;-0,83;2,97
19,102;1,67;-0,35;3,72
19,124;1,39;-0,42;4,15
19,127;0,90;-0,87;3,84
19,151;0,13;-1,27;2,95
19,153;-0,33;-1,09;1,66
19,154;-0,47;-0,28;-0,62
19,167;-0,40;-0,19;-1,51
19,173;-0,30;-0,10;-2,93
19,182;-0,34;0,09;-3,88
19,194;-0,50;0,41;-3,98
19,203;-0,51;0,75;-3,32
19,222;-0,44;0,80;-2,46
19,224;-0,36;0,53;-2,02
19,279;-0,33;0,30;-2,10
19,282;-0,43;0,21;-2,16
19,283;-0,43;0,28;-2,19
19,284;-0,03;0,47;-1,91
19,285;0,43;0,79;-1,39
19,287;0,44;0,90;-1,05
19,293;0,12;0,69;-0,97
19,302;-0,12;0,34;-0,98
19,321;-0,18;0,07;-1,08
19,323;-0,23;-0,07;-1,12
19,363;-0,11;0,00;-1,07
19,365;0,20;0,24;-0,98
19,366;0,42;0,55;-0,86
19,367;0,53;0,76;-0,77
19,375;0,44;0,87;-0,66
19,382;0,18;0,68;-0,59
19,393;0,01;0,27;-0,38
19,402;0,09;-0,13;0,33
19,423;0,36;-0,22;1,23
19,425;0,59;-0,30;2,25
19,448;0,68;-0,37;2,98
19,450;0,78;-0,37;3,17
19,453;0,67;-0,10;2,91
19,462;0,37;0,28;1,99
19,473;0,14;0,26;0,92
19,484;0,09;0,24;0,34
19,493;0,33;0,27;0,12
19,503;0,85;0,13;-0,06
19,519;1,33;-0,20;0,58
19,539;1,79;-0,46;1,32
19,541;1,76;-0,57;2,16
19,546;1,31;-0,63;2,73
19,596;0,67;-0,74;2,93
19,598;0,25;-0,85;2,79
19,600;0,37;-0,65;2,04
19,601;0,76;-0,20;0,86
19,602;0,76;0,03;-0,61
19,604;0,58;-0,06;-2,11
19,613;-0,04;-0,11;-2,70
19,624;-1,00;-0,44;-1,88
19,650;-1,48;-0,85;-0,61
19,651;-1,60;-0,94;0,47
19,653;-1,42;-0,83;0,95
19,662;-1,22;-0,57;0,77
19,675;-0,82;-0,15;-0,34
19,682;-0,33;0,52;-1,63
19,694;-0,14;1,00;-2,19
19,703;0,04;1,21;-2,25
19,714;0,03;1,26;-1,88
19,723;-0,22;1,04;-1,24
19,751;-0,59;0,63;-0,95
19,757;-0,86;0,27;-0,97
19,759;-1,13;0,11;-1,08
19,762;-1,16;0,18;-1,02
19,809;-0,69;0,38;-0,94
19,811;-0,10;0,70;-1,03
19,813;0,22;0,94;-1,35
19,814;0,48;1,13;-1,50
19,815;0,55;1,24;-1,32
19,824;0,78;1,28;-0,88
19,834;0,78;1,13;-0,30
19,843;0,52;0,93;0,20
19,879;0,20;0,63;0,32
19,881;-0,05;0,37;0,46
19,882;-0,19;0,26;0,69
19,883;-0,08;0,08;0,91
19,893;0,01;-0,08;1,02
19,903;0,08;-0,23;1,29
19,914;0,06;-0,32;1,29
19,922;-0,17;-0,32;1,23
19,948;-0,50;-0,39;0,91
19,952;-0,90;-0,73;0,94
20,008;-1,06;-1,24;1,14
20,010;-1,06;-1,24;1,14
20,011;-0,79;-1,64;1,42
20,012;-0,29;-1,73;2,02
20,013;0,20;-1,47;3,06
20,014;0,66;-1,07;3,85
20,016;1,02;-0,77;3,75
20,017;1,15;-0,42;2,50
20,022;1,03;-0,10;0,93
20,034;0,71;-0,36;-0,80
20,051;0,43;-0,73;-2,60
20,054;-0,04;-0,91;-3,41
20,062;-0,68;-0,93;-2,86
20,073;-0,74;-0,86;-0,60
20,082;-0,16;-0,45;1,67
20,093;0,08;-0,19;3,28
20,104;0,09;-0,22;3,82
20,113;-0,04;-0,30;3,27
20,122;-0,01;-0,07;1,59
20,134;0,01;0,21;-0,13
20,149;0,35;0,35;-1,66
20,206;0,50;0,46;-3,02
20,208;0,50;0,46;-3,02
20,209;0,30;0,57;-4,06
20,210;-0,11;0,72;-4,46
20,211;-0,52;0,75;-4,10
20,212;-0,79;0,59;-2,62
20,213;-0,70;0,30;-0,86
20,214;-0,50;0,02;0,17
20,222;-0,24;-0,12;0,72
20,234;0,12;-0,06;0,68
20,256;0,55;0,11;-0,09
20,258;0,55;0,07;-0,09
20,262;0,73;0,59;-1,87
20,273;0,51;0,56;-2,08
20,282;0,41;0,50;-2,14
20,293;0,15;0,40;-1,83
20,302;-0,13;0,24;-1,19
20,313;-0,35;-0,02;-0,38
20,332;-0,49;-0,25;0,26
20,334;-0,24;-0,30;0,74
20,387;0,29;-0,25;1,35
20,389;0,74;-0,08;1,99
20,390;0,84;0,03;2,36
20,391;0,61;-0,04;2,35
20,392;0,21;-0,18;2,12
20,395;-0,08;-0,17;1,55
20,397;-0,08;-0,17;1,55
20,402;-0,23;-0,13;0,90
20,414;-0,06;-0,05;0,43
20,430;0,43;0,07;0,16
20,435;0,84;0,06;0,42
20,480;0,96;-0,29;1,25
20,483;0,86;-0,72;2,44
20,484;0,54;-0,98;3,41
20,485;0,12;-1,24;4,22
20,486;-0,10;-1,32;4,54
20,493;-0,14;-1,25;3,91
20,502;-0,13;-0,86;2,22
20,513;0,12;-0,40;0,49
20,536;0,85;-0,12;-1,27
20,539;1,50;0,28;-2,95
20,562;1,66;1,00;-3,43
20,564;1,27;1,59;-2,54
20,565;0,99;1,54;-0,46
20,575;0,78;1,29;1,60
20,582;0,54;1,10;2,45
20,594;-0,33;0,46;3,04
20,602;-0,74;0,16;2,75
20,613;-1,35;-0,24;1,45
20,632;-1,74;-0,31;-0,28
20,634;-1,90;-0,21;-1,34
20,696;-1,72;-0,10;-2,02
20,698;-1,43;-0,07;-2,14
20,699;-1,04;0,04;-2,05
20,700;-0,78;0,12;-1,38
20,702;-0,54;0,17;-0,74
20,704;-0,34;0,19;-0,72
20,712;-0,13;0,33;-1,14
20,714;0,02;0,46;-1,89
20,722;0,00;0,58;-2,50
20,735;0,17;0,69;-2,78
20,760;0,55;0,89;-2,87
20,761;0,75;1,05;-2,55
20,762;0,51;1,08;-1,71
20,774;-0,12;0,85;-0,09
20,782;-0,26;0,65;0,40
20,793;-0,28;0,42;0,93
20,802;-0,21;0,25;1,25
20,814;-0,10;0,09;1,34
20,823;-0,05;-0,08;1,18
20,841;-0,09;-0,26;0,77
20,845;-0,16;-0,52;0,67
20,853;-0,40;-0,78;0,99
20,908;-0,60;-0,89;1,50
20,910;-0,62;-0,81;1,88
20,912;-0,51;-0,62;2,14
20,913;-0,44;-0,32;2,31
20,914;-0,49;-0,03;2,05
20,916;-0,53;-0,11;1,27
20,922;-0,52;-0,47;0,76
20,934;-0,45;-0,43;0,75
20,953;-0,28;-0,71;0,28
20,955;0,26;-0,82;-0,44
20,988;0,48;-0,59;-0,38
20,989;0,75;-0,27;0,08
20,990;1,09;-0,11;0,67
20,998;1,38;-0,11;0,93
21,002;1,50;-0,05;0,94
21,013;1,17;-0,05;1,03
21,022;0,51;-0,19;1,25
21,036;-0,10;-0,42;1,62
21,097;-0,45;-0,69;1,93
21,099;-0,65;-0,85;1,72
21,101;-0,87;-0,77;0,84
21,102;-0,93;-0,57;-0,20
21,103;-0,76;-0,43;-1,25
21,104;-0,41;-0,27;-2,33
21,106;-0,04;0,03;-3,15
21,113;0,17;0,43;-3,78
21,122;0,29;0,83;-3,77
21,143;0,36;1,12;-3,26
21,146;0,50;1,11;-2,28
21,154;0,51;0,82;-1,19
21,186;0,25;0,40;-0,61
21,188;-0,03;0,06;-0,30
21,189;-0,29;-0,23;-0,11
21,196;-0,39;-0,38;-0,13
21,202;-0,41;-0,51;-0,43
21,213;-0,37;-0,38;-0,64
21,222;-0,28;-0,14;-0,68
21,233;-0,04;0,10;-0,38
21,242;0,14;0,25;0,00
21,280;0,11;0,20;0,49
21,282;-0,07;0,03;0,66
21,283;-0,19;-0,22;0,83
21,284;-0,03;-0,47;0,78
21,298;0,25;-0,59;0,96
21,302;0,64;-0,55;1,15
21,317;1,12;-0,38;1,12
21,319;1,12;-0,38;1,12
21,322;1,31;-0,09;1,11
21,337;1,01;0,21;1,09
21,344;0,61;0,31;0,40
21,362;0,48;0,20;-0,31
21,364;0,62;0,10;-0,43
21,373;0,60;0,01;0,58
21,382;0,47;-0,31;1,77
21,393;0,06;-0,51;2,37
21,402;-0,94;-0,77;3,01
21,413;-1,65;-1,05;3,62
21,422;-1,60;-1,23;3,88
21,438;-1,21;-1,16;3,55
21,442;-0,59;-0,79;2,41
21,499;0,20;-0,35;0,99
21,501;1,11;0,09;0,05
21,503;1,94;0,46;-0,40
21,504;2,23;0,80;-0,80
21,505;1,81;0,96;-0,87
21,506;1,00;0,86;-0,56
21,514;0,23;0,41;-0,19
21,522;-0,29;-0,09;-0,21
21,534;-0,79;-0,42;-0,48
21,543;-1,02;-0,46;-0,91
21,558;-0,81;-0,13;-1,05
21,613;-0,30;0,44;-0,90
21,615;-0,30;0,44;-0,90
21,617;0,12;0,93;-0,61
21,618;0,34;1,22;-0,63
21,619;0,35;1,19;-1,07
21,620;0,06;1,00;-1,87
21,622;-0,37;0,66;-2,65
21,623;-0,69;0,41;-3,08
21,634;-0,83;0,24;-2,82
21,642;-0,83;0,20;-1,89
21,656;-0,78;0,11;-1,09
21,662;-0,59;0,22;-0,38
21,681;-0,52;0,45;0,49
21,687;-0,42;0,70;1,31
21,693;-0,14;0,75;1,74
21,702;0,17;0,72;1,76
21,715;0,33;0,68;1,14
21,722;0,23;0,75;0,37
21,734;0,15;0,80;-0,04
21,742;0,10;0,88;-0,05
21,758;0,09;0,80;0,14
21,764;0,03;0,62;0,71
21,813;0,04;0,34;1,52
21,815;0,22;0,08;2,26
21,816;0,31;-0,18;2,59
21,818;-0,03;-0,54;3,07
21,819;-0,61;-0,90;3,31
21,822;-1,20;-1,29;2,94
21,834;-1,65;-1,31;2,29
21,842;-1,80;-1,06;1,85
21,857;-1,78;-0,88;1,40
21,863;-1,44;-0,88;0,65
21,884;-0,76;-0,93;-0,07
21,886;0,09;-0,83;-0,55
21,893;1,00;-0,56;-0,85
21,902;1,63;-0,14;-0,82
21,913;2,10;0,21;-0,35
21,922;2,24;0,40;0,19
21,942;1,93;0,29;0,46
21,944;1,19;-0,00;0,45
22,000;0,39;-0,21;0,45
22,002;-0,18;-0,25;0,22
22,003;-0,51;-0,25;-0,49
22,004;-0,70;-0,30;-1,29
22,005;-0,77;-0,29;-1,80
22,006;-0,65;-0,10;-1,92
22,013;-0,48;0,27;-1,51
22,022;-0,33;0,61;-0,70
22,042;-0,33;0,68;-0,10
22,047;-0,39;0,47;-0,20
22,099;-0,43;0,24;-0,80
22,102;-0,41;0,10;-1,59
22,103;-0,37;0,10;-2,23
22,104;-0,15;0,20;-2,56
22,106;0,12;0,32;-2,40
22,107;0,27;0,41;-1,90
22,113;0,23;0,34;-1,45
22,122;0,16;0,16;-1,33
22,150;-0,01;-0,05;-1,39
22,152;-0,07;-0,16;-1,32
22,155;-0,00;-0,20;-1,14
22,162;0,32;-0,23;-0,96
22,189;0,57;-0,21;-0,99
22,190;0,52;-0,18;-1,16
22,193;0,28;-0,13;-1,25
22,202;0,28;-0,06;-1,21
22,214;0,40;-0,07;-0,80
22,222;0,45;-0,14;-0,61
22,233;0,64;-0,26;0,04
22,244;0,63;-0,28;1,09
22,308;0,56;-0,40;2,28
22,310;0,24;-0,65;3,20
22,311;-0,19;-0,80;3,37
22,312;-0,47;-0,63;2,58
22,313;-0,42;-0,40;1,56
22,314;0,02;-0,24;1,00
22,315;0,63;-0,12;0,52
22,322;0,64;-0,07;0,51
22,333;1,47;-0,02;0,39
22,346;1,30;-0,12;1,16
22,372;0,88;-0,30;2,19
22,374;0,50;-0,48;2,56
22,375;0,51;-0,55;2,01
22,382;0,62;-0,56;1,13
22,400;0,63;-0,32;-0,18
22,403;0,52;-0,14;-0,36
22,413;0,14;0,17;-0,07
22,422;-0,31;0,33;0,78
22,433;-0,71;0,36;1,20
22,443;-1,15;0,22;1,44
22,500;-1,52;-0,14;1,34
22,503;-1,46;-0,22;1,22
22,504;-1,29;-0,35;0,75
22,505;-0,93;-0,19;-0,21
22,506;-0,57;0,40;-1,23
22,507;-0,21;1,05;-1,97
22,513;-0,15;1,39;-2,01
22,522;-0,19;1,40;-1,86
22,534;-0,35;1,08;-1,60
22,554;-0,56;0,69;-1,44
22,556;-0,71;0,47;-1,50
22,563;-0,79;0,38;-1,52
22,574;-0,76;0,28;-1,59
22,582;-0,55;0,27;-1,44
22,593;-0,28;0,41;-1,09
22,602;0,01;0,58;-0,74
22,613;0,24;0,69;-0,41
22,633;0,41;0,74;-0,01
22,635;0,45;0,72;0,44
22,678;0,39;0,69;0,89
22,680;0,32;0,53;1,17
22,681;0,18;0,34;1,22
22,682;0,14;0,24;0,99
22,688;0,21;0,16;0,64
22,693;0,11;0,08;0,57
22,704;-0,04;-0,01;0,93
22,714;-0,06;-0,27;1,44
22,729;-0,01;-0,52;2,21
22,736;0,03;-0,62;2,71
22,737;0,03;-0,62;2,71
22,771;0,01;-0,69;2,74
22,771;-0,03;-0,77;2,46
22,772;-0,21;-0,74;1,96
22,773;-0,52;-0,64;1,15
22,782;-0,74;-0,57;0,35
22,793;-0,90;-0,59;-0,15
22,802;-0,79;-0,65;-0,47
22,813;-0,46;-0,62;-0,49
22,834;0,02;-0,67;-0,41
22,837;0,68;-0,72;-0,18
22,901;1,27;-0,63;0,58
22,904;1,62;-0,44;1,52
22,906;1,72;-0,36;2,20
22,907;1,45;-0,30;2,24
22,909;0,74;-0,48;2,20
22,910;0,09;-0,64;1,95
22,913;-0,42;-0,66;1,33
22,915;-0,81;-0,44;0,11
22,931;-0,93;-0,12;-1,11
22,937;-0,80;0,01;-2,21
22,939;-0,80;0,01;-2,21
22,971;-0,50;0,27;-3,17
22,974;-0,17;0,59;-3,96
22,975;0,02;1,00;-4,18
22,976;0,09;1,37;-3,53
22,983;-0,10;1,33;-2,12
22,994;-0,20;0,79;-0,75
23,002;-0,20;0,24;0,06
23,013;-0,10;-0,15;0,12
23,031;0,04;-0,37;-0,52
23,035;0,25;-0,24;-1,65
23,088;0,57;0,12;-2,39
23,090;0,81;0,40;-2,28
23,091;0,97;0,52;-1,94
23,092;0,66;0,44;-1,22
23,093;0,21;0,04;-0,57
23,094;-0,10;-0,41;-0,33
23,102;-0,22;-0,67;-0,39
23,114;-0,28;-0,70;-0,64
23,122;-0,41;-0,59;-0,91
23,133;-0,39;-0,44;-1,12
23,187;-0,15;-0,38;-1,09
23,189;0,08;-0,51;-0,56
23,191;0,17;-0,64;-0,06
23,193;0,14;-0,50;0,45
23,194;0,11;-0,25;1,13
23,196;0,12;-0,05;1,76
23,202;0,18;-0,01;2,06
23,214;0,09;-0,08;2,12
23,222;0,01;-0,12;1,84
23,236;0,24;-0,30;1,57
23,238;0,24;-0,30;1,57
23,282;0,44;-0,55;1,66
23,284;0,42;-0,59;2,04
23,285;0,33;-0,51;2,21
23,286;0,26;-0,43;2,50
23,286;0,47;-0,39;2,94
23,294;0,48;-0,31;2,93
23,302;0,62;-0,30;2,82
23,313;0,69;-0,21;2,03
23,322;0,90;-0,01;1,16
23,342;1,08;0,09;0,37
23,344;1,13;0,19;0,02
23,353;0,98;0,30;0,45
23,388;0,64;0,40;1,32
23,390;0,05;0,46;1,93
23,391;-0,56;0,49;2,30
23,396;-0,99;0,41;2,50
23,402;-1,24;0,16;2,40
23,413;-1,31;-0,12;1,69
23,423;-1,17;-0,13;0,24
23,438;-0,99;0,20;-1,58
23,492;-0,82;0,53;-2,88
23,494;-0,37;0,85;-3,71
23,495;-0,07;1,20;-3,80
23,496;0,07;1,34;-3,71
23,497;0,04;1,23;-3,26
23,498;-0,12;0,90;-2,91
23,502;-0,19;0,57;-2,76
23,514;-0,30;0,36;-2,74
23,522;-0,32;0,24;-2,56
23,536;-0,35;0,18;-2,19
23,542;-0,42;0,13;-1,60
23,563;-0,32;0,17;-0,90
23,565;-0,09;0,19;-0,27
23,575;0,10;0,13;0,06
23,595;0,23;0,15;0,19
23,598;0,25;0,25;0,07
23,604;0,25;0,35;-0,12
23,616;0,11;0,47;-0,15
23,622;-0,11;0,55;-0,06
23,637;-0,20;0,53;0,08
23,646;-0,16;0,46;0,32
23,677;-0,09;0,38;0,70
23,678;-0,08;0,24;0,92
23,678;-0,10;0,08;1,20
23,682;-0,34;-0,06;1,88
23,693;-0,63;-0,18;2,40
23,702;-0,93;-0,51;2,46
23,713;-1,15;-0,94;2,06
23,722;-1,11;-1,37;1,63
23,744;-0,56;-1,71;1,40
23,746;0,37;-1,79;2,02
23,753;1,14;-1,58;3,84
23,770;1,50;-1,40;5,28
23,773;1,40;-1,18;5,79
23,782;1,03;-1,13;5,27
23,793;0,69;-1,08;4,06
23,802;0,43;-0,90;2,49
23,813;0,16;-0,82;0,85
23,822;-0,21;-0,81;-0,44
23,844;-0,41;-0,79;-1,08
23,847;-0,41;-0,79;-1,08
23,848;-0,38;-0,69;-1,09
23,918;-0,19;-0,30;-1,10
23,919;-0,12;-0,00;-0,87
23,921;-0,31;0,12;-0,24
23,922;-0,72;-0,02;0,52
23,923;-0,90;-0,19;0,74
23,924;-0,90;-0,21;0,46
23,926;-0,75;-0,15;0,02
23,927;-0,41;-0,01;-0,90
23,933;0,09;0,29;-1,59
23,942;0,58;0,66;-1,83
23,954;0,89;0,94;-1,75
23,983;0,93;1,02;-1,51
23,985;0,78;0,94;-1,30
23,986;0,50;0,72;-1,24
23,993;0,24;0,42;-1,50
24,002;-0,10;0,17;-1,50
24,015;-0,17;0,09;-1,21
24,022;-0,10;0,09;-1,09
24,033;0,12;0,19;-0,99
24,042;0,32;0,38;-1,10
24,058;0,49;0,50;-1,50
24,063;0,49;0,46;-1,96
24,120;0,23;0,26;-2,10
24,122;-0,16;-0,04;-1,77
24,123;-0,46;-0,29;-1,58
24,125;-0,54;-0,44;-1,39
24,126;-0,25;-0,44;-1,29
24,127;-0,04;-0,36;-1,14
24,134;0,14;-0,29;-0,74
24,142;0,36;-0,33;-0,29
24,160;0,44;-0,40;0,65
24,163;0,60;-0,32;2,00
24,192;1,06;-0,04;3,41
24,194;1,36;0,19;4,17
24,195;1,26;-0,30;4,37
24,197;1,26;-0,30;4,37
24,203;1,15;-1,05;4,01
24,213;1,70;-0,82;3,56
24,222;1,68;-0,23;2,45
24,240;1,14;0,27;1,58
24,242;0,20;0,49;1,62
24,297;-1,02;0,21;2,32
24,299;-2,04;-0,51;3,21
24,301;-2,53;-1,40;3,53
24,302;-2,25;-2,16;2,94
24,303;-1,35;-2,51;2,31
24,304;0,10;-2,08;2,17
24,313;1,35;-1,06;2,70
24,322;2,45;0,12;3,57
24,339;2,85;0,86;3,57
24,342;2,56;1,02;2,86
24,369;1,69;0,58;1,92
24,371;0,44;-0,06;1,12
24,374;-0,94;-0,58;0,33
24,385;-1,97;-0,74;-0,49
24,393;-2,58;-0,48;-1,21
24,402;-2,52;-0,01;-1,87
24,413;-1,92;0,56;-2,26
24,422;-1,11;1,06;-2,47
24,446;-0,63;1,54;-3,04
24,449;-0,40;1,76;-3,28
24,454;-0,09;1,52;-3,60
24,462;0,14;1,10;-3,87
24,519;0,05;0,63;-3,47
24,521;-0,08;0,35;-2,62
24,522;-0,15;0,29;-1,73
24,523;-0,17;0,41;-1,01
24,524;-0,14;0,63;-0,78
24,525;-0,16;0,80;-1,15
24,536;-0,14;0,73;-1,91
24,542;-0,11;0,60;-2,68
24,563;-0,21;0,43;-3,11
24,566;-0,09;0,32;-3,36
24,593;-0,09;0,18;-2,89
24,595;0,01;-0,06;-2,08
24,596;0,23;-0,38;-1,51
24,603;0,48;-0,59;-1,14
24,613;0,68;-0,75;-0,89
24,622;0,93;-0,81;-0,76
24,633;0,69;-0,70;-0,32
24,644;0,04;-0,62;0,47
24,674;-0,80;-0,71;1,84
24,676;-1,44;-0,93;2,88
24,677;-1,84;-1,32;3,11
24,682;-1,98;-1,55;2,69
24,694;-1,83;-1,50;1,80
24,706;-1,14;-1,29;0,72
24,714;0,23;-1,16;0,14
24,723;1,80;-1,03;0,36
24,747;2,98;-0,61;0,76
24,751;3,27;-0,17;0,89
24,755;2,85;0,13;0,67
24,763;2,05;0,02;0,51
24,812;1,02;-0,37;0,39
24,815;-0,10;-0,76;0,70
24,816;-0,90;-0,99;1,09
24,817;-1,09;-1,14;1,47
24,818;-0,72;-1,08;2,14
24,824;-0,03;-0,78;2,93
24,833;0,49;-0,23;3,60
24,845;0,46;0,11;3,60
24,876;0,11;0,32;2,77
24,878;-0,36;0,28;1,40
24,879;-0,73;-0,05;-0,01
24,883;-1,03;-0,52;-1,33
24,894;-1,32;-0,76;-2,07
24,907;-1,52;-0,73;-2,14
24,914;-1,44;-0,54;-1,77
24,923;-0,99;-0,09;-1,12
24,934;-0,31;0,36;-0,75
24,953;0,16;0,50;-0,93
24,959;0,55;0,52;-1,25
24,963;0,97;0,72;-1,33
25,010;1,33;0,87;-0,85
25,012;1,50;0,89;-0,18
25,014;1,50;0,77;0,46
25,015;1,37;0,60;0,86
25,016;0,92;0,54;1,02
25,023;0,22;0,53;0,76
25,033;-0,37;0,47;0,28
25,045;-0,80;0,32;-0,37
25,094;-1,14;0,20;-0,57
25,096;-1,14;0,20;-0,65
25,097;-0,70;0,25;-0,89
25,098;-0,01;0,40;-1,16
25,099;0,55;0,64;-1,28
25,102;0,81;0,78;-0,89
25,113;0,82;0,75;-0,47
25,127;0,66;0,46;-0,38
25,134;0,36;0,04;-0,48
25,170;0,08;-0,25;-0,25
25,171;-0,07;-0,36;0,36
25,172;-0,11;-0,32;1,20
25,173;-0,07;-0,22;1,64
25,182;-0,15;-0,07;1,42
25,193;-0,26;0,19;0,62
25,202;-0,45;0,19;-0,51
25,213;-0,57;0,14;-1,14
25,232;-0,72;0,01;-1,31
25,235;-0,85;-0,02;-0,70
25,270;-0,71;0,09;0,34
25,273;-0,39;0,26;1,27
25,276;-0,04;0,42;1,59
25,279;0,37;0,48;1,43
25,283;0,81;0,60;1,10
25,299;1,14;0,80;0,71
25,301;1,14;0,80;0,71
25,304;1,20;0,96;0,57
25,314;0,91;0,89;0,63
25,343;0,49;0,64;0,91
25,346;0,05;0,35;1,26
25,348;-0,32;0,06;1,27
25,354;-0,51;-0,08;1,10
25,373;-0,55;-0,14;0,75
25,376;-0,48;-0,15;0,24
25,383;-0,35;-0,12;-0,22
25,393;-0,17;-0,06;-0,36
25,402;0,03;-0,01;-0,34
25,413;0,28;0,12;-0,33
25,422;0,43;0,26;-0,41
25,433;0,51;0,35;-0,31
25,448;0,37;0,29;-0,07
25,454;0,15;0,11;0,11
25,510;-0,14;-0,10;0,17
25,513;-0,43;-0,27;0,30
25,514;-0,59;-0,37;0,31
25,515;-0,51;-0,33;0,28
25,516;-0,25;-0,17;0,28
25,517;-0,06;-0,05;0,26
25,522;0,31;0,22;0,17
25,533;0,50;0,40;0,15
25,551;0,45;0,41;0,09
25,555;0,20;0,22;-0,05
25,610;0,01;0,02;-0,06
25,612;-0,13;-0,14;-0,03
25,614;-0,15;-0,18;-0,02
25,615;-0,16;-0,08;-0,06
25,616;-0,18;-0,04;-0,15
25,617;-0,19;-0,03;-0,22
25,623;-0,23;-0,02;-0,02
25,634;-0,26;-0,10;0,11
25,652;-0,23;-0,10;0,03
25,656;-0,17;-0,11;0,11
25,704;-0,11;-0,03;0,23
25,706;-0,09;0,01;0,35
25,708;-0,04;0,05;0,39
25,709;-0,01;0,03;0,23
25,710;-0,00;0,03;0,08
25,714;0,01;0,10;-0,06
25,722;-0,00;0,19;0,01
25,734;0,05;0,26;0,21
25,749;0,06;0,26;0,39
25,753;-0,01;0,17;0,42
25,778;-0,22;0,08;0,41
25,779;-0,25;0,03;0,36
25,782;-0,23;0,03;0,30
25,800;-0,15;0,04;0,16
25,803;-0,10;0,07;0,04
25,814;-0,08;0,08;-0,01
25,822;-0,07;0,06;-0,08
25,833;-0,07;-0,02;-0,08
25,852;-0,08;-0,09;0,07
25,855;-0,03;-0,12;0,12
25,905;0,07;-0,10;0,13
25,907;0,23;-0,02;0,10
25,907;0,31;0,08;0,02
25,909;0,23;0,12;0,00
25,910;0,08;0,04;-0,06
25,914;-0,03;-0,07;-0,16
25,922;-0,09;-0,08;-0,17
25,933;-0,08;-0,03;-0,24
25,942;-0,01;0,09;-0,31
25,962;0,04;0,15;-0,31
25,964;0,10;0,13;-0,32
25,973;0,02;0,02;-0,15
26,003;-0,16;-0,06;0,14
26,005;-0,10;-0,12;0,32
26,006;0,06;-0,07;0,37
26,013;0,13;0,05;0,28
26,022;0,19;0,11;0,24
26,034;0,23;0,12;0,34
26,043;0,11;0,09;0,33
26,060;0,01;0,03;0,19
26,065;-0,10;0,02;0,12
26,074;-0,12;-0,02;0,16
26,116;-0,01;-0,01;0,21
26,118;0,12;0,02;0,13
26,119;0,12;0,05;0,01
26,120;0,06;0,09;-0,08
26,122;0,02;0,07;-0,19
26,134;-0,01;0,04;-0,20
26,142;-0,03;0,04;-0,21
26,159;-0,07;0,05;0,05
26,189;-0,09;0,05;0,39
26,190;-0,10;-0,01;0,60
26,191;-0,07;-0,03;0,60
26,193;-0,04;-0,06;0,46
26,209;0,01;-0,07;0,28
26,213;0,04;-0,03;0,19
26,222;0,07;0,02;0,10
26,233;0,02;0,02;0,03
26,242;-0,04;-0,00;-0,00
26,253;-0,13;-0,04;-0,01
26,282;-0,19;-0,07;0,09
26,284;-0,26;-0,10;0,26
26,285;-0,24;-0,14;0,35
26,293;-0,19;-0,12;0,22
26,302;-0,13;-0,07;0,03
26,314;-0,10;0,01;-0,12
26,322;0,02;0,04;-0,23
26,333;0,15;0,05;-0,23
26,342;0,20;0,08;-0,03
26,355;0,23;0,06;0,19
26,421;0,18;0,04;0,22
26,423;0,14;-0,01;0,18
26,424;0,09;-0,01;0,02
26,425;0,04;-0,01;-0,01
26,427;-0,00;-0,03;-0,12
26,428;-0,03;-0,07;-0,08
26,429;-0,01;-0,06;-0,14
26,433;0,04;-0,02;-0,11
26,442;0,05;-0,01;-0,02
26,461;0,03;0,01;0,14
26,463;0,02;-0,01;0,22
26,491;-0,06;-0,05;0,37
26,493;-0,16;-0,06;0,35
26,494;-0,18;-0,14;0,28
26,502;-0,15;-0,12;0,17
26,517;-0,09;-0,11;0,21
26,518;-0,09;-0,11;0,21
26,522;0,01;-0,04;0,18
26,544;0,11;0,04;0,01
26,545;0,06;0,08;-0,08
26,570;0,01;0,11;-0,10
26,572;0,01;0,11;-0,13
26,573;0,01;0,10;-0,13
26,582;-0,03;0,08;0,01
26,593;-0,06;0,05;0,03
26,602;-0,04;0,03;0,08
26,613;-0,06;0,02;0,18
26,622;-0,13;-0,05;0,31
26,639;-0,09;-0,09;0,39
26,642;-0,03;-0,09;0,33
26,683;0,00;-0,07;0,28
26,684;0,01;-0,03;0,17
26,685;0,01;-0,02;0,02
26,686;-0,04;-0,04;-0,04
26,693;-0,06;-0,05;-0,09
26,702;-0,03;-0,03;-0,06
26,714;0,06;-0,01;-0,06
26,722;0,10;0,03;-0,09
26,748;0,12;0,07;-0,18
26,750;0,12;0,08;-0,33
26,753;0,13;0,05;-0,41
26,762;0,15;0,03;-0,40
26,773;0,14;0,03;-0,25
26,784;0,20;0,06;0,00
26,793;0,23;0,05;0,23
26,802;0,09;0,01;0,32
26,813;-0,02;-0,05;0,36
26,822;-0,12;-0,10;0,42
26,842;-0,19;-0,15;0,43
26,844;-0,17;-0,09;0,40
26,900;-0,11;-0,05;0,37
26,901;-0,06;0,03;0,24
26,902;0,04;0,11;0,11
26,903;0,13;0,21;-0,00
26,904;0,18;0,25;-0,15
26,905;0,17;0,27;-0,17
26,913;0,11;0,22;-0,16
26,922;0,08;0,15;-0,16
26,943;0,08;0,13;-0,16
26,945;0,00;-0,02;0,16
26,973;-0,02;-0,10;0,30
26,975;0,02;-0,18;0,34
26,976;-0,07;-0,22;0,38
26,982;-0,14;-0,18;0,37
26,993;-0,18;-0,15;0,28
27,002;-0,13;-0,09;0,08
27,013;-0,15;-0,03;-0,12
27,022;-0,10;0,04;-0,32
27,034;-0,03;0,11;-0,38
27,045;-0,00;0,15;-0,33
27,101;0,07;0,15;-0,26
27,103;0,14;0,11;-0,01
27,104;0,20;0,10;0,29
27,105;0,20;0,09;0,54
27,106;0,16;0,05;0,62
27,107;0,09;0,01;0,57
27,113;0,06;0,01;0,32
27,122;0,01;-0,03;0,15
27,133;-0,04;0,03;0,11
27,142;-0,06;0,06;0,14
27,171;-0,01;0,09;0,10
27,173;-0,00;0,06;0,01
27,174;-0,00;0,04;-0,06
27,182;-0,01;0,04;-0,21
27,194;0,03;0,02;-0,25
27,209;0,09;0,05;-0,18
27,213;0,13;0,05;-0,10
27,223;0,13;0,08;-0,08
27,234;0,11;0,07;0,06
27,250;0,04;0,07;0,27
27,255;0,01;-0,00;0,37
27,262;-0,00;-0,03;0,37
27,311;-0,05;-0,02;0,17
27,313;-0,08;0,01;0,01
27,314;-0,07;0,06;-0,04
27,315;-0,08;0,06;-0,17
27,316;-0,09;0,05;-0,16
27,322;-0,17;0,01;-0,12
27,333;-0,21;-0,06;0,03
27,345;-0,16;-0,11;0,17
27,380;-0,15;-0,08;0,32
27,384;-0,11;-0,09;0,41
27,385;-0,03;-0,05;0,42
27,387;0,01;-0,02;0,40
27,393;0,02;0,01;0,28
27,403;0,04;0,03;0,18
27,413;0,07;0,05;0,02
27,422;0,01;0,06;-0,04
27,434;-0,07;0,05;0,09
27,442;-0,06;0,04;0,12
27,454;-0,03;0,05;0,09
27,468;-0,03;0,04;-0,00
27,531;0,03;0,09;-0,13
27,533;0,06;0,11;-0,16
27,535;0,15;0,09;-0,16
27,536;0,22;0,09;0,01
27,537;0,20;0,09;0,24
27,538;0,10;0,02;0,45
27,540;0,02;-0,07;0,54
27,544;0,02;-0,07;0,54
27,554;0,02;-0,08;0,29
27,572;0,03;-0,03;0,04
27,574;0,02;0,01;-0,11
27,582;0,00;0,04;-0,11
27,595;-0,03;-0,00;-0,12
27,602;-0,01;-0,02;-0,10
27,613;0,04;-0,01;-0,08
27,622;0,11;-0,01;-0,08
27,633;0,09;-0,01;-0,08
27,642;0,04;-0,02;-0,03
27,653;0,02;-0,03;0,06
27,701;0,02;-0,06;0,19
27,702;-0,01;-0,08;0,19
27,702;-0,09;-0,06;0,10
27,702;-0,07;-0,03;0,03
27,702;-0,01;0,05;0,15
27,713;0,03;0,09;0,12
27,724;0,03;0,09;0,06
27,733;0,01;0,09;0,03
27,749;-0,03;0,09;0,01
27,753;0,02;0,10;0,10
27,810;0,05;0,12;0,14
27,812;0,01;0,09;0,17
27,813;-0,08;0,03;0,17
27,814;-0,18;-0,02;0,22
27,815;-0,18;-0,03;0,22
27,816;-0,11;-0,02;0,24
27,822;-0,04;-0,01;0,21
27,833;-0,00;0,02;0,12
27,849;0,03;0,01;0,03
27,853;0,05;0,03;0,03
27,910;0,01;-0,01;0,08
27,912;-0,09;-0,02;0,18
27,913;-0,18;-0,06;0,26
27,915;-0,20;-0,12;0,12
27,916;-0,17;-0,12;-0,13
27,917;-0,10;-0,04;-0,31
27,922;-0,01;0,03;-0,39
27,933;0,11;0,12;-0,28
27,951;0,16;0,18;0,03
27,955;0,18;0,16;0,29
28,012;0,11;0,09;0,41
28,014;0,03;-0,01;0,42
28,015;0,03;-0,01;0,42
28,016;-0,09;-0,08;0,35
28,017;-0,10;-0,08;0,22
28,019;-0,07;-0,01;0,07
28,020;-0,04;0,05;-0,06
28,022;-0,00;0,09;-0,12
28,033;-0,02;0,07;-0,06
28,053;-0,05;0,03;-0,09
28,055;-0,05;0,00;-0,06
28,089;-0,01;-0,01;-0,04
28,089;0,03;0,01;-0,02
28,090;0,12;0,09;0,05
28,099;0,18;0,17;0,15
28,102;0,18;0,10;-0,12
28,113;0,04;0,03;-0,08
28,122;-0,08;0,03;0,12
28,133;-0,14;-0,01;0,33
28,152;-0,14;-0,05;0,36
28,155;-0,21;-0,08;0,17
28,226;-0,22;-0,08;-0,09
28,228;-0,08;0,01;-0,31
28,229;0,09;0,08;-0,18
28,230;0,22;0,14;0,06
28,231;0,15;0,13;0,24
28,233;0,03;0,05;0,26
28,234;-0,07;-0,04;0,16
28,236;-0,09;-0,08;0,02
28,244;-0,06;-0,07;0,03
28,253;0,01;-0,00;0,13
28,268;0,11;0,07;0,13
28,273;0,13;0,09;0,09
28,328;0,11;0,06;-0,06
28,330;0,07;0,03;-0,15
28,331;0,06;0,02;-0,14
28,332;0,07;0,02;0,04
28,333;0,07;-0,04;0,19
28,334;0,04;-0,02;0,18
28,342;-0,04;-0,01;0,11
28,353;-0,07;0,00;0,14
28,377;-0,05;-0,03;0,10
28,379;-0,03;-0,01;0,11
28,382;0,03;0,01;0,18
28,393;0,05;0,04;0,33
28,410;0,07;0,04;0,32
28,413;0,03;0,00;0,35
28,422;0,02;0,01;0,21
28,436;-0,00;0,02;0,06
28,446;0,00;0,02;-0,12
28,460;-0,00;0,02;-0,22
28,463;0,02;0,00;-0,25
28,474;-0,01;0,02;-0,25
28,512;-0,04;-0,01;-0,16
28,516;-0,10;-0,07;-0,05
28,517;-0,13;-0,14;0,05
28,517;-0,12;-0,13;0,17
28,522;-0,14;-0,08;0,28
28,533;-0,16;-0,05;0,28
28,542;-0,13;-0,02;0,25
28,553;-0,12;-0,00;0,22
28,592;-0,10;0,00;0,08
28,594;-0,06;0,00;-0,04
28,595;-0,03;0,03;0,03
28,596;0,05;0,06;0,04
28,603;0,08;0,10;0,13
28,613;0,03;0,07;0,19
28,622;-0,03;0,06;0,15
28,633;-0,08;0,02;0,16
28,642;-0,08;-0,01;0,16
28,664;-0,10;-0,02;0,12
28,666;-0,06;-0,03;0,14
28,675;-0,04;-0,02;0,12
28,712;0,07;0,01;0,08
28,714;0,18;0,08;0,08
28,715;0,21;0,08;0,15
28,716;0,20;0,09;0,21
28,722;0,17;0,05;0,19
28,734;0,09;0,04;0,18
28,742;0,02;-0,04;0,08
28,755;0,02;-0,08;0,04
28,789;-0,04;-0,08;0,07
28,792;-0,09;-0,05;0,09
28,796;-0,07;-0,07;0,06
28,798;-0,10;-0,08;-0,04
28,806;-0,08;-0,06;-0,11
28,816;0,01;0,02;-0,16
28,822;0,07;0,08;-0,10
28,833;0,12;0,11;0,02
28,843;0,12;0,08;0,05
28,859;0,10;0,03;0,15
28,863;0,11;0,01;0,19
28,923;0,08;0,02;0,22
28,925;0,04;0,03;0,21
28,926;-0,03;-0,00;0,14
28,927;-0,09;-0,03;0,09
28,928;-0,14;-0,07;0,05
28,929;-0,16;-0,07;0,04
28,935;-0,16;-0,06;0,01
28,942;-0,09;-0,03;0,09
28,954;0,02;-0,01;0,02
28,962;0,07;0,01;0,01
28,981;0,07;0,05;0,10
28,983;0,09;0,05;0,11
28,993;0,02;0,04;0,12
29,002;-0,02;0,00;0,07
29,014;-0,10;-0,04;0,02
29,023;-0,14;-0,06;0,09
29,034;-0,15;-0,09;0,18
29,043;-0,12;-0,05;0,11
29,066;-0,13;-0,03;0,01
29,068;-0,13;-0,01;-0,00
29,073;-0,08;0,00;-0,04
29,128;0,00;0,05;-0,03
29,131;0,03;0,07;0,05
29,132;0,10;0,10;0,16
29,134;0,10;0,10;0,27
29,135;0,10;0,06;0,23
29,137;0,03;0,03;0,20
29,142;0,02;0,00;0,15
29,164;0,05;0,02;0,19
29,167;0,11;0,07;0,31
29,174;0,11;0,06;0,30
29,194;0,03;0,02;0,24
29,196;-0,02;-0,01;0,13
29,204;-0,03;-0,06;-0,01
29,215;-0,05;-0,06;-0,14
29,222;0,01;-0,03;-0,20
29,235;0,10;0,04;-0,17
29,242;0,16;0,09;-0,13
29,260;0,13;0,09;-0,13
29,262;0,06;0,07;-0,17
29,314;-0,07;0,02;-0,04
29,316;-0,09;0,01;-0,01
29,317;-0,06;0,02;0,24
29,318;-0,04;0,01;0,45
29,319;-0,07;-0,02;0,48
29,323;-0,15;-0,04;0,40
29,335;-0,18;-0,09;0,19
29,342;-0,12;-0,13;-0,11
29,359;-0,05;-0,07;-0,16
29,362;0,03;-0,00;-0,05
29,428;0,10;0,03;0,08
29,429;0,10;0,01;0,26
29,430;0,01;-0,08;0,42
29,431;-0,04;-0,10;0,37
29,432;-0,02;-0,12;0,47
29,434;0,11;-0,00;0,23
29,436;0,09;0,06;0,10
29,442;0,16;0,24;-0,05
29,459;0,11;0,31;-0,14
29,464;-0,00;0,26;-0,15
29,485;-0,03;0,20;-0,18
29,487;-0,10;0,08;-0,20
29,493;-0,12;0,00;-0,18
29,506;-0,11;0,01;-0,06
29,513;-0,05;0,05;-0,10
29,522;-0,04;0,06;-0,13
29,533;-0,08;0,01;-0,05
29,542;-0,09;-0,01;0,00
29,560;-0,07;-0,01;0,03
29,562;-0,02;0,00;0,02
29,611;-0,00;0,07;0,10
29,613;0,01;0,07;0,20
29,614;0,01;0,05;0,22
29,621;0,06;0,04;0,27
29,622;0,04;0,07;0,25
29,624;0,01;0,10;0,22
29,633;-0,01;0,06;0,18
29,643;-0,03;0,03;0,03
29,680;-0,04;0,00;-0,03
29,682;-0,09;0,02;-0,07
29,682;-0,05;0,01;-0,05
29,683;-0,04;0,03;-0,04
29,695;-0,03;0,05;-0,07
29,704;-0,01;0,06;-0,16
29,713;-0,03;0,06;-0,33
29,722;-0,01;0,03;-0,22
29,734;0,10;0,04;0,10
29,743;0,15;0,05;0,40
29,766;0,14;-0,04;0,47
29,770;0,04;-0,08;0,56
29,830;-0,07;-0,13;0,63
29,832;-0,18;-0,17;0,58
29,833;-0,23;-0,17;0,42
29,834;-0,24;-0,15;0,11
29,835;-0,20;-0,10;-0,13
29,836;-0,11;-0,02;-0,21
29,837;0,03;0,04;-0,15
29,843;0,14;0,06;0,13
29,860;0,17;0,01;0,22
29,862;0,09;-0,03;0,23
29,888;-0,02;-0,06;0,13
29,890;-0,06;-0,03;-0,01
29,893;-0,03;-0,00;-0,09
29,902;-0,02;0,03;-0,08
29,913;0,01;0,03;-0,03
29,923;0,01;0,01;0,06
29,933;0,00;0,00;0,14
29,944;0,01;0,00;0,10
29,957;0,05;0,03;-0,00
29,962;0,01;0,05;-0,08
29,982;0,01;0,02;-0,13
29,984;0,02;-0,00;-0,06
30,048;-0,01;-0,05;-0,00
30,050;-0,08;-0,10;0,07
30,052;-0,09;-0,09;0,23
30,053;-0,11;-0,10;0,35
30,057;-0,10;-0,08;0,33
30,060;-0,10;-0,08;0,18
30,063;-0,02;-0,03;0,13
30,065;0,08;0,02;0,09
30,084;0,14;0,08;0,03
30,086;0,13;0,08;-0,01
30,113;0,03;0,03;0,01
30,115;-0,05;-0,05;0,03
30,117;-0,06;-0,08;-0,00
30,127;-0,02;-0,03;0,02
30,135;0,02;0,02;-0,08
30,144;0,11;0,06;-0,14
30,154;0,18;0,10;-0,10
30,170;0,19;0,15;0,05
30,178;0,21;0,11;0,10
30,180;0,21;0,11;0,10
30,183;0,14;0,06;0,07
30,224;0,09;0,04;0,05
30,226;-0,03;0,01;0,10
30,227;-0,13;-0,04;0,24
30,229;-0,16;-0,09;0,31
30,235;-0,15;-0,10;0,16
30,244;-0,08;-0,06;0,14
30,274;0,02;-0,01;0,09
30,277;0,02;-0,01;0,09
30,278;0,07;0,04;-0,14
30,279;0,10;0,08;-0,13
30,282;0,15;0,11;-0,05
30,297;0,16;0,09;-0,05
30,303;0,14;0,08;-0,05
30,344;-0,01;0,02;-0,01
30,344;-0,07;-0,03;0,07
30,345;-0,15;-0,05;0,20
30,345;-0,15;-0,05;0,20
30,345;-0,15;-0,07;0,33
30,353;-0,11;-0,05;0,40
30,362;-0,12;-0,05;0,46
30,373;-0,10;-0,03;0,46
30,382;-0,07;-0,01;0,31
30,393;-0,04;0,00;0,19
30,402;-0,02;0,03;0,11
30,415;-0,02;0,08;-0,06
30,424;-0,01;0,13;-0,19
30,434;0,03;0,14;-0,19
30,443;0,10;0,11;-0,14
30,453;0,10;0,09;-0,05
30,462;0,05;0,04;0,14
30,473;0,03;-0,00;0,23
30,482;0,03;0,01;0,26
30,494;-0,02;-0,01;0,14
30,502;-0,19;-0,02;0,15
30,513;-0,25;-0,04;0,21
30,522;-0,24;-0,13;0,20
30,533;-0,14;-0,15;0,15
30,542;-0,10;-0,05;0,10
30,552;0,01;0,01;-0,05
30,561;0,02;0,09;-0,12
30,573;0,19;0,15;-0,18
30,581;0,33;0,20;-0,18
30,593;0,35;0,23;-0,19
30,601;0,27;0,24;-0,05
30,612;0,14;0,17;0,28
30,621;0,07;0,01;0,50
30,632;-0,03;-0,11;0,45
30,641;-0,10;-0,11;0,27
30,653;-0,09;-0,07;0,11
30,661;-0,03;-0,04;-0,02
30,674;0,04;0,05;-0,17
30,682;0,04;0,07;-0,19
30,692;0,04;0,07;-0,06
30,702;0,04;0,04;0,00
30,713;0,07;0,02;0,12
30,722;0,12;-0,00;0,04
30,733;0,09;-0,02;0,05
30,741;0,07;-0,01;0,08
30,752;0,03;-0,04;0,11
30,762;-0,02;-0,10;0,13
30,774;-0,16;-0,11;-0,08
30,781;-0,17;-0,10;-0,15
30,792;-0,15;-0,11;-0,09
30,801;-0,07;-0,10;0,04
30,813;0,01;-0,07;-0,06
30,822;-0,02;-0,05;0,00
30,833;-0,07;-0,08;0,09
30,841;-0,08;-0,07;0,16
30,853;-0,08;-0,22;0,42
30,862;-0,12;-0,38;0,46
30,873;-0,15;-0,41;0,35
30,881;-0,25;-0,44;0,34
30,893;-0,04;-0,27;0,59
30,901;0,19;-0,18;0,42
30,913;0,34;0,01;-0,01
30,921;0,26;0,32;-0,56
30,932;0,09;0,57;-0,79
30,942;0,02;0,72;-0,54
30,953;-0,02;0,68;-0,07
30,961;-0,04;0,48;0,53
30,973;-0,01;0,23;0,93
30,981;-0,05;0,05;0,83
30,993;-0,30;-0,01;0,59
31,002;-0,27;-0,08;0,40
31,013;-0,18;-0,16;-0,35
31,021;-0,85;0,14;-3,25
31,033;-0,78;0,47;-2,94
31,042;0,19;0,58;-1,24
31,053;0,70;0,45;0,19
31,062;0,36;0,38;0,89
31,073;-0,08;0,19;1,37
31,081;-0,25;-0,03;1,58
31,092;-0,25;-0,18;1,51
31,101;-0,20;-0,16;1,15
31,112;-0,37;-0,13;1,04
31,121;-0,47;-0,39;0,69
31,132;-0,36;-0,74;-0,22
31,141;-0,58;-0,77;-1,30
31,153;-0,43;-0,42;-1,43
31,161;0,13;0,13;-0,67
31,172;0,71;0,48;0,20
31,181;0,89;0,48;0,79
31,193;0,66;0,31;0,96
31,201;0,14;0,08;0,95
31,213;-0,12;-0,22;1,15
31,221;-0,17;-0,46;1,73
31,232;-0,09;-0,46;1,69
31,241;-0,15;-0,48;0,56
31,252;-1,19;-0,17;-4,66
31,261;-0,88;0,34;-4,67
31,273;0,39;1,01;-1,43
31,281;0,85;0,78;1,39
31,292;0,36;0,29;1,75
31,302;-0,31;0,02;0,96
31,313;-0,57;-0,02;0,45
31,321;-0,40;0,11;-0,08
31,332;-0,45;0,18;-0,43
31,341;-0,30;0,08;-1,00
31,352;0,29;-0,25;-1,47
31,361;0,65;-0,38;-1,74
31,372;0,66;-0,22;-1,47
31,381;0,48;0,13;-0,75
31,393;0,43;0,17;-0,76
31,401;0,18;0,41;1,44
31,413;0,07;0,26;2,31
31,421;0,02;0,08;2,54
31,433;0,38;0,01;2,57
31,441;1,13;0,08;2,17
31,452;1,64;0,08;1,49
31,461;1,67;0,00;0,53
31,473;1,16;-0,20;-0,26
31,481;0,13;-0,54;-0,76
31,494;-0,83;-0,75;-0,76
31,501;-1,32;-0,95;-0,46
31,512;-1,42;-1,15;0,28
31,521;-1,29;-1,34;0,53
31,532;-1,15;-1,39;0,49
31,541;-0,68;-1,07;0,84
31,553;-0,03;-0,54;0,80
31,561;0,61;0,08;0,48
31,574;0,88;0,35;0,01
31,582;0,61;0,38;-0,30
31,592;0,49;0,67;-0,23
31,602;0,39;0,35;-0,37
31,613;0,20;0,58;-0,14
31,622;-0,03;0,26;-0,10
31,632;-0,11;-0,47;-0,21
31,641;-0,18;-0,83;0,16
31,652;-0,71;-1,15;0,57
31,661;-1,42;-1,01;0,87
31,673;-1,16;-0,71;0,34
31,682;-0,22;-0,29;-0,55
31,693;0,76;0,42;-1,17
31,701;1,38;1,08;-1,24
31,712;1,54;1,42;-1,08
31,724;1,21;0,81;-0,93
31,734;0,52;-0,25;-0,34
31,743;0,01;-0,61;0,02
31,756;-0,29;-0,72;0,33
31,764;-0,34;-0,68;0,85
31,774;-0,21;-0,74;1,17
31,784;-0,02;-0,59;0,91
31,795;0,18;-0,19;0,02
31,804;0,39;0,26;-1,18
31,814;0,30;0,45;-1,73
31,824;-0,06;0,23;-1,78
31,835;-0,39;-0,06;-1,27
31,845;-0,51;-0,17;-0,80
31,856;-0,50;-0,42;-0,32
31,865;-0,39;-0,42;0,19
31,876;-0,07;-0,48;0,18
31,885;0,13;-0,47;0,43
31,896;0,02;-0,58;1,03
31,905;-0,23;-0,66;1,18
31,916;-0,21;-0,45;0,77
31,925;-0,03;-0,24;0,09
31,937;0,04;-0,22;-0,52
31,945;-0,11;-0,36;-0,75
31,956;-0,31;-0,36;-0,38
31,965;-0,32;-0,28;0,50
31,976;0,16;-0,24;1,53
31,985;0,18;-0,65;1,22
31,996;-0,62;-1,05;0,64
32,005;-1,60;-0,82;0,66
32,016;-1,67;-0,42;0,81
32,026;-1,22;-0,66;1,06
32,035;-1,56;-0,86;1,26
32,044;-1,83;-0,77;0,34
32,055;-0,77;0,18;-0,29
32,064;0,35;0,37;-0,63
32,074;0,94;0,36;-1,19
32,084;1,51;0,62;-1,98
32,095;1,92;0,42;-1,99
32,104;1,63;-0,18;-1,71
32,134;1,25;-0,41;-1,32
32,134;0,95;0,41;-1,04
32,135;0,85;0,43;1,18
32,142;1,03;0,31;3,11
32,154;1,28;0,55;3,63
32,234;0,35;-0,60;0,61
32,243;0,54;-0,65;2,80
32,252;0,10;-0,14;3,85
32,262;0,19;0,33;3,46
32,377;0,29;0,35;0,61
32,378;0,04;0,20;-1,66
32,379;-0,67;0,30;-3,33
32,379;-1,16;0,29;-2,94
32,379;-1,08;0,23;-1,75
32,380;-0,46;0,02;0,87
32,380;0,18;-0,55;1,95
32,381;0,06;-0,53;1,39
32,381;0,62;0,05;0,88
32,381;0,61;0,05;0,88
32,382;1,75;0,53;1,37
32,383;2,04;0,59;0,94
32,394;1,45;0,97;-0,73
32,405;0,76;0,87;-1,04
32,412;-0,34;0,40;-1,26
32,433;-0,65;0,17;-1,10
32,434;-0,52;0,19;-0,67
32,444;0,02;0,47;-0,45
32,452;0,67;0,82;0,47
32,462;0,30;0,96;0,56
32,472;0,45;0,93;-0,31
32,482;0,39;0,81;-0,59
32,494;-0,04;0,67;-1,21
32,503;-0,60;0,43;-1,45
32,523;-0,70;0,09;-0,93
32,523;-0,50;0,00;-0,02
32,532;-0,31;0,10;0,97
32,543;-0,37;-0,10;1,47
32,551;-0,31;-0,34;1,51
32,562;-0,14;-0,43;1,25
32,571;0,26;-0,21;0,63
32,582;0,80;0,17;0,01
32,595;0,71;0,67;-0,14
32,603;0,12;0,97;-0,06
32,626;-0,84;0,75;0,04
32,626;-1,42;0,11;0,30
32,631;-1,93;-0,65;0,37
32,643;-1,94;-1,12;0,21
32,652;-1,58;-1,14;0,03
32,662;-1,36;-1,05;-0,06
32,671;-0,70;-0,76;0,06
32,682;0,56;-0,73;0,22
32,691;1,69;-0,30;-0,26
32,703;2,47;0,73;-0,71
32,722;1,74;1,98;-0,94
32,724;0,81;2,27;-0,72
32,731;-0,27;1,37;0,05
32,743;-0,50;0,01;0,76
32,751;-1,75;-0,93;1,17
32,762;-2,99;-1,45;1,08
32,771;-2,98;-1,47;0,41
32,782;-1,66;-0,69;-0,17
32,791;0,54;0,90;-0,22
32,802;2,26;2,47;-0,20
32,822;2,62;3,16;-0,51
32,823;2,27;2,86;-0,86
32,832;1,57;1,85;-0,86
32,842;0,25;0,45;-0,20
32,851;-1,12;-0,79;1,28
32,862;-1,33;-0,36;2,24
32,871;-0,73;-0,54;1,52
32,882;0,01;0,28;-0,89
32,891;-1,63;0,57;-2,00
32,903;-3,05;0,46;-1,33
32,924;-3,03;-0,49;-0,42
32,925;-2,00;-1,03;-0,50
32,933;-1,01;-0,65;-1,56
32,942;0,42;0,37;-2,31
32,951;1,81;1,60;-2,39
32,962;2,19;2,34;-1,88
32,971;1,37;2,14;-1,61
32,982;0,62;1,32;-1,93
32,991;-0,17;0,24;-2,40
